f1_avg_bitrate,f2_avg_bitrate,diff_avg_bitrate,ratio_avg_bitrate,jaccard_unique_artists,jaccard_unique_albums,f1_generic_filename_score,f2_generic_filename_score,diff_generic_filename_score,f1_generic_title_score,f2_generic_title_score,diff_generic_title_score,f1_has_art,f2_has_art,both_has_art,art_hashes_match,comp_file_hash_similarity,comp_file_size_similarity,comp_filename_similarity,comp_title_similarity,comp_album_similarity,comp_artist_similarity,comp_albumartist_similarity,comp_folder_name_similarity,comp_album_art_hash_similarity,comp_duration_similarity,comp_is_identical_by_hash,comp_avg_add_meta_similarity,comp_count_high_add_meta_similarity,target_label,label_source,folder1_path_id,folder2_path_id
128.0,128.0,0.0,1.0,0.0,0.0,0.29698772961930864,0.264503876615915,0.032483853003393626,1.0,1.0,0.0,0.0,0.0,0.0,0.0,0.0,0.8277449020114112,0.5847606630130813,0.5,0.9333333333333333,0.9375,0.9375,0.19047619047619047,0.0,0.6983068014176717,0.0,1.0,2.0,5.0,gemini_cached,D:\בעלי תשובה\אחישנה\לך ה' אלוקי,D:\בעלי תשובה\אסף נגל\אדיר במרום
32.0,32.0,0.0,1.0,1.0,1.0,0.0,0.0,0.0,0.0,0.0,0.0,0.0,0.0,0.0,0.0,0.0,1.0,0.875,0.75,0.0,0.0,0.0,0.48484848484848486,0.0,1.0,0.0,1.0,1.0,15.0,gemini_cached,D:\בעלי תשובה\ארז משה דורון\000[066] כסף,D:\בעלי תשובה\ארז משה דורון\000[068] להאמין בעצמו
32.0,32.0,0.0,1.0,1.0,1.0,0.0,0.0,0.0,0.0,0.0,0.0,0.0,0.0,0.0,0.0,0.0,1.0,0.875,0.75,0.0,0.0,0.0,0.5,0.0,0.9536024516629182,0.0,1.0,1.0,20.0,gemini_cached,D:\בעלי תשובה\ארז משה דורון\064 תמיד תלמיד,D:\בעלי תשובה\ארז משה דורון\065 שכל פנמי ושכל מקיף
32.0,32.0,0.0,1.0,1.0,1.0,0.0,0.0,0.0,0.0,0.0,0.0,0.0,0.0,0.0,0.0,0.0,1.0,0.875,0.75,0.0,0.0,0.0,0.43478260869565216,0.0,1.0,0.0,1.0,1.0,25.0,gemini_cached,D:\בעלי תשובה\ארז משה דורון\037 ליל הסדר,D:\בעלי תשובה\ארז משה דורון\053 להשתנות
32.0,32.0,0.0,1.0,1.0,1.0,0.0,0.0,0.0,0.0,0.0,0.0,0.0,0.0,0.0,0.0,0.0,1.0,0.875,0.75,0.0,0.0,0.0,0.42553191489361697,0.0,1.0,0.0,1.0,1.0,15.0,gemini_cached,D:\בעלי תשובה\ארז משה דורון\061 אמת לרחק ואמת לקרב,D:\בעלי תשובה\ארז משה דורון\062 להוציא מהכוח אל הפועל
32.0,32.0,0.0,1.0,1.0,1.0,0.0,0.0,0.0,0.0,0.0,0.0,0.0,0.0,0.0,0.0,0.0,1.0,0.875,0.75,0.0,0.0,0.0,0.41860465116279066,0.0,0.9606856216073173,0.0,1.0,1.0,15.0,gemini_cached,D:\בעלי תשובה\ארז משה דורון\063 מנהיגות יהודית,D:\בעלי תשובה\ארז משה דורון\062 להוציא מהכוח אל הפועל
32.0,32.0,0.0,1.0,1.0,1.0,0.0,0.0,0.0,0.0,0.0,0.0,0.0,0.0,0.0,0.0,0.0,0.9691741912843721,0.875,0.75,0.0,0.0,0.0,0.4,0.0,0.9519406151541415,0.0,1.0,1.0,15.0,gemini_cached,D:\בעלי תשובה\ארז משה דורון\061 אמת לרחק ואמת לקרב,D:\בעלי תשובה\ארז משה דורון\063 מנהיגות יהודית
32.0,32.0,0.0,1.0,1.0,1.0,0.0,0.0,0.0,0.0,0.0,0.0,0.0,0.0,0.0,0.0,0.0,0.9167312167978136,0.875,0.75,0.0,0.0,0.0,0.5,0.0,0.8968750697176644,0.0,1.0,1.0,15.0,gemini_cached,D:\בעלי תשובה\ארז משה דורון\063 מנהיגות יהודית,D:\בעלי תשובה\ארז משה דורון\064 תמיד תלמיד
32.0,32.0,0.0,1.0,1.0,1.0,0.0,0.0,0.0,0.0,0.0,0.0,0.0,0.0,0.0,0.0,0.0,0.9690439847338169,0.875,0.75,0.0,0.0,0.0,0.42105263157894735,0.0,0.9186879816004199,0.0,1.0,1.0,15.0,gemini_cached,D:\בעלי תשובה\ארז משה דורון\032 להמתיק את הדין,D:\בעלי תשובה\ארז משה דורון\038 לשלוט על המלאכים
32.0,32.0,0.0,1.0,1.0,1.0,0.0,0.0,0.0,0.0,0.0,0.0,0.0,0.0,0.0,0.0,0.0,0.939736605483116,0.875,0.75,0.0,0.0,0.0,0.38888888888888884,0.0,0.939736327568391,0.0,1.0,1.0,15.0,gemini_cached,D:\בעלי תשובה\ארז משה דורון\061 אמת לרחק ואמת לקרב,D:\בעלי תשובה\ארז משה דורון\064 תמיד תלמיד
32.0,32.0,0.0,1.0,1.0,1.0,0.0,0.0,0.0,0.0,0.0,0.0,0.0,0.0,0.0,0.0,0.0,0.9741865410589062,0.875,0.75,0.0,0.0,0.0,0.2962962962962963,0.0,0.9741864033903471,0.0,1.0,1.0,20.0,gemini_cached,D:\בעלי תשובה\ארז משה דורון\000[074] שלום,D:\בעלי תשובה\ארז משה דורון\064 תמיד תלמיד
32.0,32.0,0.0,1.0,1.0,1.0,0.0,0.0,0.0,0.0,0.0,0.0,0.0,0.0,0.0,0.0,0.0,0.8413229364553519,0.923076923076923,0.8,0.0,0.0,0.0,0.4242424242424242,0.0,0.8,0.0,1.0,1.0,15.0,gemini_cached,D:\בעלי תשובה\ארז משה דורון\001 תיקון הכללי,D:\בעלי תשובה\ארז משה דורון\012 אסור להיות זקן
32.0,32.0,0.0,1.0,1.0,1.0,0.0,0.0,0.0,0.0,0.0,0.0,0.0,0.0,0.0,0.0,0.0,0.8907239276923317,0.8571428571428573,0.8,0.0,0.0,0.0,0.3846153846153846,0.0,0.8907232668108008,0.0,1.0,1.0,15.0,gemini_cached,D:\בעלי תשובה\ארז משה דורון\002 בעל תפילה,D:\בעלי תשובה\ארז משה דורון\029 לראות טוב
32.0,32.0,0.0,1.0,1.0,1.0,0.0,0.0,0.0,0.0,0.0,0.0,0.0,0.0,0.0,0.0,0.0,0.9280689376890854,0.875,0.75,0.0,0.0,0.0,0.3829787234042554,0.0,0.9109904917072764,0.0,1.0,1.0,15.0,gemini_cached,D:\בעלי תשובה\ארז משה דורון\062 להוציא מהכוח אל הפועל,D:\בעלי תשובה\ארז משה דורון\065 שכל פנמי ושכל מקיף
32.0,32.0,0.0,1.0,1.0,1.0,0.0,0.0,0.0,0.0,0.0,0.0,0.0,0.0,0.0,0.0,0.0,0.9244391659382435,0.875,0.75,0.0,0.0,0.0,0.36363636363636365,0.0,0.9244388304624407,0.0,1.0,1.0,15.0,gemini_cached,D:\בעלי תשובה\ארז משה דורון\053 להשתנות,D:\בעלי תשובה\ארז משה דורון\065 שכל פנמי ושכל מקיף
32.0,32.0,0.0,1.0,1.0,1.0,0.0,0.0,0.0,0.0,0.0,0.0,0.0,0.0,0.0,0.0,0.0,0.8971453877592873,0.875,0.75,0.0,0.0,0.0,0.40909090909090906,0.0,0.8971449198923298,0.0,1.0,1.0,15.0,gemini_cached,D:\בעלי תשובה\ארז משה דורון\061 אמת לרחק ואמת לקרב,D:\בעלי תשובה\ארז משה דורון\065 שכל פנמי ושכל מקיף
32.0,32.0,0.0,1.0,1.0,1.0,0.0,0.0,0.0,0.0,0.0,0.0,0.0,0.0,0.0,0.0,0.0,0.9010125389154096,0.875,0.75,0.0,0.0,0.0,0.4,0.0,0.9010120766526162,0.0,1.0,1.0,15.0,gemini_cached,D:\בעלי תשובה\ארז משה דורון\063 מנהיגות יהודית,D:\בעלי תשובה\ארז משה דורון\065 שכל פנמי ושכל מקיף
32.0,32.0,0.0,1.0,1.0,1.0,0.0,0.0,0.0,0.0,0.0,0.0,0.0,0.0,0.0,0.0,0.0,0.9459704214089562,0.875,0.75,0.0,0.0,0.0,0.3076923076923077,0.0,0.9459701700890212,0.0,1.0,1.0,15.0,gemini_cached,D:\בעלי תשובה\ארז משה דורון\062 להוציא מהכוח אל הפועל,D:\בעלי תשובה\ארז משה דורון\064 תמיד תלמיד
320.0,320.0,0.0,1.0,0.0,0.0,0.45042736031577224,0.4637226853878569,0.01329532507208464,0.45042736031577224,0.4626829626472544,0.012255602331482152,0.0,0.0,0.0,0.0,0.0,0.5650996009260406,0.5629768912869105,0.41594096874776715,0.9000000000000002,0.39024390243902435,0.39024390243902435,0.9,0.0,0.27117457810075796,0.0,1.0,1.0,15.0,gemini_cached,D:\בעלי תשובה\יאיר כלב\הרב יאיר כלב ולהקת א גרויסע מציאה\עצם הנשמה,D:\בעלי תשובה\יאיר כלב\עצם הנשמה 3
96.0,96.0,0.0,1.0,0.0,0.0,0.22190442340597138,0.24974139732911663,0.027836973923145242,0.22190442340597138,0.24974139732911663,0.027836973923145242,0.0,0.0,0.0,0.0,0.0,0.6733531160447823,0.6064849753521481,0.4311484851204194,0.7096774193548389,0.7096774193548389,0.7096774193548389,0.19999999999999996,0.0,0.49705740155521233,0.0,1.0,2.0,5.0,gemini_cached,D:\בעלי תשובה\קול אחי\הללו,D:\בעלי תשובה\קול אחי\השקיפה
32.0,32.0,0.0,1.0,1.0,1.0,0.0,0.0,0.0,0.0,0.0,0.0,0.0,0.0,0.0,0.0,0.0,0.9477052392547396,0.8571428571428572,0.6666666666666667,0.0,0.0,0.0,0.4285714285714286,0.0,0.9477049932665078,0.0,1.0,1.0,15.0,gemini_cached,D:\בעלי תשובה\ארז משה דורון\003 שמחה מתוך צער,D:\בעלי תשובה\ארז משה דורון\053 להשתנות
32.0,32.0,0.0,1.0,1.0,1.0,0.0,0.0,0.0,0.0,0.0,0.0,0.0,0.0,0.0,0.0,0.0,0.917733336917087,0.875,0.75,0.0,0.0,0.0,0.31999999999999995,0.0,0.9177329675378284,0.0,1.0,1.0,15.0,gemini_cached,D:\בעלי תשובה\ארז משה דורון\000[074] שלום,D:\בעלי תשובה\ארז משה דורון\037 ליל הסדר
32.0,32.0,0.0,1.0,1.0,1.0,0.0,0.0,0.0,0.0,0.0,0.0,0.0,0.0,0.0,0.0,0.0,0.9432777678861112,0.8571428571428573,0.6666666666666669,0.0,0.0,0.0,0.4,0.0,0.9291215553774294,0.0,1.0,1.0,15.0,gemini_cached,D:\בעלי תשובה\ארז משה דורון\020 להדבק באין סוף,D:\בעלי תשובה\ארז משה דורון\021 טוב להודות לה
32.0,32.0,0.0,1.0,1.0,1.0,0.0,0.0,0.0,0.0,0.0,0.0,0.0,0.0,0.0,0.0,0.0,0.972962470990592,0.8571428571428572,0.6666666666666667,0.0,0.0,0.0,0.3448275862068966,0.0,0.9534788316713523,0.0,1.0,1.0,20.0,gemini_cached,D:\בעלי תשובה\ארז משה דורון\003 שמחה מתוך צער,D:\בעלי תשובה\ארז משה דורון\037 ליל הסדר
32.0,32.0,0.0,1.0,1.0,1.0,0.0,0.0,0.0,0.0,0.0,0.0,0.0,0.0,0.0,0.0,0.0,0.8104136786509029,0.8571428571428573,0.8,0.0,0.0,0.0,0.5,0.0,0.7177003896187579,0.0,1.0,1.0,15.0,gemini_cached,D:\בעלי תשובה\ארז משה דורון\000[023] מעלת השמחה,D:\בעלי תשובה\ארז משה דורון\002 בעל תפילה
32.0,32.0,0.0,1.0,1.0,1.0,0.0,0.0,0.0,0.0,0.0,0.0,0.0,0.0,0.0,0.0,0.0,0.8235895141063365,0.923076923076923,0.8,0.0,0.0,0.0,0.37209302325581395,0.0,0.7127526404301427,0.0,1.0,1.0,5.0,gemini_cached,D:\בעלי תשובה\ארז משה דורון\004 זוגיות רוחנית,D:\בעלי תשובה\ארז משה דורון\014 אין שום יאוש בעולם כלל
32.0,32.0,0.0,1.0,1.0,1.0,0.0,0.0,0.0,0.0,0.0,0.0,0.0,0.0,0.0,0.0,0.0,0.9066784841965816,0.875,0.75,0.0,0.0,0.0,0.3902439024390244,0.0,0.7512819410292371,0.0,1.0,1.0,15.0,gemini_cached,D:\בעלי תשובה\ארז משה דורון\032 להמתיק את הדין,D:\בעלי תשובה\ארז משה דורון\052 אין כל חדש תחת השמש
32.0,32.0,0.0,1.0,1.0,1.0,0.0,0.0,0.0,0.0,0.0,0.0,0.0,0.0,0.0,0.0,0.0,0.861407572710558,0.875,0.75,0.0,0.0,0.0,0.48275862068965514,0.0,0.6974249922386644,0.0,1.0,1.0,25.0,gemini_cached,D:\בעלי תשובה\ארז משה דורון\053 להשתנות,D:\בעלי תשובה\ארז משה דורון\063 מנהיגות יהודית
32.0,32.0,0.0,1.0,1.0,1.0,0.0,0.0,0.0,0.0,0.0,0.0,0.0,0.0,0.0,0.0,0.0,0.9174797054062083,0.8571428571428573,0.6666666666666669,0.0,0.0,0.0,0.3783783783783784,0.0,0.8929236752260546,0.0,1.0,1.0,10.0,gemini_cached,D:\בעלי תשובה\ארז משה דורון\010 ארץ אוכלת יושביה,D:\בעלי תשובה\ארז משה דורון\017 מדטציה יהודית
32.0,32.0,0.0,1.0,1.0,1.0,0.0,0.0,0.0,0.0,0.0,0.0,0.0,0.0,0.0,0.0,0.0,0.8544013202389202,0.875,0.75,0.0,0.0,0.0,0.4545454545454546,0.0,0.7220369524550554,0.0,1.0,1.0,15.0,gemini_cached,D:\בעלי תשובה\ארז משה דורון\036 חנוכה,D:\בעלי תשובה\ארז משה דורון\093 ישוב הדעת
32.0,32.0,0.0,1.0,1.0,1.0,0.0,0.0,0.0,0.0,0.0,0.0,0.0,0.0,0.0,0.0,0.0,0.8867119159929082,0.875,0.75,0.0,0.0,0.0,0.3414634146341463,0.0,0.8,0.0,1.0,1.0,15.0,gemini_cached,D:\בעלי תשובה\ארז משה דורון\000[068] להאמין בעצמו,D:\בעלי תשובה\ארז משה דורון\038 לשלוט על המלאכים
32.0,32.0,0.0,1.0,1.0,1.0,0.0,0.0,0.0,0.0,0.0,0.0,0.0,0.0,0.0,0.0,0.0,0.8644186910329783,0.875,0.75,0.0,0.0,0.0,0.4666666666666666,0.0,0.6958733600211905,0.0,1.0,1.0,15.0,gemini_cached,D:\בעלי תשובה\ארז משה דורון\037 ליל הסדר,D:\בעלי תשובה\ארז משה דורון\063 מנהיגות יהודית
32.0,32.0,0.0,1.0,1.0,1.0,0.0,0.0,0.0,0.0,0.0,0.0,0.0,0.0,0.0,0.0,0.0,0.9469206956637586,0.8,0.5714285714285714,0.0,0.0,0.0,0.5161290322580645,0.0,0.9469204814971826,0.0,1.0,1.0,15.0,gemini_cached,D:\בעלי תשובה\ארז משה דורון\037 ליל הסדר,D:\בעלי תשובה\ארז משה דורון\060 לבטל את היסורים
32.0,32.0,0.0,1.0,1.0,1.0,0.0,0.0,0.0,0.0,0.0,0.0,0.0,0.0,0.0,0.0,0.0,0.7814983279399724,0.9333333333333332,0.6666666666666667,0.0,0.0,0.0,0.4516129032258065,0.0,0.7672445889379094,0.0,1.0,1.0,15.0,gemini_cached,D:\בעלי תשובה\ארז משה דורון\002 בעל תפילה,D:\בעלי תשובה\ארז משה דורון\032 להמתיק את הדין
32.0,32.0,0.0,1.0,1.0,1.0,0.0,0.0,0.0,0.0,0.0,0.0,0.0,0.0,0.0,0.0,0.0,0.7891351017395546,0.9333333333333332,0.6666666666666667,0.0,0.0,0.0,0.38888888888888884,0.0,0.789133705444638,0.0,1.0,1.0,15.0,gemini_cached,D:\בעלי תשובה\ארז משה דורון\052 אין כל חדש תחת השמש,D:\בעלי תשובה\ארז משה דורון\002 בעל תפילה
32.0,32.0,0.0,1.0,1.0,1.0,0.0,0.0,0.0,0.0,0.0,0.0,0.0,0.0,0.0,0.0,0.0,0.6121631656184684,0.875,0.75,0.0,0.0,0.0,0.4516129032258065,0.0,0.45725776833415316,0.0,1.0,1.0,15.0,gemini_cached,D:\בעלי תשובה\ארז משה דורון\093 ישוב הדעת,D:\בעלי תשובה\ארז משה דורון\032 להמתיק את הדין
32.0,32.0,0.0,1.0,1.0,1.0,0.0,0.0,0.0,0.0,0.0,0.0,0.0,0.0,0.0,0.0,0.0,0.9366116602016168,0.75,0.5,0.0,0.0,0.0,0.21052631578947367,0.0,0.9172156153368464,0.0,1.0,1.0,15.0,gemini_cached,D:\בעלי תשובה\ארז משה דורון\062 להוציא מהכוח אל הפועל,D:\בעלי תשובה\ארז משה דורון\000[074] שלום
32.0,32.0,0.0,1.0,1.0,1.0,0.0,0.0,0.0,0.0,0.0,0.0,0.0,0.0,0.0,0.0,0.0,1.0,0.6666666666666667,0.3571428571428571,0.0,0.0,0.0,0.3703703703703704,0.0,1.0,0.0,1.0,1.0,25.0,gemini_cached,D:\בעלי תשובה\ארז משה דורון\037 ליל הסדר,D:\בעלי תשובה\ארז משה דורון\032 תשובה מאהבה
128.0,128.0,0.0,1.0,0.0,0.0,1.0,0.39919417184261435,0.6008058281573856,0.3076843579947969,0.25183269050770285,0.055851667487094026,0.0,0.0,0.0,0.0,0.0,1.0,0.20431400024466395,0.5798756149633343,0.0,0.0,0.0,0.8333333333333335,0.0,1.0,0.0,1.0,1.0,95.0,gemini_cached,D:\בעלי תשובה\מיקי רוזנבאום\פסיפס,D:\בעלי תשובה\מיקי רוזנבאום\פסיפס-2
32.0,32.0,0.0,1.0,1.0,1.0,0.0,0.0,0.0,0.0,0.0,0.0,0.0,0.0,0.0,0.0,0.0,0.8086970118126866,0.8571428571428573,0.6666666666666667,0.0,0.0,0.0,0.5185185185185186,0.0,0.6742334239433656,0.0,1.0,1.0,5.0,gemini_cached,D:\בעלי תשובה\ארז משה דורון\029 לראות טוב,D:\בעלי תשובה\ארז משה דורון\025 שלוש אהבות
32.0,32.0,0.0,1.0,1.0,1.0,0.0,0.0,0.0,0.0,0.0,0.0,0.0,0.0,0.0,0.0,0.0,1.0,0.6666666666666667,0.3571428571428571,0.0,0.0,0.0,0.3846153846153846,0.0,1.0,0.0,1.0,1.0,95.0,gemini_cached,D:\בעלי תשובה\ארז משה דורון\032 תשובה מאהבה,D:\בעלי תשובה\ארז משה דורון\053 להשתנות
32.0,32.0,0.0,1.0,1.0,1.0,0.0,0.0,0.0,0.0,0.0,0.0,0.0,0.0,0.0,0.0,0.0,0.6699943894573124,0.8571428571428573,0.6666666666666667,0.0,0.0,0.0,0.4516129032258065,0.0,0.56472309645939,0.0,1.0,1.0,18.0,gemini_cached,D:\בעלי תשובה\ארז משה דורון\012 אסור להיות זקן,D:\בעלי תשובה\ארז משה דורון\029 לראות טוב
32.0,32.0,0.0,1.0,1.0,1.0,0.0,0.0,0.0,0.0,0.0,0.0,0.0,0.0,0.0,0.0,0.0,0.7574633197027637,0.8571428571428573,0.6666666666666667,0.0,0.0,0.0,0.36363636363636365,0.0,0.6446076372468332,0.0,1.0,1.0,15.0,gemini_cached,D:\בעלי תשובה\ארז משה דורון\000[023] מעלת השמחה,D:\בעלי תשובה\ארז משה דורון\025 שלוש אהבות
32.0,32.0,0.0,1.0,1.0,1.0,0.0,0.0,0.0,0.0,0.0,0.0,0.0,0.0,0.0,0.0,0.0,0.6583635281906617,0.875,0.75,0.0,0.0,0.0,0.3448275862068966,0.0,0.4395913174118934,0.0,1.0,1.0,10.0,gemini_cached,D:\בעלי תשובה\ארז משה דורון\036 חנוכה,D:\בעלי תשובה\ארז משה דורון\038 לשלוט על המלאכים
32.0,32.0,0.0,1.0,1.0,1.0,0.0,0.0,0.0,0.0,0.0,0.0,0.0,0.0,0.0,0.0,0.0,0.975105152160794,0.8,0.5714285714285714,0.0,0.0,0.0,0.3571428571428571,0.0,0.9601435260686519,0.0,1.0,1.0,15.0,gemini_cached,D:\בעלי תשובה\ארז משה דורון\000[023] מעלת השמחה,D:\בעלי תשובה\ארז משה דורון\036 חנוכה
32.0,32.0,0.0,1.0,1.0,1.0,0.0,0.0,0.0,0.0,0.0,0.0,0.0,0.0,0.0,0.0,0.0,1.0,0.75,0.5,0.0,0.0,0.0,0.31818181818181823,0.0,1.0,0.0,1.0,1.0,15.0,gemini_cached,D:\בעלי תשובה\ארז משה דורון\052 אין כל חדש תחת השמש,D:\בעלי תשובה\ארז משה דורון\000[068] להאמין בעצמו
32.0,32.0,0.0,1.0,1.0,1.0,0.0,0.0,0.0,0.0,0.0,0.0,0.0,0.0,0.0,0.0,0.0,0.5041015493014935,0.923076923076923,0.8,0.0,0.0,0.0,0.4285714285714286,0.0,0.43513159134767765,0.0,1.0,1.0,5.0,gemini_cached,D:\בעלי תשובה\ארז משה דורון\025 שלוש אהבות,D:\בעלי תשובה\ארז משה דורון\005 ניקוי הראש
32.0,32.0,0.0,1.0,1.0,1.0,0.0,0.0,0.0,0.0,0.0,0.0,0.0,0.0,0.0,0.0,0.0,0.7458169541803898,0.8571428571428573,0.6666666666666667,0.0,0.0,0.0,0.5,0.0,0.5325758512203049,0.0,1.0,1.0,15.0,gemini_cached,D:\בעלי תשובה\ארז משה דורון\025 שלוש אהבות,D:\בעלי תשובה\ארז משה דורון\012 אסור להיות זקן
32.0,32.0,0.0,1.0,1.0,1.0,0.0,0.0,0.0,0.0,0.0,0.0,0.0,0.0,0.0,0.0,0.0,0.8508191802308154,0.75,0.5,0.0,0.0,0.0,0.35,0.0,0.8508181141353803,0.0,1.0,1.0,15.0,gemini_cached,D:\בעלי תשובה\ארז משה דורון\000[068] להאמין בעצמו,D:\בעלי תשובה\ארז משה דורון\079 הגיע זמן הגאולה
32.0,32.0,0.0,1.0,1.0,1.0,0.0,0.0,0.0,0.0,0.0,0.0,0.0,0.0,0.0,0.0,0.0,0.6853448503297936,0.875,0.75,0.0,0.0,0.0,0.3870967741935484,0.0,0.38449714316279104,0.0,1.0,1.0,10.0,gemini_cached,D:\בעלי תשובה\ארז משה דורון\000[074] שלום,D:\בעלי תשובה\ארז משה דורון\034 אש רוח מים עפר
32.0,32.0,0.0,1.0,1.0,1.0,0.0,0.0,0.0,0.0,0.0,0.0,0.0,0.0,0.0,0.0,0.0,0.9307793758319052,0.8,0.5714285714285714,0.0,0.0,0.0,0.4390243902439024,0.0,0.9307790682585838,0.0,1.0,1.0,15.0,gemini_cached,D:\בעלי תשובה\ארז משה דורון\061 אמת לרחק ואמת לקרב,D:\בעלי תשובה\ארז משה דורון\060 לבטל את היסורים
32.0,32.0,0.0,1.0,1.0,1.0,0.0,0.0,0.0,0.0,0.0,0.0,0.0,0.0,0.0,0.0,0.0,0.8887676488866723,0.8,0.5714285714285714,0.0,0.0,0.0,0.5,0.0,0.7682998273689668,0.0,1.0,1.0,15.0,gemini_cached,D:\בעלי תשובה\ארז משה דורון\012 אסור להיות זקן,D:\בעלי תשובה\ארז משה דורון\032 להמתיק את הדין
32.0,32.0,0.0,1.0,1.0,1.0,0.0,0.0,0.0,0.0,0.0,0.0,0.0,0.0,0.0,0.0,0.0,0.7335481567893549,0.8333333333333336,0.5,0.0,0.0,0.0,0.4375,0.0,0.7335467276977731,0.0,1.0,1.0,5.0,gemini_cached,D:\בעלי תשובה\ארז משה דורון\001 תיקון הכללי,D:\בעלי תשובה\ארז משה דורון\004 זוגיות רוחנית
32.0,32.0,0.0,1.0,1.0,1.0,0.0,0.0,0.0,0.0,0.0,0.0,0.0,0.0,0.0,0.0,0.0,0.9713121608297137,0.8,0.5714285714285714,0.0,0.0,0.0,0.375,0.0,0.9713120083384698,0.0,1.0,1.0,15.0,gemini_cached,D:\בעלי תשובה\ארז משה דורון\060 לבטל את היסורים,D:\בעלי תשובה\ארז משה דורון\000[074] שלום
32.0,32.0,0.0,1.0,1.0,1.0,0.0,0.0,0.0,0.0,0.0,0.0,0.0,0.0,0.0,0.0,0.0,0.9735363867555654,0.8,0.5714285714285714,0.0,0.0,0.0,0.3902439024390244,0.0,0.9735362450179382,0.0,1.0,1.0,15.0,gemini_cached,D:\בעלי תשובה\ארז משה דורון\060 לבטל את היסורים,D:\בעלי תשובה\ארז משה דורון\065 שכל פנמי ושכל מקיף
32.0,32.0,0.0,1.0,1.0,1.0,0.0,0.0,0.0,0.0,0.0,0.0,0.0,0.0,0.0,0.0,0.0,0.9046516513328211,0.8,0.5714285714285714,0.0,0.0,0.0,0.4324324324324324,0.0,0.8842050973209794,0.0,1.0,1.0,15.0,gemini_cached,D:\בעלי תשובה\ארז משה דורון\060 לבטל את היסורים,D:\בעלי תשובה\ארז משה דורון\063 מנהיגות יהודית
32.0,32.0,0.0,1.0,1.0,1.0,0.0,0.0,0.0,0.0,0.0,0.0,0.0,0.0,0.0,0.0,0.0,1.0,0.8,0.5714285714285714,0.0,0.0,0.0,0.36363636363636365,0.0,1.0,0.0,1.0,1.0,15.0,gemini_cached,D:\בעלי תשובה\ארז משה דורון\064 תמיד תלמיד,D:\בעלי תשובה\ארז משה דורון\060 לבטל את היסורים
32.0,32.0,0.0,1.0,1.0,1.0,0.0,0.0,0.0,0.0,0.0,0.0,0.0,0.0,0.0,0.0,0.0,0.7861310512971118,0.8571428571428573,0.8,0.0,0.0,0.0,0.4444444444444444,0.0,0.6798425604103308,0.0,1.0,1.0,5.0,gemini_cached,D:\בעלי תשובה\ארז משה דורון\002 בעל תפילה,D:\בעלי תשובה\ארז משה דורון\025 שלוש אהבות
32.0,32.0,0.0,1.0,1.0,1.0,0.0,0.0,0.0,0.0,0.0,0.0,0.0,0.0,0.0,0.0,0.0,0.7444459456173224,0.8571428571428573,0.6666666666666669,0.0,0.0,0.0,0.5294117647058824,0.0,0.44206068556292494,0.0,1.0,1.0,15.0,gemini_cached,D:\בעלי תשובה\ארז משה דורון\017 מדטציה יהודית,D:\בעלי תשובה\ארז משה דורון\021 טוב להודות לה
32.0,32.0,0.0,1.0,1.0,1.0,0.0,0.0,0.0,0.0,0.0,0.0,0.0,0.0,0.0,0.0,0.0,0.8752959571543208,0.7692307692307692,0.5,0.0,0.0,0.0,0.33333333333333337,0.0,0.7793902692682346,0.0,1.0,1.0,15.0,gemini_cached,D:\בעלי תשובה\ארז משה דורון\004 זוגיות רוחנית,D:\בעלי תשובה\ארז משה דורון\002 בעל תפילה
32.0,32.0,0.0,1.0,1.0,1.0,0.0,0.0,0.0,0.0,0.0,0.0,0.0,0.0,0.0,0.0,0.0,0.7861740678823013,0.8,0.5714285714285714,0.0,0.0,0.0,0.4375,0.0,0.6792839356882836,0.0,1.0,1.0,15.0,gemini_cached,D:\בעלי תשובה\ארז משה דורון\025 שלוש אהבות,D:\בעלי תשובה\ארז משה דורון\032 להמתיק את הדין
32.0,32.0,0.0,1.0,1.0,1.0,0.0,0.0,0.0,0.0,0.0,0.0,0.0,0.0,0.0,0.0,0.0,0.8970752635494588,0.75,0.5,0.0,0.0,0.0,0.3783783783783784,0.0,0.75,0.0,1.0,1.0,10.0,gemini_cached,D:\בעלי תשובה\ארז משה דורון\062 להוציא מהכוח אל הפועל,D:\בעלי תשובה\ארז משה דורון\037 ליל הסדר
32.0,32.0,0.0,1.0,1.0,1.0,0.0,0.0,0.0,0.0,0.0,0.0,0.0,0.0,0.0,0.0,0.0,0.6288159372916896,0.875,0.75,0.0,0.0,0.0,0.4242424242424242,0.0,0.3489344787575687,0.0,1.0,1.0,5.0,gemini_cached,D:\בעלי תשובה\ארז משה דורון\038 לשלוט על המלאכים,D:\בעלי תשובה\ארז משה דורון\093 ישוב הדעת
32.0,32.0,0.0,1.0,1.0,1.0,0.0,0.0,0.0,0.0,0.0,0.0,0.0,0.0,0.0,0.0,0.0,0.7325863871149099,0.923076923076923,0.8,0.0,0.0,0.0,0.4390243902439024,0.0,0.6179584019973553,0.0,1.0,1.0,15.0,gemini_cached,D:\בעלי תשובה\ארז משה דורון\014 אין שום יאוש בעולם כלל,D:\בעלי תשובה\ארז משה דורון\001 תיקון הכללי
32.0,32.0,0.0,1.0,1.0,1.0,0.0,0.0,0.0,0.0,0.0,0.0,0.0,0.0,0.0,0.0,0.0,0.8410986780181575,0.75,0.5,0.0,0.0,0.0,0.3783783783783784,0.0,0.825437646557516,0.0,1.0,1.0,20.0,gemini_cached,D:\בעלי תשובה\ארז משה דורון\079 הגיע זמן הגאולה,D:\בעלי תשובה\ארז משה דורון\032 להמתיק את הדין
32.0,32.0,0.0,1.0,1.0,1.0,0.0,0.0,0.0,0.0,0.0,0.0,0.0,0.0,0.0,0.0,0.0,0.6249399699795491,0.875,0.75,0.0,0.0,0.0,0.2962962962962963,0.0,0.5482076062667183,0.0,1.0,1.0,15.0,gemini_cached,D:\בעלי תשובה\ארז משה דורון\036 חנוכה,D:\בעלי תשובה\ארז משה דורון\032 להמתיק את הדין
32.0,32.0,0.0,1.0,1.0,1.0,0.0,0.0,0.0,0.0,0.0,0.0,0.0,0.0,0.0,0.0,0.0,0.9313043915480552,0.75,0.5,0.0,0.0,0.0,0.31999999999999995,0.0,0.9313041250356848,0.0,1.0,1.0,15.0,gemini_cached,D:\בעלי תשובה\ארז משה דורון\064 תמיד תלמיד,D:\בעלי תשובה\ארז משה דורון\053 להשתנות
32.0,32.0,0.0,1.0,1.0,1.0,0.0,0.0,0.0,0.0,0.0,0.0,0.0,0.0,0.0,0.0,0.0,0.7454841053914542,0.8333333333333336,0.5,0.0,0.0,0.0,0.48275862068965514,0.0,0.6416836426811068,0.0,1.0,1.0,15.0,gemini_cached,D:\בעלי תשובה\ארז משה דורון\001 תיקון הכללי,D:\בעלי תשובה\ארז משה דורון\009 סיפור אישי
32.0,32.0,0.0,1.0,1.0,1.0,0.0,0.0,0.0,0.0,0.0,0.0,0.0,0.0,0.0,0.0,0.0,0.6635162462983445,0.875,0.75,0.0,0.0,0.0,0.4,0.0,0.3479705911420262,0.0,1.0,1.0,15.0,gemini_cached,D:\בעלי תשובה\ארז משה דורון\037 ליל הסדר,D:\בעלי תשובה\ארז משה דורון\034 אש רוח מים עפר
32.0,32.0,0.0,1.0,1.0,1.0,0.0,0.0,0.0,0.0,0.0,0.0,0.0,0.0,0.0,0.0,0.0,0.883045274370353,0.8571428571428572,0.6666666666666667,0.0,0.0,0.0,0.4,0.0,0.7235960641734969,0.0,1.0,1.0,15.0,gemini_cached,D:\בעלי תשובה\ארז משה דורון\063 מנהיגות יהודית,D:\בעלי תשובה\ארז משה דורון\003 שמחה מתוך צער
32.0,32.0,0.0,1.0,1.0,1.0,0.0,0.0,0.0,0.0,0.0,0.0,0.0,0.0,0.0,0.0,0.0,0.865039471428006,0.8571428571428573,0.6666666666666669,0.0,0.0,0.0,0.39130434782608686,0.0,0.853476884151938,0.0,1.0,1.0,15.0,gemini_cached,D:\בעלי תשובה\ארז משה דורון\021 טוב להודות לה,D:\בעלי תשובה\ארז משה דורון\000[022] איך זוכים לחיות באמת
32.0,32.0,0.0,1.0,1.0,1.0,0.0,0.0,0.0,0.0,0.0,0.0,0.0,0.0,0.0,0.0,0.0,0.9371459996775536,0.7692307692307692,0.4,0.0,0.0,0.0,0.38888888888888884,0.0,0.937145701767517,0.0,1.0,1.0,15.0,gemini_cached,D:\בעלי תשובה\ארז משה דורון\060 לבטל את היסורים,D:\בעלי תשובה\ארז משה דורון\003 שמחה מתוך צער
32.0,32.0,0.0,1.0,1.0,1.0,0.0,0.0,0.0,0.0,0.0,0.0,0.0,0.0,0.0,0.0,0.0,0.9365448581933163,0.75,0.5,0.0,0.0,0.0,0.19354838709677424,0.0,0.914231782849838,0.0,1.0,1.0,25.0,gemini_cached,D:\בעלי תשובה\ארז משה דורון\063 מנהיגות יהודית,D:\בעלי תשובה\ארז משה דורון\000[074] שלום
32.0,32.0,0.0,1.0,1.0,1.0,0.0,0.0,0.0,0.0,0.0,0.0,0.0,0.0,0.0,0.0,0.0,0.7136099933964658,0.875,0.75,0.0,0.0,0.0,0.375,0.0,0.3964150538344783,0.0,1.0,1.0,10.0,gemini_cached,D:\בעלי תשובה\ארז משה דורון\064 תמיד תלמיד,D:\בעלי תשובה\ארז משה דורון\034 אש רוח מים עפר
32.0,32.0,0.0,1.0,1.0,1.0,0.0,0.0,0.0,0.0,0.0,0.0,0.0,0.0,0.0,0.0,0.0,0.8714616794439184,0.7692307692307692,0.4,0.0,0.0,0.0,0.3870967741935484,0.0,0.8714608856145704,0.0,1.0,1.0,15.0,gemini_cached,D:\בעלי תשובה\ארז משה דורון\004 זוגיות רוחנית,D:\בעלי תשובה\ארז משה דורון\025 שלוש אהבות
32.0,32.0,0.0,1.0,1.0,1.0,0.0,0.0,0.0,0.0,0.0,0.0,0.0,0.0,0.0,0.0,0.0,0.7546584828305183,0.8571428571428573,0.8,0.0,0.0,0.0,0.3870967741935484,0.0,0.631907927953766,0.0,1.0,1.0,10.0,gemini_cached,D:\בעלי תשובה\ארז משה דורון\012 אסור להיות זקן,D:\בעלי תשובה\ארז משה דורון\002 בעל תפילה
32.0,32.0,0.0,1.0,1.0,1.0,0.0,0.0,0.0,0.0,0.0,0.0,0.0,0.0,0.0,0.0,0.0,0.8468205791043729,0.75,0.5,0.0,0.0,0.0,0.33333333333333337,0.0,0.84681951106984,0.0,1.0,1.0,15.0,gemini_cached,D:\בעלי תשובה\ארז משה דורון\052 אין כל חדש תחת השמש,D:\בעלי תשובה\ארז משה דורון\079 הגיע זמן הגאולה
32.0,32.0,0.0,1.0,1.0,1.0,0.0,0.0,0.0,0.0,0.0,0.0,0.0,0.0,0.0,0.0,0.0,0.839787229520641,0.75,0.5,0.0,0.0,0.0,0.3076923076923077,0.0,0.8397862211793701,0.0,1.0,1.0,10.0,gemini_cached,D:\בעלי תשובה\ארז משה דורון\079 הגיע זמן הגאולה,D:\בעלי תשובה\ארז משה דורון\038 לשלוט על המלאכים
32.0,32.0,0.0,1.0,1.0,1.0,0.0,0.0,0.0,0.0,0.0,0.0,0.0,0.0,0.0,0.0,0.0,0.9019353358373965,0.8571428571428573,0.6666666666666669,0.0,0.0,0.0,0.2978723404255319,0.0,0.9019344448679729,0.0,1.0,1.0,15.0,gemini_cached,D:\בעלי תשובה\ארז משה דורון\000[022] איך זוכים לחיות באמת,D:\בעלי תשובה\ארז משה דורון\020 להדבק באין סוף
32.0,32.0,0.0,1.0,1.0,1.0,0.0,0.0,0.0,0.0,0.0,0.0,0.0,0.0,0.0,0.0,0.0,0.9294039556009477,0.75,0.5,0.0,0.0,0.0,0.3529411764705882,0.0,0.9294036328742239,0.0,1.0,1.0,15.0,gemini_cached,D:\בעלי תשובה\ארז משה דורון\037 ליל הסדר,D:\בעלי תשובה\ארז משה דורון\065 שכל פנמי ושכל מקיף
32.0,32.0,0.0,1.0,1.0,1.0,0.0,0.0,0.0,0.0,0.0,0.0,0.0,0.0,0.0,0.0,0.0,0.8055287638140903,0.8571428571428573,0.6666666666666667,0.0,0.0,0.0,0.375,0.0,0.7487939246745461,0.0,1.0,1.0,15.0,gemini_cached,D:\בעלי תשובה\ארז משה דורון\029 לראות טוב,D:\בעלי תשובה\ארז משה דורון\000[023] מעלת השמחה
32.0,32.0,0.0,1.0,1.0,1.0,0.0,0.0,0.0,0.0,0.0,0.0,0.0,0.0,0.0,0.0,0.0,0.6044681380207982,0.875,0.75,0.0,0.0,0.0,0.38095238095238093,0.0,0.4353143614130701,0.0,1.0,1.0,5.0,gemini_cached,D:\בעלי תשובה\ארז משה דורון\036 חנוכה,D:\בעלי תשובה\ארז משה דורון\000[066] כסף
32.0,32.0,0.0,1.0,1.0,1.0,0.0,0.0,0.0,0.0,0.0,0.0,0.0,0.0,0.0,0.0,0.0,0.5794080223144432,0.923076923076923,0.7999999999999999,0.0,0.0,0.0,0.5294117647058824,0.0,0.345890329433689,0.0,1.0,1.0,10.0,gemini_cached,D:\בעלי תשובה\ארז משה דורון\007 המסיבה הגדולה,D:\בעלי תשובה\ארז משה דורון\017 מדטציה יהודית
32.0,32.0,0.0,1.0,1.0,1.0,0.0,0.0,0.0,0.0,0.0,0.0,0.0,0.0,0.0,0.0,0.0,0.6862133466467262,0.8571428571428573,0.6666666666666667,0.0,0.0,0.0,0.4117647058823529,0.0,0.6153002859605717,0.0,1.0,1.0,8.0,gemini_cached,D:\בעלי תשובה\ארז משה דורון\000[023] מעלת השמחה,D:\בעלי תשובה\ארז משה דורון\013 צא אל השדות
32.0,32.0,0.0,1.0,1.0,1.0,0.0,0.0,0.0,0.0,0.0,0.0,0.0,0.0,0.0,0.0,0.0,0.9367189010450547,0.8,0.5714285714285714,0.0,0.0,0.0,0.40909090909090906,0.0,0.9367186174055128,0.0,1.0,1.0,5.0,gemini_cached,D:\בעלי תשובה\ארז משה דורון\060 לבטל את היסורים,D:\בעלי תשובה\ארז משה דורון\062 להוציא מהכוח אל הפועל
32.0,32.0,0.0,1.0,1.0,1.0,0.0,0.0,0.0,0.0,0.0,0.0,0.0,0.0,0.0,0.0,0.0,0.903180156160283,0.75,0.5,0.0,0.0,0.0,0.22857142857142854,0.0,0.903179701906815,0.0,1.0,1.0,20.0,gemini_cached,D:\בעלי תשובה\ארז משה דורון\061 אמת לרחק ואמת לקרב,D:\בעלי תשובה\ארז משה דורון\000[074] שלום
32.0,32.0,0.0,1.0,1.0,1.0,0.0,0.0,0.0,0.0,0.0,0.0,0.0,0.0,0.0,0.0,0.0,0.9130671405649895,0.75,0.5,0.0,0.0,0.0,0.33333333333333337,0.0,0.9130667607682154,0.0,1.0,1.0,15.0,gemini_cached,D:\בעלי תשובה\ארז משה דורון\000[074] שלום,D:\בעלי תשובה\ארז משה דורון\053 להשתנות
32.0,32.0,0.0,1.0,1.0,1.0,0.0,0.0,0.0,0.0,0.0,0.0,0.0,0.0,0.0,0.0,0.0,0.6477298987639497,0.923076923076923,0.8,0.0,0.0,0.0,0.3703703703703704,0.0,0.37396419030458833,0.0,1.0,1.0,15.0,gemini_cached,D:\בעלי תשובה\ארז משה דורון\029 לראות טוב,D:\בעלי תשובה\ארז משה דורון\009 סיפור אישי
160.0,160.0,0.0,1.0,0.0,0.0,0.27238638174643265,0.27238638174643265,0.0,0.27238638174643265,0.0,0.27238638174643265,0.0,0.0,0.0,0.0,0.0,1.0,1.0,0.0,0.0,0.0,0.0,0.625,0.0,1.0,0.0,0.0,0.0,95.0,gemini_cached,D:\בעלי תשובה\אהרון רזאל\זמן הגאולה,D:\בעלי תשובה\אהרון רזאל\אהרן רזאל - זמן הגאולה
32.0,32.0,0.0,1.0,1.0,1.0,0.0,0.0,0.0,0.0,0.0,0.0,0.0,0.0,0.0,0.0,0.0,0.9402876345999562,0.8,0.5714285714285714,0.0,0.0,0.0,0.33333333333333337,0.0,0.9402873999110669,0.0,1.0,1.0,25.0,gemini_cached,D:\בעלי תשובה\ארז משה דורון\060 לבטל את היסורים,D:\בעלי תשובה\ארז משה דורון\053 להשתנות
32.0,32.0,0.0,1.0,1.0,1.0,0.0,0.0,0.0,0.0,0.0,0.0,0.0,0.0,0.0,0.0,0.0,1.0,0.75,0.5,0.0,0.0,0.0,0.2857142857142857,0.0,1.0,0.0,1.0,1.0,20.0,gemini_cached,D:\בעלי תשובה\ארז משה דורון\000[074] שלום,D:\בעלי תשובה\ארז משה דורון\065 שכל פנמי ושכל מקיף
32.0,32.0,0.0,1.0,1.0,1.0,0.0,0.0,0.0,0.0,0.0,0.0,0.0,0.0,0.0,0.0,0.0,0.9739387776786265,0.7142857142857143,0.33333333333333337,0.0,0.0,0.0,0.3589743589743589,0.0,0.9739386644365309,0.0,1.0,1.0,35.0,gemini_cached,D:\בעלי תשובה\ארז משה דורון\003 שמחה מתוך צער,D:\בעלי תשובה\ארז משה דורון\065 שכל פנמי ושכל מקיף
32.0,32.0,0.0,1.0,1.0,1.0,0.0,0.0,0.0,0.0,0.0,0.0,0.0,0.0,0.0,0.0,0.0,0.9664209039999028,0.8,0.5714285714285714,0.0,0.0,0.0,0.3902439024390244,0.0,0.966420500498719,0.0,1.0,1.0,15.0,gemini_cached,D:\בעלי תשובה\ארז משה דורון\052 אין כל חדש תחת השמש,D:\בעלי תשובה\ארז משה דורון\012 אסור להיות זקן
32.0,32.0,0.0,1.0,1.0,1.0,0.0,0.0,0.0,0.0,0.0,0.0,0.0,0.0,0.0,0.0,0.0,0.8901667802697684,0.75,0.5,0.0,0.0,0.0,0.37209302325581395,0.0,0.8,0.0,1.0,1.0,15.0,gemini_cached,D:\בעלי תשובה\ארז משה דורון\052 אין כל חדש תחת השמש,D:\בעלי תשובה\ארז משה דורון\038 לשלוט על המלאכים
32.0,32.0,0.0,1.0,1.0,1.0,0.0,0.0,0.0,0.0,0.0,0.0,0.0,0.0,0.0,0.0,0.0,0.6752908181478703,0.8571428571428573,0.6666666666666669,0.0,0.0,0.0,0.4324324324324324,0.0,0.4961330518386326,0.0,1.0,1.0,10.0,gemini_cached,D:\בעלי תשובה\ארז משה דורון\010 ארץ אוכלת יושביה,D:\בעלי תשובה\ארז משה דורון\021 טוב להודות לה
32.0,32.0,0.0,1.0,1.0,1.0,0.0,0.0,0.0,0.0,0.0,0.0,0.0,0.0,0.0,0.0,0.0,1.0,0.75,0.5,0.0,0.0,0.0,0.17142857142857137,0.0,1.0,0.0,1.0,1.0,25.0,gemini_cached,D:\בעלי תשובה\ארז משה דורון\052 אין כל חדש תחת השמש,D:\בעלי תשובה\ארז משה דורון\000[066] כסף
32.0,32.0,0.0,1.0,1.0,1.0,0.0,0.0,0.0,0.0,0.0,0.0,0.0,0.0,0.0,0.0,0.0,0.657490711633463,0.8571428571428572,0.6666666666666667,0.0,0.0,0.0,0.5714285714285714,0.0,0.5148058613919393,0.0,1.0,1.0,15.0,gemini_cached,D:\בעלי תשובה\ארז משה דורון\034 אש רוח מים עפר,D:\בעלי תשובה\ארז משה דורון\003 שמחה מתוך צער
32.0,32.0,0.0,1.0,1.0,1.0,0.0,0.0,0.0,0.0,0.0,0.0,0.0,0.0,0.0,0.0,0.0,0.7551833224291218,0.875,0.75,0.0,0.0,0.0,0.33333333333333337,0.0,0.6160610751758098,0.0,1.0,1.0,15.0,gemini_cached,D:\בעלי תשובה\ארז משה דורון\063 מנהיגות יהודית,D:\בעלי תשובה\ארז משה דורון\034 אש רוח מים עפר
32.0,32.0,0.0,1.0,1.0,1.0,0.0,0.0,0.0,0.0,0.0,0.0,0.0,0.0,0.0,0.0,0.0,0.7055248986704681,0.8571428571428573,0.6666666666666667,0.0,0.0,0.0,0.4444444444444444,0.0,0.473842435303882,0.0,1.0,1.0,15.0,gemini_cached,D:\בעלי תשובה\ארז משה דורון\009 סיפור אישי,D:\בעלי תשובה\ארז משה דורון\093 ישוב הדעת
32.0,32.0,0.0,1.0,1.0,1.0,0.0,0.0,0.0,0.0,0.0,0.0,0.0,0.0,0.0,0.0,0.0,0.9376243140317312,0.75,0.5,0.0,0.0,0.0,0.3846153846153846,0.0,0.9376240655773238,0.0,1.0,1.0,15.0,gemini_cached,D:\בעלי תשובה\ארז משה דורון\064 תמיד תלמיד,D:\בעלי תשובה\ארז משה דורון\037 ליל הסדר
128.0,128.0,0.0,1.0,0.0,1.0,0.2330104184381377,0.25729658680382567,0.024286168365687977,0.18359844124657437,0.25645829152593796,0.07285985027936359,0.0,0.0,0.0,0.0,0.0,0.4886141844542502,0.44963386420736917,0.21379145525060184,0.0,0.0,0.0,0.3076923076923077,0.0,0.3350535803767084,0.0,1.0,1.0,2.0,algo_low_certainty_sampled,D:\בעלי תשובה\יוסף קרדונר\סימנים בדרך,D:\בעלי תשובה\צבי זלבסקי\פה ושם אני רוקד
128.0,320.0,192.0,0.4,0.0,0.0,0.21375031402530595,0.6733800968690087,0.4596297828437027,0.20957560723347943,0.3065353641482236,0.09695975691474415,0.0,0.0,0.0,0.0,0.0,0.29644211576629786,0.4056209930917043,0.2752364728869897,0.0,0.030612244897959186,0.0,0.34285714285714286,0.0,0.17877206662432352,0.0,1.0,1.0,2.0,algo_low_certainty_sampled,D:\בעלי תשובה\חיים דוד סרצ'יק\בית כנסת קרליבך,D:\בעלי תשובה\ברלינגר\אהוד בנאי\רסיסי לילה-אהוד בנאי
320.0,128.0,192.0,0.4,0.0,0.0,0.416959409862627,0.22718027545586006,0.18977913440676691,0.31644553061421565,0.22718027545586006,0.0892652551583556,1.0,1.0,1.0,0.0,0.0,0.0,0.0,0.0,0.0,0.0,0.0,0.0,0.0,0.0,0.0,0.0,0.0,2.0,algo_no_comparison_result_sampled,D:\בעלי תשובה\עמיר בניון\עמיר בניון שירי ארץ אהבה\עמיר בניון - שירי ארץ-אהבה,D:\בעלי תשובה\יונתן רזאל\יונתן רזאל - בין הצלילים
32.0,128.0,96.0,0.25,1.0,1.0,0.0,0.4407025534851622,0.4407025534851622,0.0,0.4407025534851622,0.4407025534851622,0.0,0.0,0.0,0.0,0.0,0.2639253151134693,0.4383850931677019,0.17173453996983407,0.0,0.0,0.0,0.17647058823529416,0.0,0.3338319043700524,0.0,0.0,0.0,2.0,algo_low_certainty_sampled,D:\בעלי תשובה\ארז משה דורון\052 אין כל חדש תחת השמש,D:\בעלי תשובה\ישראל דגן\מחול צדיקים
128.0,98.9090909090909,29.090909090909093,0.7727272727272727,0.0,0.0,0.2873753124937582,0.2270135150184752,0.060361797475283,0.2873753124937582,0.2270135150184752,0.060361797475283,0.0,0.0,0.0,0.0,0.0,0.3742391211908181,0.4356814902269448,0.25429531065613253,0.0,0.0,0.0,0.1428571428571429,0.0,0.20303109538827402,0.0,1.0,1.0,2.0,algo_low_certainty_sampled,D:\בעלי תשובה\אברהם אבוטבול\בית הקדושה,D:\בעלי תשובה\יצחק פוקס\פוקס
128.0,32.0,96.0,0.25,1.0,1.0,0.4407025534851622,0.0,0.4407025534851622,0.4407025534851622,0.0,0.4407025534851622,0.0,0.0,0.0,0.0,0.0,0.3618369581024983,0.3530431429744931,0.0,0.0,0.0,0.0,0.31999999999999995,0.0,0.0,0.0,0.0,0.0,2.0,algo_low_certainty_sampled,D:\בעלי תשובה\ישראל דגן\מחול צדיקים,D:\בעלי תשובה\ארז משה דורון\009 סיפור אישי
128.0,128.0,0.0,1.0,0.0,0.0,1.0,0.2280134555390086,0.7719865444609915,1.0,0.25332720690615423,0.7466727930938457,1.0,0.0,0.0,0.0,0.0,0.4938844502987761,0.22070410432479398,0.058493979282749346,0.0,0.0,0.0,0.21052631578947367,0.0,0.22427942217640534,0.0,0.0,0.0,2.0,algo_low_certainty_sampled,D:\בעלי תשובה\יצחק מאיר\נשמות חדשות\חלק 2,D:\בעלי תשובה\למען שמו באהבה
320.0,128.0,192.0,0.4,0.0,0.0,0.2328732027030505,1.0,0.7671267972969495,0.23477009369085064,0.0,0.23477009369085064,0.0,0.0,0.0,0.0,0.0,0.3195081162610166,0.1953922136014876,0.0,0.0,0.0,0.0,0.19999999999999996,0.0,0.2055529415717013,0.0,0.0,0.0,2.0,algo_low_certainty_sampled,D:\בעלי תשובה\צמאה - אומנים שרים את ניגוני הרבי מילובביץ,D:\בעלי תשובה\חיים דוד סרצ'יק\מצור דבש
128.0,128.0,0.0,1.0,1.0,1.0,0.25256305214732394,0.2889764430020933,0.036413390854769356,0.25256305214732394,0.2889764430020933,0.036413390854769356,0.0,0.0,0.0,0.0,0.0,0.6058839325655201,0.4760508095859096,0.22657598101534032,0.0,0.0,0.0,0.21052631578947367,0.0,0.3807067262865943,0.0,1.0,1.0,2.0,algo_low_certainty_sampled,D:\בעלי תשובה\יערות דבש-יצחק אזולאי\יערות דבש השיר והשבחלחי העולמים,D:\בעלי תשובה\דני גולן\דני גולן והחברים\לב טהור
128.0,128.0,0.0,1.0,0.0,1.0,0.8181818181818182,0.7874080873534178,0.030773730828400403,0.0,0.7874080873534178,0.7874080873534178,0.0,0.0,0.0,0.0,0.0,0.7536048847277317,0.1722632376858597,0.007602457132580454,0.0,0.017316017316017316,0.0,0.25,0.0,0.5922226265198474,0.0,1.0,1.0,2.0,algo_low_certainty_sampled,D:\בעלי תשובה\חיים דוד סרצ'יק\היום\1-זה כפול נא לסדר,D:\בעלי תשובה\המדרגות
32.0,32.0,0.0,1.0,1.0,1.0,0.0,0.0,0.0,0.0,0.0,0.0,0.0,0.0,0.0,0.0,0.0,0.7852931594180826,0.8,0.33333333333333337,0.0,0.0,0.0,0.2727272727272727,0.0,0.7179145220164859,0.0,1.0,1.0,2.0,algo_low_certainty_sampled,D:\בעלי תשובה\ארז משה דורון\036 חנוכה,D:\בעלי תשובה\ארז משה דורון\002 בעל תפילה
320.0,32.0,288.0,0.1,0.0,0.0,0.22554713804713802,0.0,0.22554713804713802,0.22554713804713802,0.0,0.22554713804713802,1.0,0.0,0.0,0.0,0.0,0.18530788945601695,0.37424242424242427,0.0,0.0,0.0,0.0,0.2558139534883721,0.0,0.0,0.0,0.0,0.0,2.0,algo_low_certainty_sampled,D:\בעלי תשובה\יצחק מאיר\סיום השס מפעלות הציונות הדתית עם יצחק מאיר UP FOR DOSSINET.ME\סיום השס מפעלות הציונות הדתית עם יצחק מאיר UP FOR DOSSINET.ME,D:\בעלי תשובה\ארז משה דורון\062 להוציא מהכוח אל הפועל
128.0,128.0,0.0,1.0,1.0,1.0,1.0,0.2499528889962427,0.7500471110037573,1.0,0.2499528889962427,0.7500471110037573,0.0,0.0,0.0,0.0,0.0,0.6280134118910392,0.18466964645095577,0.048438861034768965,0.0,0.0,0.0,0.16666666666666663,0.0,0.5002753397973964,0.0,1.0,1.0,2.0,algo_low_certainty_sampled,D:\בעלי תשובה\יצחק שדהו,D:\בעלי תשובה\דני
320.0,128.0,192.0,0.4,0.0,0.0,0.6733800968690087,0.2312279492899914,0.4421521475790173,0.3065353641482236,0.2312279492899914,0.07530741485823217,0.0,0.0,0.0,0.0,0.0,0.17933915675168505,0.4078631992179102,0.293733830914282,0.0,0.0,0.0,0.36363636363636365,0.0,0.218265907537897,0.0,1.0,1.0,2.0,algo_low_certainty_sampled,D:\בעלי תשובה\ברלינגר\אהוד בנאי\רסיסי לילה-אהוד בנאי,D:\בעלי תשובה\יהודה גלאנץ\רק לצעוק אל ה
128.0,128.0,0.0,1.0,0.0,0.0,0.6499881692003374,0.6596002478820621,0.009612078681724645,0.6499881692003374,0.8333333333333334,0.18334516413299595,0.0,0.0,0.0,0.0,0.0,0.2515058132657709,0.3818306010928961,0.14259646907673224,0.0,0.25214046822742475,0.0,0.375,0.0,0.0,0.0,1.0,1.0,2.0,algo_low_certainty_sampled,D:\בעלי תשובה\ישראל דגן\לכבוד רשב'י,D:\בעלי תשובה\המושב
160.0,128.0,32.0,0.8,0.0,0.0,0.25237744776806564,0.2963361711896721,0.04395872342160645,0.25237744776806564,0.2792337495532713,0.02685630178520565,0.0,0.0,0.0,0.0,0.0,0.5749627634677764,0.48715428064137245,0.3184428426787762,0.0,0.17071969696969694,0.0,0.2702702702702703,0.0,0.28910314423267375,0.0,1.0,1.0,2.0,algo_low_certainty_sampled,D:\בעלי תשובה\עדי רן\עדי רן מה יש לכם לדאוג,D:\בעלי תשובה\נסתרות דרכי האל
48.0,128.0,80.0,0.375,0.0,1.0,0.3657312505730815,0.2727991566036579,0.09293209396942359,0.1783519691265463,0.27455635043139537,0.09620438130484907,0.0,0.0,0.0,0.0,0.0,0.13764144846584164,0.4246921150346544,0.19511927812843144,0.0,0.0,0.0,0.07999999999999996,0.0,0.585194166481527,0.0,1.0,1.0,2.0,algo_low_certainty_sampled,D:\בעלי תשובה\עמיר בניון\עמיר בניון - עומד בשער,D:\בעלי תשובה\ישעיה חסיד\אחד
128.0,128.0,0.0,1.0,0.0,0.0,0.3462975584756755,0.4028413437474495,0.056543785271774005,0.3462975584756755,0.2725157489002033,0.0737818095754722,0.0,0.0,0.0,0.0,0.0,0.5422169544724719,0.5682239980335282,0.301792337318284,0.0,0.0,0.0,0.33333333333333337,0.0,0.3778867673891809,0.0,1.0,1.0,2.0,algo_low_certainty_sampled,D:\בעלי תשובה\ישראל דגן\נפשי החזקה,D:\בעלי תשובה\מאיר בנאי\שמע קולי
128.0,128.0,0.0,1.0,0.0,1.0,0.6606431894230039,0.2941560623287137,0.3664871270942902,0.8222222222222222,0.0,0.8222222222222222,0.0,0.0,0.0,0.0,0.0,0.7162547873452502,0.3872850203839612,0.0,0.0,0.0,0.0,0.18181818181818177,0.0,0.5918602299594719,0.0,0.0,0.0,2.0,algo_low_certainty_sampled,D:\בעלי תשובה\המדרגות\המדרגות חדש,D:\בעלי תשובה\עדי רן\אל תכה בסלע
128.0,160.0,32.0,0.8,1.0,1.0,1.0,0.22423017210857654,0.7757698278914235,0.0,0.22423017210857654,0.22423017210857654,0.0,0.0,0.0,0.0,0.0,0.3070422282906078,0.20853188856652852,0.0,0.0,0.0,0.0,0.2666666666666667,0.0,0.212328769820735,0.0,1.0,1.0,2.0,algo_low_certainty_sampled,D:\בעלי תשובה\גיל עקביוב,D:\בעלי תשובה\מים 1
128.0,128.0,0.0,1.0,1.0,0.0,1.0,0.25256305214732394,0.7474369478526761,0.27844605035436915,0.25256305214732394,0.025882998207045205,0.0,0.0,0.0,0.0,0.0,0.6824560818472798,0.1951612671268633,0.2406876437431949,0.0,0.0,0.0,0.16666666666666663,0.0,0.4906001325549438,0.0,1.0,1.0,2.0,algo_low_certainty_sampled,D:\בעלי תשובה\סנדי שמואלי\מחכים,D:\בעלי תשובה\יערות דבש-יצחק אזולאי\יערות דבש השיר והשבחלחי העולמים
128.0,128.0,0.0,1.0,1.0,0.0,0.37977690175096385,0.4261133624252772,0.04633646067431335,0.23290542901652928,0.4261133624252772,0.19320793340874792,0.0,0.0,0.0,0.0,0.0,0.0,0.0,0.0,0.0,0.0,0.0,0.0,0.0,0.0,0.0,0.0,0.0,2.0,algo_no_comparison_result_sampled,D:\בעלי תשובה\יוסף (גלעד) קרדונר\כל העולם - 02,D:\בעלי תשובה\יוסף (גלעד) קרדונר\בחירה - 03
32.0,128.0,96.0,0.25,0.0,1.0,0.0,1.0,1.0,0.0,1.0,1.0,0.0,0.0,0.0,0.0,0.0,0.247949577646229,0.125,0.009615384615384609,0.0,0.0,0.0,0.2857142857142857,0.0,0.0,0.0,0.0,0.0,2.0,algo_low_certainty_sampled,D:\בעלי תשובה\ארז משה דורון\011 אחד היה אברהם,D:\בעלי תשובה\יחיא אזולאי
128.0,32.0,96.0,0.25,0.0,1.0,1.0,0.0,1.0,1.0,0.0,1.0,0.0,0.0,0.0,0.0,0.0,0.1739395431359742,0.23157894736842105,0.036363636363636355,0.0,0.0,0.0,0.3703703703703704,0.0,0.14408673627673993,0.0,0.0,0.0,2.0,algo_low_certainty_sampled,D:\בעלי תשובה\רונן  חזיזה\שמחה של מצווה,D:\בעלי תשובה\ארז משה דורון\025 שלוש אהבות
128.0,128.0,0.0,1.0,0.0,0.0,0.6202184291388099,0.6847330038265858,0.06451457468777588,0.27770914861101964,0.22257521613042763,0.05513393248059201,0.0,0.0,0.0,0.0,0.0,0.0,0.0,0.0,0.0,0.0,0.0,0.0,0.0,0.0,0.0,0.0,0.0,2.0,algo_no_comparison_result_sampled,D:\בעלי תשובה\אחיה רובין\ונזכה,D:\בעלי תשובה\אורן ארנון\עלי באר
128.0,128.0,0.0,1.0,1.0,1.0,1.0,0.6974116257476615,0.30258837425233853,0.0,0.6974116257476615,0.6974116257476615,0.0,0.0,0.0,0.0,0.0,0.533771857566047,0.168226390122095,0.0,0.0,0.0,0.0,0.42105263157894735,0.0,0.29906107927150716,0.0,1.0,1.0,2.0,algo_low_certainty_sampled,D:\בעלי תשובה\חיים דוד סרצ'יק\מצור דבש,D:\בעלי תשובה\חיות  הקודש
160.0,128.0,32.0,0.8,0.0,0.0,0.38524365674718647,0.6474081690747675,0.26216451232758103,0.38524365674718647,0.6474081690747675,0.26216451232758103,0.0,0.0,0.0,0.0,0.0,0.555266408946796,0.47063885326247273,0.27523923976256637,0.0,0.26852997676497176,0.0,0.2941176470588235,0.0,0.10341101753186308,0.0,0.0,0.0,2.0,algo_low_certainty_sampled,D:\בעלי תשובה\אלטרנטיבי\להקת נפקא מינה-גשר צר,D:\בעלי תשובה\ברלינגר\משה לוי - טוב
48.0,128.0,80.0,0.375,1.0,1.0,0.3657312505730815,0.3569665526970235,0.008764697876057992,0.1783519691265463,0.2755814301892734,0.09722946106272709,0.0,0.0,0.0,0.0,0.0,0.17401584032104295,0.45750880241433833,0.1722325060560355,0.0,0.0,0.0,0.2142857142857143,0.0,0.5709145337669254,0.0,0.55,1.0,2.0,algo_low_certainty_sampled,D:\בעלי תשובה\עמיר בניון\עמיר בניון - עומד בשער,D:\בעלי תשובה\יהודה גלאנץ\פיונרו
320.0,160.0,160.0,0.5,0.0,0.0,0.416959409862627,0.2726881529823451,0.14427125688028186,0.31644553061421565,0.27311707713779837,0.043328453476417284,1.0,0.0,0.0,0.0,0.0,0.328853715762716,0.38242835703168515,0.20480998539469306,0.0,0.027777777777777773,0.0,0.1875,0.0,0.4689732476090463,0.0,1.0,1.0,2.0,algo_low_certainty_sampled,D:\בעלי תשובה\עמיר בניון\עמיר בניון שירי ארץ אהבה\עמיר בניון - שירי ארץ-אהבה,D:\בעלי תשובה\שמעונה
128.0,128.0,0.0,1.0,0.0,0.0,0.2844109435360347,0.4063265208397102,0.12191557730367553,0.2844109435360347,0.25247161105728266,0.031939332478752025,1.0,0.0,0.0,0.0,0.0,0.6411257769809412,0.5894673566580261,0.28623569574908925,0.0,0.0,0.0,0.303030303030303,0.0,0.44951387124831355,0.0,1.0,2.0,2.0,algo_low_certainty_sampled,D:\בעלי תשובה\אודי דוידי\אודי דוידי - בן אהוב,D:\בעלי תשובה\ישראל זינגר\ריקוד המלאכים
128.0,128.0,0.0,1.0,0.0,0.0,0.27114163132912755,0.2280134555390086,0.04312817579011896,0.27114163132912755,0.25332720690615423,0.01781442442297332,0.0,0.0,0.0,0.0,0.0,0.5771646806724736,0.47135953455123425,0.17196159455517745,0.0,0.0,0.0,0.19999999999999996,0.0,0.31190167595955615,0.0,0.0,0.0,2.0,algo_low_certainty_sampled,D:\בעלי תשובה\דב אינדיג\בת קול,D:\בעלי תשובה\למען שמו באהבה
128.0,128.0,0.0,1.0,0.0,0.0,0.27700884219937516,0.27622047176536346,0.0007883704340116982,0.27700884219937516,0.27622047176536346,0.0007883704340116982,0.0,0.0,0.0,0.0,0.0,0.6480807779787358,0.4777191244294323,0.2905760242767548,0.0,0.0,0.0,0.2222222222222222,0.0,0.4100233562994578,0.0,0.0,0.0,2.0,algo_low_certainty_sampled,D:\בעלי תשובה\עדי רן\עדי רן והגיטרה - 1,D:\בעלי תשובה\עקיבא מרגליות\לאורו נלך
128.0,160.0,32.0,0.8,0.0,0.0,0.21116393582337853,0.2150137524440931,0.003849816620714569,0.21116393582337853,0.18847562874257065,0.02268830708080788,0.0,0.0,0.0,0.0,0.0,0.0,0.0,0.0,0.0,0.0,0.0,0.0,0.0,0.0,0.0,0.0,0.0,2.0,algo_no_comparison_result_sampled,D:\בעלי תשובה\סנדי שמואלי\בעזרת השם,D:\בעלי תשובה\ברק כהן\ברק כהן עם דובי גינז\עונג
64.0,128.0,64.0,0.5,0.0,0.0,0.24337572331410295,0.21116393582337853,0.032211787490724425,0.4669122431312358,0.21116393582337853,0.25574830730785725,0.0,0.0,0.0,0.0,0.0,0.21897825714159747,0.4897875802358561,0.17498545572074983,0.0,0.0,0.0,0.16666666666666663,0.0,0.3937319251207944,0.0,1.0,1.0,2.0,algo_low_certainty_sampled,D:\בעלי תשובה\אודי טופלברג\מים,D:\בעלי תשובה\סנדי שמואלי\בעזרת השם
192.0,32.0,160.0,0.16666666666666666,0.0,0.0,0.7029066585588325,0.0,0.7029066585588325,0.28324915824915825,0.0,0.28324915824915825,0.0,0.0,0.0,0.0,0.0,0.3810427352594327,0.17568529250764608,0.0,0.0,0.0,0.0,0.21052631578947367,0.0,0.0,0.0,0.0,0.0,2.0,algo_low_certainty_sampled,D:\בעלי תשובה\אהוד בנאי\טיפ טיפה,D:\בעלי תשובה\ארז משה דורון\053 להשתנות
128.0,32.0,96.0,0.25,0.0,0.0,0.6499881692003374,0.0,0.6499881692003374,0.6499881692003374,0.0,0.6499881692003374,0.0,0.0,0.0,0.0,0.0,0.29418238715842016,0.3042914237767179,0.09599595806492356,0.0,0.0,0.0,0.16666666666666663,0.0,0.0,0.0,0.0,0.0,2.0,algo_low_certainty_sampled,D:\בעלי תשובה\ישראל דגן\לכבוד רשב'י,D:\בעלי תשובה\ארז משה דורון\000[074] שלום
128.0,32.0,96.0,0.25,0.0,1.0,0.6596002478820621,0.0,0.6596002478820621,0.8333333333333334,0.0,0.8333333333333334,0.0,0.0,0.0,0.0,0.0,0.6778982389692602,0.26412353291766,0.050517429193899795,0.0,0.0,0.0,0.25,0.0,0.0,0.0,0.0,0.0,2.0,algo_low_certainty_sampled,D:\בעלי תשובה\המושב,D:\בעלי תשובה\ארז משה דורון\053 להשתנות
128.0,128.0,0.0,1.0,0.0,0.0,1.0,0.4028413437474495,0.5971586562525505,0.0,0.2725157489002033,0.2725157489002033,0.0,0.0,0.0,0.0,0.0,0.7018039365950937,0.19438008489707276,0.0,0.0,0.0,0.0,0.33333333333333337,0.0,0.49496761617870605,0.0,0.55,1.0,2.0,algo_low_certainty_sampled,D:\בעלי תשובה\גיל עקביוב,D:\בעלי תשובה\מאיר בנאי\שמע קולי
128.0,56.0,72.0,0.4375,0.0,1.0,0.2941560623287137,0.7537098401213115,0.45955377779259776,0.0,0.2459984041872587,0.2459984041872587,0.0,0.0,0.0,0.0,0.0,0.19599920010483882,0.2798187061593915,0.0,0.0,0.0,0.0,0.23529411764705888,0.0,0.7845628948586325,0.0,0.0,0.0,2.0,algo_low_certainty_sampled,D:\בעלי תשובה\עדי רן\אל תכה בסלע,D:\בעלי תשובה\סנדי שמואלי\עד מתי
32.0,192.0,160.0,0.16666666666666666,0.0,0.0,0.0,0.7029066585588325,0.7029066585588325,0.0,0.28324915824915825,0.28324915824915825,0.0,0.0,0.0,0.0,0.0,0.34351244884139925,0.17134743911059702,0.0,0.0,0.0,0.0,0.2222222222222222,0.0,0.0,0.0,0.0,0.0,2.0,algo_low_certainty_sampled,D:\בעלי תשובה\ארז משה דורון\060 לבטל את היסורים,D:\בעלי תשובה\אהוד בנאי\טיפ טיפה
128.0,128.0,0.0,1.0,0.0,1.0,1.0,0.41880170358742175,0.5811982964125783,0.0,0.41880170358742175,0.41880170358742175,0.0,0.0,0.0,0.0,0.0,0.1810894531385121,0.16997367732000418,0.0,0.0,0.0,0.0,0.23529411764705888,0.0,0.0,0.0,1.0,1.0,2.0,algo_low_certainty_sampled,D:\בעלי תשובה\ישראל דגן\דגן חתונות\יוחנן,D:\בעלי תשובה\ישראל דגן\סמכו על כוחי
32.0,128.0,96.0,0.25,0.0,1.0,0.0,0.7599515654402101,0.7599515654402101,0.0,0.9852941176470589,0.9852941176470589,0.0,0.0,0.0,0.0,0.0,0.027743999740980428,0.1522082450496931,0.051402863777089774,0.0,0.0,0.0,0.09999999999999998,0.0,0.09080768738934632,0.0,0.0,0.0,2.0,algo_low_certainty_sampled,D:\בעלי תשובה\ארז משה דורון\019 לדבר עם ה,D:\בעלי תשובה\ישראל דגן\מחרוזות
96.0,128.0,32.0,0.75,0.0,0.0,0.22190442340597138,1.0,0.7780955765940286,0.22190442340597138,0.27844605035436915,0.05654162694839776,0.0,0.0,0.0,0.0,0.0,0.0,0.0,0.0,0.0,0.0,0.0,0.0,0.0,0.0,0.0,0.0,0.0,2.0,algo_no_comparison_result_sampled,D:\בעלי תשובה\קול אחי\הללו,D:\בעלי תשובה\סנדי שמואלי\מחכים
128.0,166.4,38.400000000000006,0.7692307692307692,0.0,0.0,0.21116393582337853,0.2594066150567698,0.04824267923339129,0.21116393582337853,0.2594066150567698,0.04824267923339129,0.0,1.0,0.0,0.0,0.0,0.0,0.0,0.0,0.0,0.0,0.0,0.0,0.0,0.0,0.0,0.0,0.0,2.0,algo_no_comparison_result_sampled,D:\בעלי תשובה\סנדי שמואלי\בעזרת השם,D:\בעלי תשובה\עדי רן\עדי רן - גלגל של הצלה
128.0,96.0,32.0,0.75,0.0,0.0,0.4063265208397102,0.7141580422083057,0.3078315213685955,0.25247161105728266,0.26794241943258684,0.01547080837530418,0.0,0.0,0.0,0.0,0.0,0.45247049824247615,0.32108436673636903,0.23360030013011568,0.0,0.0,0.0,0.36363636363636365,0.0,0.39233250998198654,0.0,0.0,0.0,2.0,algo_low_certainty_sampled,D:\בעלי תשובה\ישראל זינגר\ריקוד המלאכים,D:\בעלי תשובה\אודי אולמן\אגודה אחת
64.0,128.0,64.0,0.5,1.0,1.0,0.24337572331410295,0.4395813988062998,0.19620567549219686,0.4669122431312358,0.4395813988062998,0.027330844324935988,0.0,0.0,0.0,0.0,0.0,0.24221436798110169,0.384679772354967,0.37564186861136367,0.0,0.0,0.0,0.1333333333333333,0.0,0.36968441739440544,0.0,1.0,1.0,2.0,algo_low_certainty_sampled,D:\בעלי תשובה\אודי טופלברג\מים,D:\בעלי תשובה\ישראל דגן\ראש השנה שלי
128.0,128.0,0.0,1.0,0.0,0.0,1.0,1.0,0.0,1.0,1.0,0.0,0.0,0.0,0.0,0.0,0.0,0.6828392506475068,0.42500000000000016,0.3875,0.0,0.0,0.0,0.3157894736842105,0.0,0.5422981852637867,0.0,0.55,1.0,2.0,algo_low_certainty_sampled,D:\בעלי תשובה\יצחק שדהו,D:\בעלי תשובה\נפתלי גולד
128.0,32.0,96.0,0.25,1.0,1.0,0.306539294039294,0.0,0.306539294039294,0.306539294039294,1.0,0.6934607059607061,0.0,0.0,0.0,0.0,0.0,0.3969313698766537,0.4537581699346405,0.0,0.0,0.0,0.0,0.2068965517241379,0.0,0.0,0.0,0.0,0.0,2.0,algo_low_certainty_sampled,D:\בעלי תשובה\בהרוז אהרוני\שירת השבים,D:\בעלי תשובה\ארז משה דורון\000[096] סוד הויתור
128.0,48.0,80.0,0.375,0.0,0.0,0.40582510542562483,0.3657312505730815,0.040093854852543354,0.2226164249693661,0.1783519691265463,0.044264455842819794,0.0,0.0,0.0,0.0,0.0,0.3232238217908361,0.6773062487621312,0.2501984126984127,0.0,0.0,0.0,0.368421052631579,0.0,0.412651691489033,0.0,1.0,1.0,2.0,algo_low_certainty_sampled,D:\בעלי תשובה\יוסף (גלעד) קרדונר\סימנים בדרך - 01,D:\בעלי תשובה\עמיר בניון\עמיר בניון - עומד בשער
128.0,128.0,0.0,1.0,1.0,1.0,0.24951725891354376,0.2755814301892734,0.02606417127572963,0.24951725891354376,0.2755814301892734,0.02606417127572963,0.0,0.0,0.0,0.0,0.0,0.475460403504336,0.4332492306047463,0.18380311780769448,0.0,0.0,0.0,0.0,0.0,0.23554576563047847,0.0,1.0,1.0,2.0,algo_low_certainty_sampled,D:\בעלי תשובה\דני ממן\זה שיר שבח,D:\בעלי תשובה\יהודה גלאנץ\Phinar
32.0,32.0,0.0,1.0,1.0,1.0,0.0,0.0,0.0,0.0,0.0,0.0,0.0,0.0,0.0,0.0,0.0,0.5040291363575209,0.8571428571428573,0.6666666666666667,0.0,0.0,0.0,0.5454545454545454,0.0,0.1297019505873495,0.0,1.0,1.0,2.0,algo_low_certainty_sampled,D:\בעלי תשובה\ארז משה דורון\012 אסור להיות זקן,D:\בעלי תשובה\ארז משה דורון\013 צא אל השדות
32.0,32.0,0.0,1.0,1.0,1.0,0.0,0.0,0.0,0.0,0.0,0.0,0.0,0.0,0.0,0.0,0.0,0.7326406446510795,0.7142857142857143,0.33333333333333337,0.0,0.0,0.0,0.48275862068965514,0.0,0.523710375443877,0.0,1.0,1.0,2.0,algo_low_certainty_sampled,D:\בעלי תשובה\ארז משה דורון\025 שלוש אהבות,D:\בעלי תשובה\ארז משה דורון\013 צא אל השדות
320.0,128.0,192.0,0.4,0.0,0.0,0.22554713804713802,1.0,0.774452861952862,0.22554713804713802,1.0,0.774452861952862,1.0,0.0,0.0,0.0,0.0,0.34341567376126325,0.18410087719298246,0.1038296568627451,0.0,0.19354838709677424,0.0,0.13888888888888884,0.0,0.0,0.0,1.0,1.0,2.0,algo_low_certainty_sampled,D:\בעלי תשובה\יצחק מאיר\סיום השס מפעלות הציונות הדתית עם יצחק מאיר UP FOR DOSSINET.ME\סיום השס מפעלות הציונות הדתית עם יצחק מאיר UP FOR DOSSINET.ME,D:\בעלי תשובה\יחיא אזולאי
128.0,320.0,192.0,0.4,0.0,1.0,0.7874080873534178,0.269820031736722,0.5175880556166959,0.7874080873534178,0.269820031736722,0.5175880556166959,0.0,0.0,0.0,0.0,0.0,0.18233826640817566,0.22472720015967027,0.13092261359356464,0.0,0.0,0.0,0.36363636363636365,0.0,0.3602332406314113,0.0,1.0,1.0,2.0,algo_low_certainty_sampled,D:\בעלי תשובה\המדרגות,D:\בעלי תשובה\חיים דוד סרצ'יק\היום
128.0,128.0,0.0,1.0,0.0,1.0,0.25729658680382567,0.7874080873534178,0.5301115005495922,0.25645829152593796,0.7874080873534178,0.5309497958274798,0.0,0.0,0.0,0.0,0.0,0.7346297785495218,0.23542593252526525,0.14464077881770224,0.0,0.025974025974025972,0.0,0.2727272727272727,0.0,0.5626369665572307,0.0,1.0,1.0,2.0,algo_low_certainty_sampled,D:\בעלי תשובה\צבי זלבסקי\פה ושם אני רוקד,D:\בעלי תשובה\המדרגות
128.0,64.0,64.0,0.5,0.0,0.0,0.6387530961627489,0.24337572331410295,0.39537737284864594,0.2787580723284634,0.4669122431312358,0.1881541708027724,0.0,0.0,0.0,0.0,0.0,0.20139017456807715,0.2842269139663375,0.15149109190829724,0.0,0.0,0.0,0.11764705882352944,0.0,0.2965582136291867,0.0,1.0,1.0,2.0,algo_low_certainty_sampled,D:\בעלי תשובה\ישראל דגן\עדיין יש תקווה,D:\בעלי תשובה\אודי טופלברג\מים
96.0,128.0,32.0,0.75,1.0,1.0,0.29735679447955665,0.7180435668882397,0.420686772408683,0.29735679447955665,0.7180435668882397,0.420686772408683,0.0,0.0,0.0,0.0,0.0,0.6205349353183898,0.2890681872881973,0.19613987846404163,0.0,0.0,0.0,0.2222222222222222,0.0,0.286443162378778,0.0,1.0,1.0,2.0,algo_low_certainty_sampled,D:\בעלי תשובה\גד ליאור,D:\בעלי תשובה\מערבה מכאן
32.0,192.0,160.0,0.16666666666666666,0.0,0.0,0.0,0.7029066585588325,0.7029066585588325,0.0,0.28324915824915825,0.28324915824915825,0.0,0.0,0.0,0.0,0.0,0.3116233128601859,0.1744623886659354,0.0,0.0,0.0,0.0,0.06666666666666665,0.0,0.0,0.0,0.0,0.0,2.0,algo_low_certainty_sampled,D:\בעלי תשובה\ארז משה דורון\061 אמת לרחק ואמת לקרב,D:\בעלי תשובה\אהוד בנאי\טיפ טיפה
32.0,32.0,0.0,1.0,1.0,1.0,0.0,0.0,0.0,0.0,0.0,0.0,0.0,0.0,0.0,0.0,0.0,0.5296359267293501,0.75,0.5,0.0,0.0,0.0,0.3448275862068966,0.0,0.0,0.0,1.0,1.0,2.0,algo_low_certainty_sampled,D:\בעלי תשובה\ארז משה דורון\037 ליל הסדר,D:\בעלי תשובה\ארז משה דורון\011 אחד היה אברהם
128.0,128.0,0.0,1.0,0.0,0.0,0.30704742811940955,0.39919417184261435,0.0921467437232048,0.30704742811940955,0.25183269050770285,0.0552147376117067,0.0,0.0,0.0,0.0,0.0,0.6928367069790329,0.46494952116884974,0.22968857576700716,0.0,0.0,0.0,0.0,0.0,0.459326963280222,0.0,1.0,1.0,2.0,algo_low_certainty_sampled,D:\בעלי תשובה\דני ממן\נהר המטהר,D:\בעלי תשובה\מיקי רוזנבאום\פסיפס-2
153.6,32.0,121.6,0.20833333333333334,1.0,1.0,0.7400588508887702,0.0,0.7400588508887702,0.7400588508887702,0.0,0.7400588508887702,0.0,0.0,0.0,0.0,0.0,0.6634745566233187,0.15074208454854737,0.0096918549931633,0.0,0.0,0.0,0.24,0.0,0.0,0.0,0.0,0.0,2.0,algo_low_certainty_sampled,D:\בעלי תשובה\אבולוף,D:\בעלי תשובה\ארז משה דורון\079 הגיע זמן הגאולה
128.0,128.0,0.0,1.0,0.0,1.0,1.0,0.3462975584756755,0.6537024415243244,1.0,0.3462975584756755,0.6537024415243244,0.0,0.0,0.0,0.0,0.0,0.5214111986873575,0.2394949754052055,0.15815350511002685,0.0,0.0,0.0,0.31999999999999995,0.0,0.2341156678627266,0.0,1.0,1.0,2.0,algo_low_certainty_sampled,D:\בעלי תשובה\ברלינגר\משה לוי והלויים,D:\בעלי תשובה\ישראל דגן\נפשי החזקה
128.0,128.0,0.0,1.0,1.0,1.0,0.27622047176536346,0.6974116257476615,0.421191153982298,0.27622047176536346,0.6974116257476615,0.421191153982298,0.0,0.0,0.0,0.0,0.0,0.7021673250949765,0.46235649281170016,0.30492880080746826,0.0,0.0,0.0,0.19999999999999996,0.0,0.5395091845230807,0.0,1.0,1.0,2.0,algo_low_certainty_sampled,D:\בעלי תשובה\עקיבא מרגליות\לאורו נלך,D:\בעלי תשובה\חיות  הקודש
128.0,192.0,64.0,0.6666666666666666,0.0,0.0,0.16695626115026194,1.0,0.833043738849738,0.3159297285377116,1.0,0.6840702714622884,0.0,0.0,0.0,0.0,0.0,0.0,0.0,0.0,0.0,0.0,0.0,0.0,0.0,0.0,0.0,0.0,0.0,2.0,algo_no_comparison_result_sampled,D:\בעלי תשובה\אהרון רזאל\סנה בוער,D:\בעלי תשובה\עובדיה חממה\אנא בכח
32.0,32.0,0.0,1.0,1.0,1.0,0.0,0.0,0.0,0.0,0.0,0.0,0.0,0.0,0.0,0.0,0.0,0.7847646370323957,0.8,0.33333333333333337,0.0,0.0,0.0,0.24,0.0,0.7847632306868814,0.0,1.0,1.0,2.0,algo_low_certainty_sampled,D:\בעלי תשובה\ארז משה דורון\002 בעל תפילה,D:\בעלי תשובה\ארז משה דורון\000[066] כסף
32.0,32.0,0.0,1.0,1.0,1.0,0.0,0.0,0.0,0.0,0.0,0.0,0.0,0.0,0.0,0.0,0.0,0.5783022409425126,0.75,0.5,0.0,0.0,0.0,0.2941176470588235,0.0,0.34837983762654245,0.0,1.0,1.0,2.0,algo_low_certainty_sampled,D:\בעלי תשובה\ארז משה דורון\000[068] להאמין בעצמו,D:\בעלי תשובה\ארז משה דורון\093 ישוב הדעת
128.0,128.0,0.0,1.0,1.0,1.0,0.2026569618223385,0.7180435668882397,0.5153866050659012,0.2026569618223385,0.7180435668882397,0.5153866050659012,0.0,0.0,0.0,0.0,0.0,0.7024194344035708,0.24545497011446502,0.12933111652548596,0.0,0.0,0.0,0.2857142857142857,0.0,0.5034630103401826,0.0,1.0,1.0,2.0,algo_low_certainty_sampled,D:\בעלי תשובה\להבה,D:\בעלי תשובה\מערבה מכאן
128.0,128.0,0.0,1.0,0.0,0.0,0.8181818181818182,0.22711722683296007,0.5910645913488581,0.0,0.22711722683296007,0.22711722683296007,0.0,0.0,0.0,0.0,0.0,0.627692169811152,0.25574228604858923,0.010695187165775404,0.0,0.0202020202020202,0.0,0.3076923076923077,0.0,0.33847147832851465,0.0,1.0,1.0,2.0,algo_low_certainty_sampled,D:\בעלי תשובה\חיים דוד סרצ'יק\היום\1-זה כפול נא לסדר,D:\בעלי תשובה\יניב\קומי אורי
128.0,128.0,0.0,1.0,0.0,0.0,0.5556271404987482,0.4063265208397102,0.14930061965903796,0.309324224284178,0.25247161105728266,0.05685261322689533,0.0,0.0,0.0,0.0,0.0,0.5159921636278653,0.4290535983165163,0.23679664921599486,0.0,0.0,0.0,0.34782608695652173,0.0,0.31043898308683454,0.0,0.5416666666666666,1.0,2.0,algo_low_certainty_sampled,D:\בעלי תשובה\הזמיר\נוסע לאומן,D:\בעלי תשובה\ישראל זינגר\ריקוד המלאכים
320.0,32.0,288.0,0.1,0.0,0.0,0.4266569804539248,0.0,0.4266569804539248,0.4266569804539248,0.0,0.4266569804539248,0.0,0.0,0.0,0.0,0.0,0.08696762636212296,0.3515937149270483,0.045321637426900575,0.0,0.0,0.0,0.2857142857142857,0.0,0.11756150907279063,0.0,0.0,0.0,2.0,algo_low_certainty_sampled,D:\בעלי תשובה\עמיר בניון\עמיר בניון - המקלט,D:\בעלי תשובה\ארז משה דורון\021 טוב להודות לה
32.0,32.0,0.0,1.0,1.0,1.0,0.0,0.0,0.0,0.0,0.0,0.0,0.0,0.0,0.0,0.0,0.0,0.5963094978625219,0.7692307692307692,0.4,0.0,0.0,0.0,0.3448275862068966,0.0,0.3507195920107359,0.0,1.0,1.0,2.0,algo_low_certainty_sampled,D:\בעלי תשובה\ארז משה דורון\009 סיפור אישי,D:\בעלי תשובה\ארז משה דורון\013 צא אל השדות
128.0,160.0,32.0,0.8,0.0,0.0,0.37977690175096385,0.27238638174643265,0.1073905200045312,0.23290542901652928,0.0,0.23290542901652928,0.0,0.0,0.0,0.0,0.0,0.0,0.0,0.0,0.0,0.0,0.0,0.0,0.0,0.0,0.0,0.0,0.0,2.0,algo_no_comparison_result_sampled,D:\בעלי תשובה\יוסף (גלעד) קרדונר\כל העולם - 02,D:\בעלי תשובה\אהרון רזאל\אהרן רזאל - זמן הגאולה
320.0,320.0,0.0,1.0,0.0,0.0,0.2184054305612374,0.21162859691843153,0.006776833642805874,0.2184054305612374,1.0,0.7815945694387626,1.0,0.0,0.0,0.0,0.0,0.0,0.0,0.0,0.0,0.0,0.0,0.0,0.0,0.0,0.0,0.0,0.0,2.0,algo_no_comparison_result_sampled,D:\בעלי תשובה\ישי ריבו\שטח אפור,D:\בעלי תשובה\שולי רנד\שולי רנד בקיסריה 2
128.0,128.0,0.0,1.0,0.0,0.0,0.6387530961627489,0.21116393582337853,0.42758916033937033,0.2787580723284634,0.21116393582337853,0.06759413650508486,0.0,0.0,0.0,0.0,0.0,0.0,0.0,0.0,0.0,0.0,0.0,0.0,0.0,0.0,0.0,0.0,0.0,2.0,algo_no_comparison_result_sampled,D:\בעלי תשובה\ישראל דגן\עדיין יש תקווה,D:\בעלי תשובה\סנדי שמואלי\בעזרת השם
56.0,128.0,72.0,0.4375,0.0,0.0,0.7537098401213115,0.40582510542562483,0.34788473469568665,0.2459984041872587,0.2226164249693661,0.023381979217892618,0.0,0.0,0.0,0.0,0.0,0.5503990962898812,0.2789814816050056,0.26404402271275335,0.0,0.2758620689655173,0.0,0.18181818181818177,0.0,0.25801720570564257,0.0,0.0,0.0,2.0,algo_low_certainty_sampled,D:\בעלי תשובה\סנדי שמואלי\עד מתי,D:\בעלי תשובה\יוסף (גלעד) קרדונר\סימנים בדרך - 01
320.0,128.0,192.0,0.4,0.0,0.0,0.45042736031577224,1.0,0.5495726396842278,0.45042736031577224,1.0,0.5495726396842278,0.0,0.0,0.0,0.0,0.0,0.12240964385796521,0.24360919441281548,0.11520137021293674,0.0,0.0,0.0,0.17021276595744683,0.0,0.18462327627011652,0.0,0.0,0.0,2.0,algo_low_certainty_sampled,D:\בעלי תשובה\יאיר כלב\הרב יאיר כלב ולהקת א גרויסע מציאה\עצם הנשמה,D:\בעלי תשובה\יצחק פוקס\(באנו ביחד (כדאי לבדוק אם חסר איזה שיר
32.0,128.0,96.0,0.25,0.0,1.0,0.0,1.0,1.0,0.0,1.0,1.0,0.0,0.0,0.0,0.0,0.0,0.15661226616529658,0.21999999999999997,0.033333333333333326,0.0,0.0,0.0,0.3125,0.0,0.15356735371218924,0.0,0.0,0.0,2.0,algo_low_certainty_sampled,D:\בעלי תשובה\ארז משה דורון\079 הגיע זמן הגאולה,D:\בעלי תשובה\רונן  חזיזה\שמחה של מצווה
32.0,128.0,96.0,0.25,0.0,1.0,0.0,1.0,1.0,0.0,1.0,1.0,0.0,0.0,0.0,0.0,0.0,0.38089986313775825,0.11764705882352944,0.0,0.0,0.0,0.0,0.303030303030303,0.0,0.0,0.0,0.0,0.0,2.0,algo_low_certainty_sampled,D:\בעלי תשובה\ארז משה דורון\065 שכל פנמי ושכל מקיף,D:\בעלי תשובה\יחיא אזולאי
128.0,128.0,0.0,1.0,0.0,0.0,0.2981899040147123,0.16483886483886487,0.13335103917584742,0.28165144247625074,0.0,0.28165144247625074,0.0,1.0,0.0,0.0,0.0,0.48699933569795756,0.4787199480181936,0.0,0.0,0.0,0.0,0.2857142857142857,0.0,0.3080363784428927,0.0,1.0,1.0,2.0,algo_low_certainty_sampled,D:\בעלי תשובה\הזמיר\נ נח,D:\בעלי תשובה\עמיר בניון\עמיר בניון - כוונה תחילה
128.0,128.0,0.0,1.0,0.0,0.0,0.40024241465807686,0.6606431894230039,0.26040077476492707,0.29184619831127967,0.8222222222222222,0.5303760239109425,0.0,0.0,0.0,0.0,0.0,0.789440927260577,0.4165258842083399,0.1748233867062759,0.0,0.2031981167753143,0.0,0.5454545454545454,0.0,0.6827996326593818,0.0,0.0,0.0,2.0,algo_low_certainty_sampled,D:\בעלי תשובה\אלטרנטיבי\להקת המדרגות-בפתח הדלת,D:\בעלי תשובה\המדרגות\המדרגות חדש
32.0,32.0,0.0,1.0,1.0,1.0,0.0,0.0,0.0,0.0,0.0,0.0,0.0,0.0,0.0,0.0,0.0,0.45554504939773066,0.8333333333333336,0.5,0.0,0.0,0.0,0.5714285714285714,0.0,0.3159212973982758,0.0,1.0,1.0,2.0,algo_low_certainty_sampled,D:\בעלי תשובה\ארז משה דורון\009 סיפור אישי,D:\בעלי תשובה\ארז משה דורון\005 ניקוי הראש
320.0,128.0,192.0,0.4,1.0,1.0,0.21379310344827585,0.306539294039294,0.09274619059101813,0.21379310344827585,0.306539294039294,0.09274619059101813,0.0,0.0,0.0,0.0,0.0,0.3615111336878255,0.4411033411033411,0.1853968253968254,0.0,0.0,0.0,0.2857142857142857,0.0,0.45510858942233545,0.0,1.0,1.0,2.0,algo_low_certainty_sampled,D:\בעלי תשובה\בנגי רפאל\משיח,D:\בעלי תשובה\בהרוז אהרוני\שירת השבים
128.0,48.0,80.0,0.375,0.0,0.0,1.0,0.3657312505730815,0.6342687494269186,1.0,0.1783519691265463,0.8216480308734537,0.0,0.0,0.0,0.0,0.0,0.19604469985042755,0.2143490905646078,0.03407331832254433,0.0,0.0,0.0,0.3125,0.0,0.4327546381037923,0.0,1.0,2.0,2.0,algo_low_certainty_sampled,D:\בעלי תשובה\נפתלי גולד,D:\בעלי תשובה\עמיר בניון\עמיר בניון - עומד בשער
320.0,128.0,192.0,0.4,1.0,1.0,0.269820031736722,0.27114163132912755,0.0013215995924055757,0.269820031736722,0.27114163132912755,0.0013215995924055757,0.0,0.0,0.0,0.0,0.0,0.1858521344684372,0.505031406072227,0.25200862055449114,0.0,0.0,0.0,0.19999999999999996,0.0,0.3697617667413532,0.0,1.0,1.0,2.0,algo_low_certainty_sampled,D:\בעלי תשובה\חיים דוד סרצ'יק\היום,D:\בעלי תשובה\דב אינדיג\בת קול
128.0,160.0,32.0,0.8,0.0,0.0,0.26316833264670075,0.27238638174643265,0.009218049099731895,0.26316833264670075,0.0,0.26316833264670075,0.0,0.0,0.0,0.0,0.0,0.0,0.0,0.0,0.0,0.0,0.0,0.0,0.0,0.0,0.0,0.0,0.0,2.0,algo_no_comparison_result_sampled,D:\בעלי תשובה\ירמיהו\כנגן המנגן,D:\בעלי תשובה\אהרון רזאל\אהרן רזאל - זמן הגאולה
128.0,128.0,0.0,1.0,0.0,0.0,1.0,1.0,0.0,0.2601616418210846,1.0,0.7398383581789154,0.0,0.0,0.0,0.0,0.0,0.6833770480672783,0.5,0.08571196070415957,0.0,0.0,0.0,0.3448275862068966,0.0,0.5119952113971732,0.0,0.0,0.0,2.0,algo_low_certainty_sampled,D:\בעלי תשובה\נקודה טובה,D:\בעלי תשובה\אודי דוידי\אודי דוידי דבר אליו
56.0,128.0,72.0,0.4375,0.0,1.0,0.7537098401213115,1.0,0.24629015987868852,0.2459984041872587,0.0,0.2459984041872587,0.0,0.0,0.0,0.0,0.0,0.3536644867905388,0.15952202030054483,0.0,0.0,0.0,0.0,0.25,0.0,0.4645410448395267,0.0,1.0,1.0,2.0,algo_low_certainty_sampled,D:\בעלי תשובה\סנדי שמואלי\עד מתי,D:\בעלי תשובה\גיל עקביוב
128.0,160.0,32.0,0.8,0.0,0.0,0.39919417184261435,0.38524365674718647,0.013950515095427884,0.25183269050770285,0.38524365674718647,0.13341096623948362,0.0,0.0,0.0,0.0,0.0,0.0,0.0,0.0,0.0,0.0,0.0,0.0,0.0,0.0,0.0,0.0,0.0,2.0,algo_no_comparison_result_sampled,D:\בעלי תשובה\מיקי רוזנבאום\פסיפס-2,D:\בעלי תשובה\אלטרנטיבי\להקת נפקא מינה-גשר צר
320.0,160.0,160.0,0.5,0.0,0.0,0.4637226853878569,0.25237744776806564,0.21134523761979124,0.4626829626472544,0.25237744776806564,0.21030551487918875,0.0,0.0,0.0,0.0,0.0,0.0,0.0,0.0,0.0,0.0,0.0,0.0,0.0,0.0,0.0,0.0,0.0,2.0,algo_no_comparison_result_sampled,D:\בעלי תשובה\יאיר כלב\עצם הנשמה 3,D:\בעלי תשובה\עדי רן\עדי רן מה יש לכם לדאוג
192.0,128.0,64.0,0.6666666666666666,0.0,0.0,0.3067488807297329,0.2873753124937582,0.019373568235974692,0.3067488807297329,0.2873753124937582,0.019373568235974692,1.0,0.0,0.0,0.0,0.0,0.6342796544832493,0.5560456941186992,0.23589113500878203,0.5,0.4545454545454547,0.4545454545454547,0.33333333333333337,0.0,0.21266085296876192,0.0,1.0,2.0,2.0,algo_low_certainty_sampled,D:\בעלי תשובה\אהרון רזאל\אהרן רזאל - קבעתי את מושבי\אהרן רזאל - קבעתי את מושבי,D:\בעלי תשובה\אברהם אבוטבול\בית הקדושה
128.0,128.0,0.0,1.0,0.0,0.0,0.4028413437474495,0.264503876615915,0.1383374671315345,0.2725157489002033,1.0,0.7274842510997968,0.0,0.0,0.0,0.0,0.0,0.0,0.0,0.0,0.0,0.0,0.0,0.0,0.0,0.0,0.0,0.0,0.0,2.0,algo_no_comparison_result_sampled,D:\בעלי תשובה\מאיר בנאי\שמע קולי,D:\בעלי תשובה\אסף נגל\אדיר במרום
128.0,128.0,0.0,1.0,0.0,0.0,1.0,0.2139713364504999,0.7860286635495001,1.0,0.21586764519215973,0.7841323548078403,1.0,0.0,0.0,0.0,0.0,0.0,0.0,0.0,0.0,0.0,0.0,0.0,0.0,0.0,0.0,0.0,0.0,2.0,algo_no_comparison_result_sampled,D:\בעלי תשובה\יצחק מאיר\נשמות חדשות\חלק 2,D:\בעלי תשובה\אנסמבל שם-טוב לוי\תחנות רוח
32.0,128.0,96.0,0.25,0.0,1.0,0.0,0.5271101878244517,0.5271101878244517,0.0,0.3771430161161515,0.3771430161161515,0.0,0.0,0.0,0.0,0.0,0.34231348035148945,0.2526473448874328,0.0,0.0,0.0,0.0,0.11111111111111116,0.0,0.0,0.0,0.5714285714285714,0.0,2.0,algo_low_certainty_sampled,D:\בעלי תשובה\ארז משה דורון\098 ציפצופים,D:\בעלי תשובה\עדי רן\עדי רן
320.0,128.0,192.0,0.4,0.0,0.0,0.2184054305612374,0.3022111170984259,0.0838056865371885,0.2184054305612374,0.3022111170984259,0.0838056865371885,1.0,0.0,0.0,0.0,0.0,0.2643296281956118,0.4930626377284639,0.0954647263145287,0.0,0.07461737347320872,0.0,0.3529411764705882,0.0,0.0,0.0,0.0,0.0,2.0,algo_low_certainty_sampled,D:\בעלי תשובה\ישי ריבו\שטח אפור,D:\בעלי תשובה\ישראל דגן\דגן חתונות\משה אטיאס
320.0,128.0,192.0,0.4,0.0,0.0,0.31856504208855146,0.2859762415131112,0.03258880057544028,0.31856504208855146,1.0,0.6814349579114485,0.0,1.0,0.0,0.0,0.0,0.30778275154969226,0.4625372590723635,0.13615503777268484,0.0,0.0,0.0,0.3157894736842105,0.0,0.450467793787923,0.0,1.0,1.0,2.0,algo_low_certainty_sampled,D:\בעלי תשובה\אהוד בר לוי,D:\בעלי תשובה\עדי רן\התבוננות
128.0,128.0,0.0,1.0,1.0,1.0,0.2889764430020933,0.4395813988062998,0.15060495580420652,0.2889764430020933,0.4395813988062998,0.15060495580420652,0.0,0.0,0.0,0.0,0.0,0.5429133637779012,0.4330452386765155,0.25271988421988417,0.0,0.0,0.0,0.21052631578947367,0.0,0.29360472203196636,0.0,1.0,1.0,2.0,algo_low_certainty_sampled,D:\בעלי תשובה\דני גולן\דני גולן והחברים\לב טהור,D:\בעלי תשובה\ישראל דגן\ראש השנה שלי
192.0,128.0,64.0,0.6666666666666666,0.0,0.0,1.0,0.27209795202223724,0.7279020479777627,1.0,0.27209795202223724,0.7279020479777627,0.0,0.0,0.0,0.0,0.0,0.0,0.0,0.0,0.0,0.0,0.0,0.0,0.0,0.0,0.0,0.0,0.0,2.0,algo_no_comparison_result_sampled,D:\בעלי תשובה\עובדיה חממה\אנא בכח,D:\בעלי תשובה\יהודה גלאנץ\מוכרחים לרקוד
128.0,96.0,32.0,0.75,0.0,0.0,0.4249225978542701,0.7141580422083057,0.2892354443540356,0.4249225978542701,0.26794241943258684,0.15698017842168327,1.0,0.0,0.0,0.0,0.0,0.0,0.0,0.0,0.0,0.0,0.0,0.0,0.0,0.0,0.0,0.0,0.0,2.0,algo_no_comparison_result_sampled,D:\בעלי תשובה\ניצן חן רזאל מוצא מקום,D:\בעלי תשובה\אודי אולמן\אגודה אחת
128.0,128.0,0.0,1.0,0.0,0.0,1.0,0.21116393582337853,0.7888360641766214,0.0,0.21116393582337853,0.21116393582337853,0.0,0.0,0.0,0.0,0.0,0.6619325738307952,0.2167573821314451,0.0,0.0,0.0,0.0,0.10526315789473684,0.0,0.3990371864332571,0.0,1.0,1.0,2.0,algo_low_certainty_sampled,D:\בעלי תשובה\גיל עקביוב,D:\בעלי תשובה\סנדי שמואלי\בעזרת השם
128.0,128.0,0.0,1.0,1.0,1.0,0.2755814301892734,0.2499528889962427,0.02562854119303068,0.2755814301892734,0.2499528889962427,0.02562854119303068,0.0,0.0,0.0,0.0,0.0,0.7480707893899081,0.4469755974404513,0.25218029410594894,0.0,0.0,0.0,0.0,0.0,0.5869809682606296,0.0,1.0,1.0,2.0,algo_low_certainty_sampled,D:\בעלי תשובה\יהודה גלאנץ\Phinar,D:\בעלי תשובה\דני
128.0,320.0,192.0,0.4,0.0,0.0,0.6499881692003374,0.22554713804713802,0.4244410311531994,0.6499881692003374,0.22554713804713802,0.4244410311531994,0.0,1.0,0.0,0.0,0.0,0.0,0.0,0.0,0.0,0.0,0.0,0.0,0.0,0.0,0.0,0.0,0.0,2.0,algo_no_comparison_result_sampled,D:\בעלי תשובה\ישראל דגן\לכבוד רשב'י,D:\בעלי תשובה\יצחק מאיר\סיום השס מפעלות הציונות הדתית עם יצחק מאיר UP FOR DOSSINET.ME\סיום השס מפעלות הציונות הדתית עם יצחק מאיר UP FOR DOSSINET.ME
128.0,128.0,0.0,1.0,1.0,1.0,0.4395813988062998,0.2941560623287137,0.1454253364775861,0.4395813988062998,0.0,0.4395813988062998,0.0,0.0,0.0,0.0,0.0,0.5869611304326809,0.43313832326027446,0.0,0.0,0.0,0.0,0.43478260869565216,0.0,0.27330513400757644,0.0,0.0,0.0,2.0,algo_low_certainty_sampled,D:\בעלי תשובה\ישראל דגן\ראש השנה שלי,D:\בעלי תשובה\עדי רן\אל תכה בסלע
32.0,32.0,0.0,1.0,1.0,1.0,0.0,0.0,0.0,0.0,0.0,0.0,0.0,0.0,0.0,0.0,0.0,0.44238208301708165,0.7142857142857143,0.33333333333333337,0.0,0.0,0.0,0.36363636363636365,0.0,0.0,0.0,1.0,1.0,2.0,algo_low_certainty_sampled,D:\בעלי תשובה\ארז משה דורון\079 הגיע זמן הגאולה,D:\בעלי תשובה\ארז משה דורון\005 ניקוי הראש
320.0,128.0,192.0,0.4,0.0,0.0,0.21162859691843153,0.3022111170984259,0.09058252017999438,1.0,0.3022111170984259,0.6977888829015741,0.0,0.0,0.0,0.0,0.0,0.3968668266580641,0.49337799529755694,0.04351758543562165,0.0,0.07461737347320872,0.0,0.2962962962962963,0.0,0.1533892922352225,0.0,1.0,1.0,2.0,algo_low_certainty_sampled,D:\בעלי תשובה\שולי רנד\שולי רנד בקיסריה 2,D:\בעלי תשובה\ישראל דגן\דגן חתונות\משה אטיאס
128.0,96.0,32.0,0.75,1.0,1.0,1.0,0.29735679447955665,0.7026432055204433,1.0,0.29735679447955665,0.7026432055204433,0.0,0.0,0.0,0.0,0.0,0.5819211935300668,0.1661791571841481,0.05825817700817701,0.0,0.0,0.0,0.4444444444444444,0.0,0.08665027497680226,0.0,1.0,1.0,2.0,algo_low_certainty_sampled,D:\בעלי תשובה\ברק כהן\כי לא ינום,D:\בעלי תשובה\גד ליאור
128.0,128.0,0.0,1.0,0.0,0.0,0.0,1.0,1.0,1.0,0.3076843579947969,0.6923156420052031,0.0,0.0,0.0,0.0,0.0,0.43970023174981576,0.29048656499636893,0.012091503267973857,0.0,0.0,0.0,0.21052631578947367,0.0,0.27117472053208236,0.0,1.0,1.0,2.0,algo_low_certainty_sampled,D:\בעלי תשובה\רונן  חזיזה\ירמיהו גרוסקוט,D:\בעלי תשובה\מיקי רוזנבאום\פסיפס
320.0,32.0,288.0,0.1,0.0,0.0,0.22554713804713802,0.0,0.22554713804713802,0.22554713804713802,0.0,0.22554713804713802,1.0,0.0,0.0,0.0,0.0,0.18984332579416568,0.39272093276669934,0.0,0.0,0.0,0.0,0.22499999999999998,0.0,0.0,0.0,0.0,0.0,2.0,algo_low_certainty_sampled,D:\בעלי תשובה\יצחק מאיר\סיום השס מפעלות הציונות הדתית עם יצחק מאיר UP FOR DOSSINET.ME\סיום השס מפעלות הציונות הדתית עם יצחק מאיר UP FOR DOSSINET.ME,D:\בעלי תשובה\ארז משה דורון\060 לבטל את היסורים
128.0,320.0,192.0,0.4,0.0,0.0,0.4063265208397102,0.416959409862627,0.010632889022916758,0.25247161105728266,0.31644553061421565,0.06397391955693299,0.0,1.0,0.0,0.0,0.0,0.2528271695235739,0.5350866696903281,0.24649073046765646,0.0,0.0,0.0,0.2564102564102564,0.0,0.47970100276229183,0.0,1.0,2.0,2.0,algo_low_certainty_sampled,D:\בעלי תשובה\ישראל זינגר\ריקוד המלאכים,D:\בעלי תשובה\עמיר בניון\עמיר בניון שירי ארץ אהבה\עמיר בניון - שירי ארץ-אהבה
128.0,320.0,192.0,0.4,1.0,1.0,1.0,0.31856504208855146,0.6814349579114485,1.0,0.31856504208855146,0.6814349579114485,0.0,0.0,0.0,0.0,0.0,0.2191905638828538,0.19249117267192906,0.0652931629138723,0.0,0.0,0.0,0.19999999999999996,0.0,0.48874719183770654,0.0,1.0,1.0,2.0,algo_low_certainty_sampled,D:\בעלי תשובה\יצחק שדהו,D:\בעלי תשובה\אהוד בר לוי
128.0,128.0,0.0,1.0,0.0,0.0,0.2727991566036579,0.6387530961627489,0.365953939559091,0.27455635043139537,0.2787580723284634,0.004201721897068023,0.0,0.0,0.0,0.0,0.0,0.588214415667881,0.3489169413237575,0.3026407408941397,0.0,0.0,0.0,0.11764705882352944,0.0,0.2582645849301005,0.0,1.0,1.0,2.0,algo_low_certainty_sampled,D:\בעלי תשובה\ישעיה חסיד\אחד,D:\בעלי תשובה\ישראל דגן\עדיין יש תקווה
32.0,32.0,0.0,1.0,1.0,1.0,0.0,0.0,0.0,0.0,0.0,0.0,0.0,0.0,0.0,0.0,0.0,0.604828605797661,0.7142857142857143,0.3333333333333334,0.0,0.0,0.0,0.4489795918367348,0.0,0.3693870163805984,0.0,1.0,1.0,2.0,algo_low_certainty_sampled,D:\בעלי תשובה\ארז משה דורון\010 ארץ אוכלת יושביה,D:\בעלי תשובה\ארז משה דורון\000[022] איך זוכים לחיות באמת
128.0,128.0,0.0,1.0,0.0,0.0,0.28075109256921893,0.6024884106308767,0.32173731806165773,0.28075109256921893,0.2075569358178054,0.07319415675141352,0.0,0.0,0.0,0.0,0.0,0.2863770635590974,0.3631771786950199,0.03783262113519735,0.0,0.007311765829656174,0.0,0.33333333333333337,0.0,0.0,0.0,0.0,0.0,2.0,algo_low_certainty_sampled,D:\בעלי תשובה\עדי רן\שים שלום - עדי רן ושרוליק הרשטיק,D:\בעלי תשובה\אודי דוידי
32.0,32.0,0.0,1.0,1.0,1.0,0.0,0.0,0.0,0.0,0.0,0.0,0.0,0.0,0.0,0.0,0.0,0.6222896555278137,0.6666666666666667,0.2857142857142857,0.0,0.0,0.0,0.3157894736842105,0.0,0.3165507249185668,0.0,1.0,1.0,2.0,algo_low_certainty_sampled,D:\בעלי תשובה\ארז משה דורון\079 הגיע זמן הגאולה,D:\בעלי תשובה\ארז משה דורון\000[023] מעלת השמחה
32.0,32.0,0.0,1.0,1.0,1.0,0.0,0.0,0.0,0.0,0.0,0.0,0.0,0.0,0.0,0.0,0.0,0.6839316183314716,0.6666666666666667,0.2857142857142857,0.0,0.0,0.0,0.39130434782608686,0.0,0.4792218526522931,0.0,1.0,1.0,2.0,algo_low_certainty_sampled,D:\בעלי תשובה\ארז משה דורון\014 אין שום יאוש בעולם כלל,D:\בעלי תשובה\ארז משה דורון\038 לשלוט על המלאכים
128.0,128.0,0.0,1.0,0.0,0.0,0.6387530961627489,0.40582510542562483,0.23292799073712406,0.2787580723284634,0.2226164249693661,0.056141647359097296,0.0,0.0,0.0,0.0,0.0,0.0,0.0,0.0,0.0,0.0,0.0,0.0,0.0,0.0,0.0,0.0,0.0,2.0,algo_no_comparison_result_sampled,D:\בעלי תשובה\ישראל דגן\עדיין יש תקווה,D:\בעלי תשובה\יוסף (גלעד) קרדונר\סימנים בדרך - 01
160.0,128.0,32.0,0.8,0.0,1.0,0.2360348106993184,0.6981405755041324,0.462105764804814,0.2360348106993184,0.28284348986098745,0.04680867916166906,0.0,0.0,0.0,0.0,0.0,0.3685675512563324,0.398907629850514,0.2618222886055168,0.0,0.0,0.0,0.3555555555555555,0.0,0.3612177208202407,0.0,1.0,1.0,2.0,algo_low_certainty_sampled,D:\בעלי תשובה\שירים שאלעזר אהב,D:\בעלי תשובה\עמיר בניון\עמיר בניון - עץ על מים האלבום
128.0,32.0,96.0,0.25,1.0,1.0,0.30459474003409925,0.0,0.30459474003409925,0.30459474003409925,0.0,0.30459474003409925,0.0,0.0,0.0,0.0,0.0,0.8273144953979816,0.36379494190020506,0.0,0.0,0.0,0.0,0.24,0.0,0.0,0.0,0.0,0.0,2.0,algo_low_certainty_sampled,D:\בעלי תשובה\אשר אלפסי\אתה הכל,D:\בעלי תשובה\ארז משה דורון\012 אסור להיות זקן
320.0,128.0,192.0,0.4,0.0,0.0,0.4637226853878569,0.2963361711896721,0.1673865141981848,0.4626829626472544,0.2792337495532713,0.1834492130939831,0.0,0.0,0.0,0.0,0.0,0.22543087800789444,0.39733215338894673,0.25882271178254884,0.0,0.2465984632651299,0.0,0.15384615384615385,0.0,0.2736487388796805,0.0,0.08333333333333333,0.0,2.0,algo_low_certainty_sampled,D:\בעלי תשובה\יאיר כלב\עצם הנשמה 3,D:\בעלי תשובה\נסתרות דרכי האל
128.0,128.0,0.0,1.0,0.0,1.0,0.8181818181818182,0.25729658680382567,0.5608852313779926,0.0,0.25645829152593796,0.25645829152593796,0.0,0.0,0.0,0.0,0.0,0.645237322703998,0.22810145324003409,0.010101010101010105,0.0,0.0,0.0,0.4375,0.0,0.3851401309114441,0.0,1.0,1.0,2.0,algo_low_certainty_sampled,D:\בעלי תשובה\חיים דוד סרצ'יק\היום\1-זה כפול נא לסדר,D:\בעלי תשובה\צבי זלבסקי\פה ושם אני רוקד
128.0,128.0,0.0,1.0,0.0,0.0,0.25729658680382567,1.0,0.7427034131961743,0.25645829152593796,0.2601616418210846,0.0037033502951466235,0.0,0.0,0.0,0.0,0.0,0.5637966935796609,0.21538647364526825,0.2771249665367312,0.0,0.0,0.0,0.24,0.0,0.2923829209553789,0.0,0.0,0.0,2.0,algo_low_certainty_sampled,D:\בעלי תשובה\צבי זלבסקי\פה ושם אני רוקד,D:\בעלי תשובה\נקודה טובה
128.0,128.0,0.0,1.0,0.0,0.0,0.2859762415131112,0.25256305214732394,0.033413189365787244,1.0,0.25256305214732394,0.7474369478526761,1.0,0.0,0.0,0.0,0.0,0.5569085758073536,0.4469290994069256,0.11368814192343604,0.0,0.0,0.0,0.20512820512820518,0.0,0.368483247689351,0.0,1.0,1.0,2.0,algo_low_certainty_sampled,D:\בעלי תשובה\עדי רן\התבוננות,D:\בעלי תשובה\יערות דבש-יצחק אזולאי\יערות דבש השיר והשבחלחי העולמים
192.0,160.0,32.0,0.8333333333333334,0.0,0.0,0.3602569865901291,0.27238638174643265,0.08787060484369646,0.20396713382961987,0.0,0.20396713382961987,1.0,0.0,0.0,0.0,0.0,0.0,0.0,0.0,0.0,0.0,0.0,0.0,0.0,0.0,0.0,0.0,0.0,2.0,algo_no_comparison_result_sampled,D:\בעלי תשובה\שולי רנד\הופעה בקיסריה\שולי רנד - בקיסריה\דיסק 2,D:\בעלי תשובה\אהרון רזאל\אהרן רזאל - זמן הגאולה
128.0,128.0,0.0,1.0,0.0,1.0,0.2941560623287137,1.0,0.7058439376712863,0.0,1.0,1.0,0.0,0.0,0.0,0.0,0.0,0.7778895516511236,0.18456329022251944,0.0,0.0,0.0,0.0,0.3076923076923077,0.0,0.6839335821828817,0.0,0.0,0.0,2.0,algo_low_certainty_sampled,D:\בעלי תשובה\עדי רן\אל תכה בסלע,D:\בעלי תשובה\ברלינגר\משה לוי והלויים
128.0,48.0,80.0,0.375,0.0,1.0,0.6606431894230039,0.3657312505730815,0.29491193884992245,0.8222222222222222,0.1783519691265463,0.6438702530956759,0.0,0.0,0.0,0.0,0.0,0.14152166892967022,0.39035437241181703,0.12513289052994936,0.0,0.0,0.0,0.36363636363636365,0.0,0.5824286900932301,0.0,1.0,1.0,2.0,algo_low_certainty_sampled,D:\בעלי תשובה\המדרגות\המדרגות חדש,D:\בעלי תשובה\עמיר בניון\עמיר בניון - עומד בשער
320.0,32.0,288.0,0.1,0.0,0.0,0.22554713804713802,0.0,0.22554713804713802,0.22554713804713802,0.0,0.22554713804713802,1.0,0.0,0.0,0.0,0.0,0.19537457657419194,0.37424242424242427,0.0,0.0,0.0,0.0,0.24096385542168675,0.0,0.0,0.0,0.0,0.0,2.0,algo_low_certainty_sampled,D:\בעלי תשובה\יצחק מאיר\סיום השס מפעלות הציונות הדתית עם יצחק מאיר UP FOR DOSSINET.ME\סיום השס מפעלות הציונות הדתית עם יצחק מאיר UP FOR DOSSINET.ME,D:\בעלי תשובה\ארז משה דורון\065 שכל פנמי ושכל מקיף
128.0,128.0,0.0,1.0,1.0,0.0,0.23306579697939106,0.2000802777784875,0.03298551920090356,0.23306579697939106,0.0,0.23306579697939106,0.0,0.0,0.0,0.0,0.0,0.0,0.0,0.0,0.0,0.0,0.0,0.0,0.0,0.0,0.0,0.0,0.0,2.0,algo_no_comparison_result_sampled,D:\בעלי תשובה\אודי אולמן\אודי - 3,D:\בעלי תשובה\אודי אולמן\דברי שיר
128.0,128.0,0.0,1.0,0.0,0.0,0.37977690175096385,0.27700884219937516,0.10276805955158869,0.23290542901652928,0.27700884219937516,0.044103413182845885,0.0,0.0,0.0,0.0,0.0,0.0,0.0,0.0,0.0,0.0,0.0,0.0,0.0,0.0,0.0,0.0,0.0,2.0,algo_no_comparison_result_sampled,D:\בעלי תשובה\יוסף (גלעד) קרדונר\כל העולם - 02,D:\בעלי תשובה\עדי רן\עדי רן והגיטרה - 1
320.0,128.0,192.0,0.4,0.0,0.0,0.4255032201276181,0.6981405755041324,0.27263735537651435,0.4242520955212302,0.28284348986098745,0.14140860566024277,0.0,0.0,0.0,0.0,0.0,0.12213557349825166,0.4679771181324544,0.2622726791112872,0.0,0.4444444444444446,0.0,0.25,0.0,0.2028599067412261,0.0,0.0,0.0,2.0,algo_low_certainty_sampled,D:\בעלי תשובה\יאיר כלב\עצם הנשמה 2,D:\בעלי תשובה\עמיר בניון\עמיר בניון - עץ על מים האלבום
320.0,128.0,192.0,0.4,0.0,0.0,0.45042736031577224,0.8534650546662002,0.4030376943504279,0.45042736031577224,0.8788867414094268,0.42845938109365456,0.0,0.0,0.0,0.0,0.0,0.0,0.0,0.0,0.0,0.0,0.0,0.0,0.0,0.0,0.0,0.0,0.0,2.0,algo_no_comparison_result_sampled,D:\בעלי תשובה\יאיר כלב\הרב יאיר כלב ולהקת א גרויסע מציאה\עצם הנשמה,D:\בעלי תשובה\סיני תור
128.0,128.0,0.0,1.0,0.0,0.0,0.2755814301892734,0.21116393582337853,0.06441749436589486,0.2755814301892734,0.21116393582337853,0.06441749436589486,0.0,0.0,0.0,0.0,0.0,0.6181115044753819,0.616096626684862,0.2142585888110185,0.0,0.0,0.0,0.0,0.0,0.29184462337422834,0.0,1.0,1.0,2.0,algo_low_certainty_sampled,D:\בעלי תשובה\יהודה גלאנץ\Phinar,D:\בעלי תשובה\סנדי שמואלי\בעזרת השם
128.0,128.0,0.0,1.0,0.0,0.0,0.2000802777784875,0.2139713364504999,0.013891058672012402,0.0,0.21586764519215973,0.21586764519215973,0.0,0.0,0.0,0.0,0.0,0.0,0.0,0.0,0.0,0.0,0.0,0.0,0.0,0.0,0.0,0.0,0.0,2.0,algo_no_comparison_result_sampled,D:\בעלי תשובה\אודי אולמן\דברי שיר,D:\בעלי תשובה\אנסמבל שם-טוב לוי\תחנות רוח
160.0,128.0,32.0,0.8,0.0,0.0,0.2150137524440931,0.6202184291388099,0.40520467669471677,0.18847562874257065,0.27770914861101964,0.08923351986844899,0.0,0.0,0.0,0.0,0.0,0.0,0.0,0.0,0.0,0.0,0.0,0.0,0.0,0.0,0.0,0.0,0.0,2.0,algo_no_comparison_result_sampled,D:\בעלי תשובה\ברק כהן\ברק כהן עם דובי גינז\עונג,D:\בעלי תשובה\אחיה רובין\ונזכה
192.0,128.0,64.0,0.6666666666666666,0.0,0.0,0.260760428742324,0.2844109435360347,0.023650514793710664,0.260760428742324,0.2844109435360347,0.023650514793710664,1.0,1.0,1.0,0.0,0.0,0.0,0.0,0.0,0.0,0.0,0.0,0.0,0.0,0.0,0.0,0.0,0.0,2.0,algo_no_comparison_result_sampled,D:\בעלי תשובה\יצחק פוקס\ממעמקים יצחק פוקס,D:\בעלי תשובה\אודי דוידי\אודי דוידי - בן אהוב
160.0,128.0,32.0,0.8,0.0,0.0,0.3707724849592341,0.6974116257476615,0.3266391407884274,0.3707724849592341,0.6974116257476615,0.3266391407884274,0.0,0.0,0.0,0.0,0.0,0.5503712509426516,0.4799474889993751,0.3578633737967239,0.0,0.0,0.0,0.36363636363636365,0.0,0.341598588712891,0.0,1.0,1.0,2.0,algo_low_certainty_sampled,D:\בעלי תשובה\תיקון הכללי,D:\בעלי תשובה\חיות  הקודש
128.0,128.0,0.0,1.0,0.0,0.0,0.22711722683296007,0.26316833264670075,0.036051105813740686,0.22711722683296007,0.26316833264670075,0.036051105813740686,0.0,0.0,0.0,0.0,0.0,0.0,0.0,0.0,0.0,0.0,0.0,0.0,0.0,0.0,0.0,0.0,0.0,2.0,algo_no_comparison_result_sampled,D:\בעלי תשובה\יניב\קומי אורי,D:\בעלי תשובה\ירמיהו\כנגן המנגן
128.0,128.0,0.0,1.0,0.0,1.0,0.4063265208397102,0.2963361711896721,0.10999034965003812,0.25247161105728266,0.2792337495532713,0.02676213849598863,0.0,0.0,0.0,0.0,0.0,0.6296806907801024,0.45025116383693975,0.24570366739097385,0.0,0.0,0.0,0.4285714285714286,0.0,0.42982693361331226,0.0,0.5416666666666666,1.0,2.0,algo_low_certainty_sampled,D:\בעלי תשובה\ישראל זינגר\ריקוד המלאכים,D:\בעלי תשובה\נסתרות דרכי האל
128.0,128.0,0.0,1.0,0.0,1.0,0.2755814301892734,0.2727991566036579,0.0027822735856155023,0.2755814301892734,0.27455635043139537,0.0010250797578780224,0.0,0.0,0.0,0.0,0.0,0.714100959109509,0.4550607229667296,0.25891580264308756,0.0,0.0,0.0,0.0,0.0,0.5537691425976501,0.0,1.0,1.0,2.0,algo_low_certainty_sampled,D:\בעלי תשובה\יהודה גלאנץ\Phinar,D:\בעלי תשובה\ישעיה חסיד\אחד
128.0,96.0,32.0,0.75,0.0,0.0,0.2859762415131112,0.24974139732911663,0.03623484418399456,1.0,0.24974139732911663,0.7502586026708834,1.0,0.0,0.0,0.0,0.0,0.0,0.0,0.0,0.0,0.0,0.0,0.0,0.0,0.0,0.0,0.0,0.0,2.0,algo_no_comparison_result_sampled,D:\בעלי תשובה\עדי רן\התבוננות,D:\בעלי תשובה\קול אחי\השקיפה
320.0,160.0,160.0,0.5,0.0,0.0,0.21162859691843153,0.27238638174643265,0.06075778482800112,1.0,0.27238638174643265,0.7276136182535673,0.0,0.0,0.0,0.0,0.0,0.23177120455741076,0.45724693031675545,0.1227612104722997,0.0,0.0,0.0,0.2142857142857143,0.0,0.15422854734819683,0.0,1.0,1.0,2.0,algo_low_certainty_sampled,D:\בעלי תשובה\שולי רנד\שולי רנד בקיסריה 2,D:\בעלי תשובה\אהרון רזאל\זמן הגאולה
320.0,192.0,128.0,0.6,0.0,0.0,0.6733800968690087,1.0,0.3266199031309913,0.3065353641482236,0.0,0.3065353641482236,0.0,0.0,0.0,0.0,0.0,0.3360134934961417,0.15802624693602138,0.0,0.0,0.0,0.0,0.3571428571428571,0.0,0.17585880769221054,0.0,1.0,2.0,2.0,algo_low_certainty_sampled,D:\בעלי תשובה\ברלינגר\אהוד בנאי\רסיסי לילה-אהוד בנאי,D:\בעלי תשובה\סיני תור\סיני חדש
64.0,56.0,8.0,0.875,0.0,1.0,0.24337572331410295,0.7537098401213115,0.5103341168072085,0.4669122431312358,0.2459984041872587,0.2209138389439771,0.0,0.0,0.0,0.0,0.0,0.7314546759018017,0.24318787671795755,0.23982277440481767,0.0,0.0,0.0,0.4444444444444444,0.0,0.44154099618131654,0.0,1.0,1.0,2.0,algo_low_certainty_sampled,D:\בעלי תשובה\אודי טופלברג\מים,D:\בעלי תשובה\סנדי שמואלי\עד מתי
128.0,128.0,0.0,1.0,0.0,0.0,0.21966512044689707,1.0,0.7803348795531029,0.29173991200759963,1.0,0.7082600879924004,0.0,0.0,0.0,0.0,0.0,0.5822615991920401,0.22391855430648536,0.11213198716488193,0.0,0.0,0.0,0.23076923076923073,0.0,0.4704495381616936,0.0,1.0,1.0,2.0,algo_low_certainty_sampled,D:\בעלי תשובה\ישראל דגן\למען שמו באהבה,D:\בעלי תשובה\יצחק פוקס\(באנו ביחד (כדאי לבדוק אם חסר איזה שיר
128.0,128.0,0.0,1.0,1.0,1.0,0.3569665526970235,0.2889764430020933,0.06799010969493019,0.2755814301892734,0.2889764430020933,0.013395012812819906,0.0,0.0,0.0,0.0,0.0,0.6304210297926641,0.462488494276435,0.2636475140104904,0.0,0.0,0.0,0.3076923076923077,0.0,0.32600050287619814,0.0,1.0,1.0,2.0,algo_low_certainty_sampled,D:\בעלי תשובה\יהודה גלאנץ\פיונרו,D:\בעלי תשובה\דני גולן\דני גולן והחברים\לב טהור
128.0,128.0,0.0,1.0,0.0,0.0,0.22718027545586006,0.4601311768377076,0.23295090138184754,0.22718027545586006,0.4601311768377076,0.23295090138184754,1.0,0.0,0.0,0.0,0.0,0.6509006889771838,0.4170556109428061,0.24624144501397818,0.0,0.0,0.0,0.3448275862068966,0.0,0.4406961142315446,0.0,1.0,1.0,2.0,algo_low_certainty_sampled,D:\בעלי תשובה\יונתן רזאל\יונתן רזאל - בין הצלילים,D:\בעלי תשובה\יונתן
128.0,128.0,0.0,1.0,0.0,1.0,1.0,0.7599515654402101,0.24004843455978986,0.2991702741702742,0.9852941176470589,0.6861238434767847,0.0,0.0,0.0,0.0,0.0,0.10041616662390995,0.13710114801246828,0.10791474066417017,0.0,0.03333333333333334,0.0,0.10526315789473684,0.0,0.0,0.0,1.0,1.0,2.0,algo_low_certainty_sampled,D:\בעלי תשובה\ישראל אזרחי\כל הליל מאבק,D:\בעלי תשובה\ישראל דגן\מחרוזות
32.0,32.0,0.0,1.0,1.0,1.0,0.0,0.0,0.0,0.0,0.0,0.0,0.0,0.0,0.0,0.0,0.0,0.8466564390214282,0.6666666666666667,0.2857142857142857,0.0,0.0,0.0,0.3589743589743589,0.0,0.7372225363035141,0.0,1.0,1.0,2.0,algo_low_certainty_sampled,D:\בעלי תשובה\ארז משה דורון\093 ישוב הדעת,D:\בעלי תשובה\ארז משה דורון\014 אין שום יאוש בעולם כלל
32.0,32.0,0.0,1.0,1.0,1.0,0.0,0.0,0.0,0.0,0.0,0.0,0.0,0.0,0.0,0.0,0.0,0.701423828204101,0.6666666666666667,0.2857142857142857,0.0,0.0,0.0,0.16000000000000003,0.0,0.5958297850838987,0.0,1.0,1.0,2.0,algo_low_certainty_sampled,D:\בעלי תשובה\ארז משה דורון\000[066] כסף,D:\בעלי תשובה\ארז משה דורון\029 לראות טוב
128.0,32.0,96.0,0.25,1.0,1.0,0.306539294039294,0.0,0.306539294039294,0.306539294039294,0.0,0.306539294039294,0.0,0.0,0.0,0.0,0.0,0.6898302973436634,0.42925942306747256,0.0,0.0,0.0,0.0,0.17142857142857137,0.0,0.0,0.0,0.0,0.0,2.0,algo_low_certainty_sampled,D:\בעלי תשובה\בהרוז אהרוני\שירת השבים,D:\בעלי תשובה\ארז משה דורון\062 להוציא מהכוח אל הפועל
320.0,96.0,224.0,0.3,0.0,0.0,0.31856504208855146,0.24974139732911663,0.06882364475943484,0.31856504208855146,0.24974139732911663,0.06882364475943484,0.0,0.0,0.0,0.0,0.0,0.1572312924486202,0.45564742213851117,0.22859317678253604,0.0,0.0,0.0,0.23529411764705888,0.0,0.27692417867982516,0.0,1.0,1.0,2.0,algo_low_certainty_sampled,D:\בעלי תשובה\אהוד בר לוי,D:\בעלי תשובה\קול אחי\השקיפה
160.0,128.0,32.0,0.8,0.0,0.0,0.2360348106993184,0.41342995655720544,0.17739514585788704,0.2360348106993184,0.351482127623708,0.11544731692438961,0.0,0.0,0.0,0.0,0.0,0.46540987817585766,0.3578009434460766,0.17139895868859586,0.0,0.0,0.0,0.22857142857142854,0.0,0.23969795125146448,0.0,1.0,1.0,2.0,algo_low_certainty_sampled,D:\בעלי תשובה\שירים שאלעזר אהב,D:\בעלי תשובה\ישראל דגן\גדולתינו ותיפארתינו
192.0,160.0,32.0,0.8333333333333334,1.0,0.0,0.3067488807297329,0.27238638174643265,0.03436249898330024,0.3067488807297329,0.0,0.3067488807297329,1.0,0.0,0.0,0.0,0.0,0.0,0.0,0.0,0.0,0.0,0.0,0.0,0.0,0.0,0.0,0.0,0.0,2.0,algo_no_comparison_result_sampled,D:\בעלי תשובה\אהרון רזאל\אהרן רזאל - קבעתי את מושבי\אהרן רזאל - קבעתי את מושבי,D:\בעלי תשובה\אהרון רזאל\אהרן רזאל - זמן הגאולה
128.0,128.0,0.0,1.0,0.0,0.0,0.21116393582337853,0.3569665526970235,0.14580261687364496,0.21116393582337853,0.2755814301892734,0.06441749436589486,0.0,0.0,0.0,0.0,0.0,0.7165373965927647,0.4388810809241844,0.22686507936507935,0.0,0.0,0.0,0.1333333333333333,0.0,0.5248515227462724,0.0,1.0,1.0,2.0,algo_low_certainty_sampled,D:\בעלי תשובה\סנדי שמואלי\בעזרת השם,D:\בעלי תשובה\יהודה גלאנץ\פיונרו
128.0,128.0,0.0,1.0,0.0,0.0,0.27114163132912755,0.2139713364504999,0.05717029487862765,0.27114163132912755,0.21586764519215973,0.05527398613696782,0.0,0.0,0.0,0.0,0.0,0.6185066515883773,0.49698092540651523,0.2515702134123187,0.0,0.0,0.0,0.4,0.0,0.4553198801321136,0.0,0.0,0.0,2.0,algo_low_certainty_sampled,D:\בעלי תשובה\דב אינדיג\בת קול,D:\בעלי תשובה\אנסמבל שם-טוב לוי\תחנות רוח
160.0,128.0,32.0,0.8,0.0,0.0,0.2150137524440931,0.2889764430020933,0.0739626905580002,0.18847562874257065,0.2889764430020933,0.10050081425952265,0.0,0.0,0.0,0.0,0.0,0.2372054956614396,0.4664381914381915,0.1997431361208451,0.0,0.0,0.0,0.18181818181818177,0.0,0.07352421964582308,0.0,1.0,1.0,2.0,algo_low_certainty_sampled,D:\בעלי תשובה\ברק כהן\ברק כהן עם דובי גינז\עונג,D:\בעלי תשובה\דני גולן\דני גולן והחברים\לב טהור
153.6,128.0,25.599999999999994,0.8333333333333334,0.0,1.0,0.7400588508887702,1.0,0.2599411491112298,0.7400588508887702,1.0,0.2599411491112298,0.0,0.0,0.0,0.0,0.0,0.351743722422387,0.14819541818899973,0.05169110459433039,0.0,0.0,0.0,0.21052631578947367,0.0,0.13127920167571033,0.0,1.0,1.0,2.0,algo_low_certainty_sampled,D:\בעלי תשובה\אבולוף,D:\בעלי תשובה\רונן  חזיזה\שמחה של מצווה
166.4,128.0,38.400000000000006,0.7692307692307692,0.0,0.0,0.2594066150567698,0.2727991566036579,0.01339254154688807,0.2594066150567698,0.27455635043139537,0.01514973537462555,1.0,0.0,0.0,0.0,0.0,0.5875423648936807,0.41092990312122685,0.16542481736417664,0.0,0.0,0.0,0.08333333333333337,0.0,0.4954496241230335,0.0,1.0,1.0,2.0,algo_low_certainty_sampled,D:\בעלי תשובה\עדי רן\עדי רן - גלגל של הצלה,D:\בעלי תשובה\ישעיה חסיד\אחד
128.0,320.0,192.0,0.4,0.0,0.0,0.2139713364504999,0.2184054305612374,0.004434094110737502,0.21586764519215973,0.2184054305612374,0.002537785369077672,0.0,1.0,0.0,0.0,0.0,0.0,0.0,0.0,0.0,0.0,0.0,0.0,0.0,0.0,0.0,0.0,0.0,2.0,algo_no_comparison_result_sampled,D:\בעלי תשובה\אנסמבל שם-טוב לוי\תחנות רוח,D:\בעלי תשובה\ישי ריבו\שטח אפור
192.0,128.0,64.0,0.6666666666666666,0.0,0.0,0.3693793107610762,0.24746292294408634,0.12191638781698988,0.22502142268352276,0.24746292294408634,0.022441500260563574,1.0,0.0,0.0,0.0,0.0,0.0,0.0,0.0,0.0,0.0,0.0,0.0,0.0,0.0,0.0,0.0,0.0,2.0,algo_no_comparison_result_sampled,D:\בעלי תשובה\שולי רנד\הופעה בקיסריה\שולי רנד - בקיסריה\דיסק 1,D:\בעלי תשובה\עדי רן\עדי רן והגיטרה - 2
128.0,128.0,0.0,1.0,0.0,0.0,0.6847330038265858,0.4395813988062998,0.24515160502028593,0.22257521613042763,0.4395813988062998,0.21700618267587218,0.0,0.0,0.0,0.0,0.0,0.6582830938399222,0.39194158113398053,0.19442935888588062,0.0,0.0,0.0,0.21052631578947367,0.0,0.5388187272531256,0.0,1.0,1.0,2.0,algo_low_certainty_sampled,D:\בעלי תשובה\אורן ארנון\עלי באר,D:\בעלי תשובה\ישראל דגן\ראש השנה שלי
166.4,128.0,38.400000000000006,0.7692307692307692,0.0,0.0,0.2594066150567698,0.40024241465807686,0.14083579960130704,0.2594066150567698,0.29184619831127967,0.03243958325450985,1.0,0.0,0.0,0.0,0.0,0.0,0.0,0.0,0.0,0.0,0.0,0.0,0.0,0.0,0.0,0.0,0.0,2.0,algo_no_comparison_result_sampled,D:\בעלי תשובה\עדי רן\עדי רן - גלגל של הצלה,D:\בעלי תשובה\אלטרנטיבי\להקת המדרגות-בפתח הדלת
128.0,128.0,0.0,1.0,0.0,1.0,0.7874080873534178,0.3022111170984259,0.4851969702549919,0.7874080873534178,0.3022111170984259,0.4851969702549919,0.0,0.0,0.0,0.0,0.0,0.13075186128557878,0.16029581160580667,0.05117996899282365,0.0,0.0,0.0,0.125,0.0,0.0,0.0,1.0,1.0,2.0,algo_low_certainty_sampled,D:\בעלי תשובה\המדרגות,D:\בעלי תשובה\ישראל דגן\דגן חתונות\משה אטיאס
320.0,32.0,288.0,0.1,1.0,1.0,0.21379310344827585,0.0,0.21379310344827585,0.21379310344827585,1.0,0.7862068965517242,0.0,0.0,0.0,0.0,0.0,0.14255679076109673,0.36766381766381767,0.0,0.0,0.0,0.0,0.08695652173913049,0.0,0.0,0.0,0.0,0.0,2.0,algo_low_certainty_sampled,D:\בעלי תשובה\בנגי רפאל\משיח,D:\בעלי תשובה\ארז משה דורון\000[096] סוד הויתור
56.0,128.0,72.0,0.4375,0.0,1.0,0.7537098401213115,0.3462975584756755,0.407412281645636,0.2459984041872587,0.3462975584756755,0.10029915428841679,0.0,0.0,0.0,0.0,0.0,0.2535982594247856,0.26123561980931476,0.24019537892821638,0.0,0.0,0.0,0.125,0.0,0.29562450671876006,0.0,1.0,1.0,2.0,algo_low_certainty_sampled,D:\בעלי תשובה\סנדי שמואלי\עד מתי,D:\בעלי תשובה\ישראל דגן\נפשי החזקה
128.0,320.0,192.0,0.4,0.0,0.0,0.2000802777784875,0.2328732027030505,0.03279292492456301,0.0,0.23477009369085064,0.23477009369085064,0.0,0.0,0.0,0.0,0.0,0.0,0.0,0.0,0.0,0.0,0.0,0.0,0.0,0.0,0.0,0.0,0.0,2.0,algo_no_comparison_result_sampled,D:\בעלי תשובה\אודי אולמן\דברי שיר,D:\בעלי תשובה\צמאה - אומנים שרים את ניגוני הרבי מילובביץ
128.0,320.0,192.0,0.4,0.0,0.0,0.21375031402530595,1.0,0.786249685974694,0.20957560723347943,1.0,0.7904243927665205,0.0,0.0,0.0,0.0,0.0,0.24119979811235165,0.19406661810657042,0.08922889571688988,0.0,0.02040816326530612,0.0,0.34782608695652173,0.0,0.33163395131203394,0.0,1.0,1.0,2.0,algo_low_certainty_sampled,D:\בעלי תשובה\חיים דוד סרצ'יק\בית כנסת קרליבך,D:\בעלי תשובה\יצחק פוקס\יצחק פוקס בעת ההיא\בעת ההיא
32.0,320.0,288.0,0.1,0.0,0.0,0.0,0.22554713804713802,0.22554713804713802,0.0,0.22554713804713802,0.22554713804713802,0.0,1.0,0.0,0.0,0.0,0.18896876194270007,0.37424242424242427,0.0,0.0,0.0,0.0,0.18666666666666665,0.0,0.0,0.0,0.0,0.0,2.0,algo_low_certainty_sampled,D:\בעלי תשובה\ארז משה דורון\064 תמיד תלמיד,D:\בעלי תשובה\יצחק מאיר\סיום השס מפעלות הציונות הדתית עם יצחק מאיר UP FOR DOSSINET.ME\סיום השס מפעלות הציונות הדתית עם יצחק מאיר UP FOR DOSSINET.ME
166.4,128.0,38.400000000000006,0.7692307692307692,0.0,0.0,0.2594066150567698,1.0,0.7405933849432302,0.2594066150567698,0.0,0.2594066150567698,1.0,0.0,0.0,0.0,0.0,0.5785055082525881,0.18391464163578106,0.0,0.0,0.0,0.0,0.2068965517241379,0.0,0.5402188912356394,0.0,1.0,1.0,2.0,algo_low_certainty_sampled,D:\בעלי תשובה\עדי רן\עדי רן - גלגל של הצלה,D:\בעלי תשובה\חיים דוד סרצ'יק\למעו שמו
192.0,160.0,32.0,0.8333333333333334,0.0,0.0,0.3067488807297329,0.27238638174643265,0.03436249898330024,0.3067488807297329,0.27238638174643265,0.03436249898330024,1.0,0.0,0.0,0.0,0.0,0.7233361063415271,0.44732810434072706,0.24395241847287885,0.0,0.0,0.0,0.2222222222222222,0.0,0.632669139172145,0.0,1.0,1.0,2.0,algo_low_certainty_sampled,D:\בעלי תשובה\אהרון רזאל\אהרן רזאל - קבעתי את מושבי\אהרן רזאל - קבעתי את מושבי,D:\בעלי תשובה\אהרון רזאל\זמן הגאולה
32.0,128.0,96.0,0.25,0.0,1.0,0.0,1.0,1.0,0.0,0.2991702741702742,0.2991702741702742,0.0,0.0,0.0,0.0,0.0,0.30404469045725513,0.2236842105263158,0.0,0.0,0.0,0.0,0.24,0.0,0.1102585417591783,0.0,0.0,0.0,2.0,algo_low_certainty_sampled,D:\בעלי תשובה\ארז משה דורון\019 לדבר עם ה,D:\בעלי תשובה\ישראל אזרחי\כל הליל מאבק
128.0,128.0,0.0,1.0,0.0,0.0,0.27114163132912755,0.2000802777784875,0.07106135355064006,0.27114163132912755,0.0,0.27114163132912755,0.0,0.0,0.0,0.0,0.0,0.6454732102899193,0.47667161289444077,0.0,0.0,0.0,0.0,0.2857142857142857,0.0,0.4025332113113752,0.0,0.0,0.0,2.0,algo_low_certainty_sampled,D:\בעלי תשובה\דב אינדיג\בת קול,D:\בעלי תשובה\אודי אולמן\דברי שיר
320.0,192.0,128.0,0.6,0.0,0.0,1.0,1.0,0.0,1.0,0.0,1.0,0.0,0.0,0.0,0.0,0.0,0.4524892912488606,0.1854707792207792,0.0,0.0,0.0,0.0,0.125,0.0,0.24932811836411803,0.0,1.0,2.0,2.0,algo_low_certainty_sampled,D:\בעלי תשובה\יצחק פוקס\יצחק פוקס בעת ההיא\בעת ההיא,D:\בעלי תשובה\סיני תור\סיני חדש
96.0,56.0,40.0,0.5833333333333334,0.0,0.0,0.22190442340597138,0.7537098401213115,0.5318054167153401,0.22190442340597138,0.2459984041872587,0.024093980781287327,0.0,0.0,0.0,0.0,0.0,0.579197073419609,0.2665611893167449,0.30169922354906875,0.0,0.24000000000000005,0.0,0.0,0.0,0.344274886855917,0.0,1.0,1.0,2.0,algo_low_certainty_sampled,D:\בעלי תשובה\קול אחי\הללו,D:\בעלי תשובה\סנדי שמואלי\עד מתי
128.0,166.4,38.400000000000006,0.7692307692307692,0.0,0.0,0.6202184291388099,0.2594066150567698,0.36081181408204005,0.27770914861101964,0.2594066150567698,0.018302533554249822,0.0,1.0,0.0,0.0,0.0,0.0,0.0,0.0,0.0,0.0,0.0,0.0,0.0,0.0,0.0,0.0,0.0,2.0,algo_no_comparison_result_sampled,D:\בעלי תשובה\אחיה רובין\ונזכה,D:\בעלי תשובה\עדי רן\עדי רן - גלגל של הצלה
128.0,128.0,0.0,1.0,0.0,1.0,0.21375031402530595,0.2312279492899914,0.01747763526468546,0.20957560723347943,0.2312279492899914,0.02165234205651198,0.0,0.0,0.0,0.0,0.0,0.4952056311063762,0.53735927123299,0.2993912305444813,0.0,0.0,0.0,0.2142857142857143,0.0,0.2356604966003097,0.0,1.0,1.0,2.0,algo_low_certainty_sampled,D:\בעלי תשובה\חיים דוד סרצ'יק\בית כנסת קרליבך,D:\בעלי תשובה\יהודה גלאנץ\רק לצעוק אל ה
128.0,320.0,192.0,0.4,0.0,0.0,0.26316833264670075,0.269820031736722,0.006651699090021224,0.26316833264670075,0.269820031736722,0.006651699090021224,0.0,0.0,0.0,0.0,0.0,0.23349597664534008,0.4994604559494842,0.2842589377348736,0.0,0.0,0.0,0.1428571428571429,0.0,0.6905095693311564,0.0,1.0,1.0,2.0,algo_low_certainty_sampled,D:\בעלי תשובה\ירמיהו\כנגן המנגן,D:\בעלי תשובה\חיים דוד סרצ'יק\היום
98.9090909090909,320.0,221.0909090909091,0.3090909090909091,0.0,0.0,0.2270135150184752,0.2184054305612374,0.008608084457237791,0.2270135150184752,0.2184054305612374,0.008608084457237791,0.0,1.0,0.0,0.0,0.0,0.11068515951823622,0.4515120482768238,0.26076075054403236,0.0,0.0,0.0,0.33333333333333337,0.0,0.5084345816535714,0.0,0.0,0.0,2.0,algo_low_certainty_sampled,D:\בעלי תשובה\יצחק פוקס\פוקס,D:\בעלי תשובה\ישי ריבו\שטח אפור
128.0,128.0,0.0,1.0,0.0,0.0,0.314852760634035,0.6981405755041324,0.38328781487009744,0.19920827968857835,0.28284348986098745,0.0836352101724091,0.0,0.0,0.0,0.0,0.0,0.5268879511395856,0.34404534688244304,0.1553379260005121,0.0,0.2439668174962293,0.0,0.29166666666666663,0.0,0.19176846907689302,0.0,0.0,0.0,2.0,algo_low_certainty_sampled,D:\בעלי תשובה\קן ברג'ס\קן ברג'ס-בנה מלכותו,D:\בעלי תשובה\עמיר בניון\עמיר בניון - עץ על מים האלבום
128.0,128.0,0.0,1.0,0.0,0.0,1.0,0.23094965439521678,0.7690503456047832,0.0,0.23094965439521678,0.23094965439521678,0.0,0.0,0.0,0.0,0.0,0.22483182575709304,0.1958877648532821,0.0,0.0,0.0,0.0,0.17391304347826086,0.0,0.0,0.0,0.4444444444444444,0.0,2.0,algo_low_certainty_sampled,D:\בעלי תשובה\ישראל דגן\דגן חתונות\יוחנן,D:\בעלי תשובה\סיני\אספרה כבודך - סיני
128.0,128.0,0.0,1.0,1.0,1.0,0.26167062689250503,1.0,0.7383293731074949,0.26167062689250503,0.3076843579947969,0.046013731102291844,0.0,0.0,0.0,0.0,0.0,0.7109633813461583,0.20519659412844404,0.27686296770920094,0.0,0.0,0.0,0.25,0.0,0.4893791766877651,0.0,1.0,1.0,2.0,algo_low_certainty_sampled,D:\בעלי תשובה\קול אחי\בני,D:\בעלי תשובה\מיקי רוזנבאום\פסיפס
320.0,128.0,192.0,0.4,0.0,0.0,0.21162859691843153,1.0,0.7883714030815685,1.0,1.0,0.0,0.0,0.0,0.0,0.0,0.0,0.15340037107167787,0.3103992950950429,0.41345341964536997,0.0,0.0,0.0,0.4324324324324324,0.0,0.35304907163771465,0.0,1.0,1.0,2.0,algo_low_certainty_sampled,D:\בעלי תשובה\שולי רנד\שולי רנד בקיסריה 2,D:\בעלי תשובה\אודי דוידי\אודי דוידי דבר אליו
128.0,32.0,96.0,0.25,0.0,1.0,0.6596002478820621,0.0,0.6596002478820621,0.8333333333333334,0.0,0.8333333333333334,0.0,0.0,0.0,0.0,0.0,0.5678070446429997,0.2906043691545938,0.08225762527233116,0.0,0.0,0.0,0.08695652173913049,0.0,0.0,0.0,0.0,0.0,2.0,algo_low_certainty_sampled,D:\בעלי תשובה\המושב,D:\בעלי תשובה\ארז משה דורון\034 אש רוח מים עפר
160.0,320.0,160.0,0.5,0.0,0.0,0.2360348106993184,0.4255032201276181,0.1894684094282997,0.2360348106993184,0.4242520955212302,0.18821728482191183,0.0,0.0,0.0,0.0,0.0,0.313475003436604,0.3626624134416175,0.22425050812240402,0.0,0.0,0.0,0.2962962962962963,0.0,0.3814487016522579,0.0,0.0,0.0,2.0,algo_low_certainty_sampled,D:\בעלי תשובה\שירים שאלעזר אהב,D:\בעלי תשובה\יאיר כלב\עצם הנשמה 2
320.0,320.0,0.0,1.0,0.0,0.0,0.21379310344827585,0.22554713804713802,0.011754034598862179,0.21379310344827585,0.22554713804713802,0.011754034598862179,0.0,1.0,0.0,0.0,0.0,0.5755019868636131,0.47623993980239476,0.2790334665334665,0.0,0.0,0.0,0.09230769230769231,0.0,0.2038645878087516,0.0,1.0,1.0,2.0,algo_low_certainty_sampled,D:\בעלי תשובה\בנגי רפאל\משיח,D:\בעלי תשובה\יצחק מאיר\סיום השס מפעלות הציונות הדתית עם יצחק מאיר UP FOR DOSSINET.ME\סיום השס מפעלות הציונות הדתית עם יצחק מאיר UP FOR DOSSINET.ME
128.0,128.0,0.0,1.0,0.0,0.0,1.0,1.0,0.0,0.0,1.0,1.0,0.0,0.0,0.0,0.0,0.0,0.7394330796733326,0.42500000000000016,0.0,0.0,0.0,0.0,0.30000000000000004,0.0,0.5284412419365825,0.0,0.55,1.0,2.0,algo_low_certainty_sampled,D:\בעלי תשובה\גיל עקביוב,D:\בעלי תשובה\נפתלי גולד
128.0,128.0,0.0,1.0,0.0,0.0,1.0,0.3101754385964912,0.6898245614035088,1.0,0.3101754385964912,0.6898245614035088,1.0,0.0,0.0,0.0,0.0,0.3295979128312996,0.1952688172043011,0.05087719298245613,0.0,0.0,0.0,0.0,0.0,0.0,0.0,1.0,1.0,2.0,algo_low_certainty_sampled,D:\בעלי תשובה\יצחק מאיר\נשמות חדשות\חלק 1,D:\בעלי תשובה\יהודה גלאנץ\הופעה
192.0,160.0,32.0,0.8333333333333334,0.0,0.0,0.6993872645079584,0.2360348106993184,0.46335245380864,0.27946841589077837,0.2360348106993184,0.04343360519145997,0.0,0.0,0.0,0.0,0.0,0.5837131476757518,0.3844351477052385,0.2537348331319617,0.0,0.0,0.0,0.24,0.0,0.3722334482236048,0.0,1.0,1.0,2.0,algo_low_certainty_sampled,D:\בעלי תשובה\אהרון רזאל\אהבת חינם,D:\בעלי תשובה\שירים שאלעזר אהב
128.0,96.0,32.0,0.75,0.0,0.0,1.0,0.22190442340597138,0.7780955765940286,1.0,0.22190442340597138,0.7780955765940286,0.0,0.0,0.0,0.0,0.0,0.491471534901334,0.21120083181852295,0.07713552357515205,0.0,0.0,0.0,0.3076923076923077,0.0,0.5525835086219184,0.0,0.55,1.0,2.0,algo_low_certainty_sampled,D:\בעלי תשובה\יצחק שדהו,D:\בעלי תשובה\קול אחי\הללו
160.0,128.0,32.0,0.8,0.0,0.0,0.2726881529823451,0.2844109435360347,0.011722790553689577,0.27311707713779837,0.2844109435360347,0.011293866398236319,0.0,1.0,0.0,0.0,0.0,0.3507167323621778,0.4105542247682094,0.21848191814898862,0.0,0.049999999999999996,0.0,0.15384615384615385,0.0,0.20141266805628852,0.0,1.0,1.0,2.0,algo_low_certainty_sampled,D:\בעלי תשובה\שמעונה,D:\בעלי תשובה\אודי דוידי\אודי דוידי - בן אהוב
64.0,96.0,32.0,0.6666666666666666,0.0,0.0,0.24337572331410295,0.22190442340597138,0.02147129990813157,0.4669122431312358,0.22190442340597138,0.24500781972526442,0.0,0.0,0.0,0.0,0.0,0.5209209160882312,0.44478501541070203,0.1261150534134785,0.0,0.0,0.0,0.0,0.0,0.3710908331061492,0.0,1.0,1.0,2.0,algo_low_certainty_sampled,D:\בעלי תשובה\אודי טופלברג\מים,D:\בעלי תשובה\קול אחי\הללו
32.0,32.0,0.0,1.0,1.0,1.0,0.0,0.0,0.0,0.0,0.0,0.0,0.0,0.0,0.0,0.0,0.0,0.6141911884609853,0.6666666666666667,0.2857142857142857,0.0,0.0,0.0,0.4516129032258065,0.0,0.5692780138364444,0.0,1.0,1.0,2.0,algo_low_certainty_sampled,D:\בעלי תשובה\ארז משה דורון\000[066] כסף,D:\בעלי תשובה\ארז משה דורון\000[023] מעלת השמחה
128.0,128.0,0.0,1.0,0.0,0.0,1.0,0.21116393582337853,0.7888360641766214,0.27844605035436915,0.21116393582337853,0.06728211453099062,0.0,0.0,0.0,0.0,0.0,0.0,0.0,0.0,0.0,0.0,0.0,0.0,0.0,0.0,0.0,0.0,0.0,2.0,algo_no_comparison_result_sampled,D:\בעלי תשובה\סנדי שמואלי\מחכים,D:\בעלי תשובה\סנדי שמואלי\בעזרת השם
160.0,128.0,32.0,0.8,0.0,0.0,0.2150137524440931,0.264503876615915,0.049490124171821914,0.18847562874257065,1.0,0.8115243712574294,0.0,0.0,0.0,0.0,0.0,0.0,0.0,0.0,0.0,0.0,0.0,0.0,0.0,0.0,0.0,0.0,0.0,2.0,algo_no_comparison_result_sampled,D:\בעלי תשובה\ברק כהן\ברק כהן עם דובי גינז\עונג,D:\בעלי תשובה\אסף נגל\אדיר במרום
128.0,128.0,0.0,1.0,1.0,1.0,0.3569665526970235,0.3462975584756755,0.010668994221347983,0.2755814301892734,0.3462975584756755,0.07071612828640211,0.0,0.0,0.0,0.0,0.0,0.5120140232292337,0.4454086099233486,0.2785295436293621,0.0,0.0,0.0,0.25,0.0,0.26827510680669653,0.0,1.0,1.0,2.0,algo_low_certainty_sampled,D:\בעלי תשובה\יהודה גלאנץ\פיונרו,D:\בעלי תשובה\ישראל דגן\נפשי החזקה
128.0,128.0,0.0,1.0,0.0,0.0,0.7180435668882397,0.39919417184261435,0.3188493950456253,0.7180435668882397,0.25183269050770285,0.4662108763805368,0.0,0.0,0.0,0.0,0.0,0.729882747357443,0.261166945685639,0.16493135771780487,0.0,0.0,0.0,0.0,0.0,0.547811752571836,0.0,1.0,1.0,2.0,algo_low_certainty_sampled,D:\בעלי תשובה\מערבה מכאן,D:\בעלי תשובה\מיקי רוזנבאום\פסיפס-2
157.0909090909091,128.0,29.090909090909093,0.8148148148148148,0.0,0.0,0.3433230563582517,0.25729658680382567,0.08602646955442605,0.2387152837785005,0.25645829152593796,0.017743007747437478,0.0,0.0,0.0,0.0,0.0,0.4557816363444233,0.26115167093548464,0.28535936340608453,0.0,0.03162055335968379,0.0,0.2857142857142857,0.0,0.31526511702808624,0.0,1.0,1.0,2.0,algo_low_certainty_sampled,D:\בעלי תשובה\מאיר בנאי\לך אלי,D:\בעלי תשובה\צבי זלבסקי\פה ושם אני רוקד
128.0,128.0,0.0,1.0,0.0,1.0,0.6606431894230039,0.36207277452891484,0.2985704148940891,0.8222222222222222,1.0,0.1777777777777778,0.0,0.0,0.0,0.0,0.0,0.7368702020986476,0.32643209691631503,0.06507936507936507,0.0,0.0,0.0,0.10526315789473684,0.0,0.5159246463402148,0.0,1.0,1.0,2.0,algo_low_certainty_sampled,D:\בעלי תשובה\המדרגות\המדרגות חדש,D:\בעלי תשובה\ברק כהן\יש תקווה
192.0,128.0,64.0,0.6666666666666666,0.0,0.0,0.260760428742324,0.22718027545586006,0.033580153286463965,0.260760428742324,0.22718027545586006,0.033580153286463965,1.0,1.0,1.0,0.0,0.0,0.0,0.0,0.0,0.0,0.0,0.0,0.0,0.0,0.0,0.0,0.0,0.0,2.0,algo_no_comparison_result_sampled,D:\בעלי תשובה\יצחק פוקס\ממעמקים יצחק פוקס,D:\בעלי תשובה\יונתן רזאל\יונתן רזאל - בין הצלילים
128.0,128.0,0.0,1.0,0.0,0.0,0.2859762415131112,0.3462975584756755,0.06032131696256432,1.0,0.3462975584756755,0.6537024415243244,1.0,0.0,0.0,0.0,0.0,0.5530227387030445,0.4044695728150902,0.10620039682539684,0.0,0.0,0.0,0.11111111111111116,0.0,0.4890658052073979,0.0,1.0,1.0,2.0,algo_low_certainty_sampled,D:\בעלי תשובה\עדי רן\התבוננות,D:\בעלי תשובה\ישראל דגן\נפשי החזקה
32.0,32.0,0.0,1.0,1.0,1.0,0.0,0.0,0.0,0.0,0.0,0.0,0.0,0.0,0.0,0.0,0.0,0.5707703617621831,0.75,0.5,0.0,0.0,0.0,0.32258064516129037,0.0,0.16879971156495172,0.0,1.0,1.0,2.0,algo_low_certainty_sampled,D:\בעלי תשובה\ארז משה דורון\011 אחד היה אברהם,D:\בעלי תשובה\ארז משה דורון\064 תמיד תלמיד
320.0,160.0,160.0,0.5,0.09090909090909091,0.0,0.2328732027030505,0.27238638174643265,0.03951317904338214,0.23477009369085064,0.0,0.23477009369085064,0.0,0.0,0.0,0.0,0.0,0.0,0.0,0.0,0.0,0.0,0.0,0.0,0.0,0.0,0.0,0.0,0.0,2.0,algo_no_comparison_result_sampled,D:\בעלי תשובה\צמאה - אומנים שרים את ניגוני הרבי מילובביץ,D:\בעלי תשובה\אהרון רזאל\אהרן רזאל - זמן הגאולה
128.0,56.0,72.0,0.4375,0.0,0.0,0.6202184291388099,0.7537098401213115,0.1334914109825016,0.27770914861101964,0.2459984041872587,0.03171074442376093,0.0,0.0,0.0,0.0,0.0,0.24462270735728414,0.2942196636701472,0.30708490855549675,0.0,0.38095238095238093,0.0,0.0,0.0,0.6260483510355576,0.0,1.0,1.0,2.0,algo_low_certainty_sampled,D:\בעלי תשובה\אחיה רובין\ונזכה,D:\בעלי תשובה\סנדי שמואלי\עד מתי
128.0,128.0,0.0,1.0,0.0,0.0,0.2409177614286613,0.2330104184381377,0.00790734299052362,0.2393952727002871,0.18359844124657437,0.055796831453712725,0.0,0.0,0.0,0.0,0.0,0.2319895790941791,0.42864173384860127,0.1998707312904292,0.0,0.0320855614973262,0.0,0.3076923076923077,0.0,0.06211362759968683,0.0,1.0,1.0,2.0,algo_low_certainty_sampled,D:\בעלי תשובה\שולי רנד\שולי רנד קיסריה,D:\בעלי תשובה\יוסף קרדונר\סימנים בדרך
96.0,128.0,32.0,0.75,0.0,0.0,0.22190442340597138,0.24951725891354376,0.027612835507572375,0.22190442340597138,0.24951725891354376,0.027612835507572375,0.0,0.0,0.0,0.0,0.0,0.2577361767227907,0.4344972857043796,0.15421122994652406,0.0,0.0,0.0,0.1428571428571429,0.0,0.16031516570134724,0.0,1.0,1.0,2.0,algo_low_certainty_sampled,D:\בעלי תשובה\קול אחי\הללו,D:\בעלי תשובה\דני ממן\זה שיר שבח
128.0,128.0,0.0,1.0,1.0,1.0,0.3569665526970235,0.2755814301892734,0.0813851225077501,0.2755814301892734,0.2755814301892734,0.0,0.0,0.0,0.0,0.0,0.0,0.6301794140786405,0.5102495848770657,0.33220038208438074,0.0,0.0,0.0,0.0,0.0,0.3367817532013243,0.0,1.0,1.0,2.0,algo_low_certainty_sampled,D:\בעלי תשובה\יהודה גלאנץ\פיונרו,D:\בעלי תשובה\יהודה גלאנץ\Phinar
128.0,128.0,0.0,1.0,0.0,0.0,0.2859762415131112,1.0,0.7140237584868888,1.0,0.27844605035436915,0.7215539496456309,1.0,0.0,0.0,0.0,0.0,0.0,0.0,0.0,0.0,0.0,0.0,0.0,0.0,0.0,0.0,0.0,0.0,2.0,algo_no_comparison_result_sampled,D:\בעלי תשובה\עדי רן\התבוננות,D:\בעלי תשובה\סנדי שמואלי\מחכים
128.0,128.0,0.0,1.0,0.0,0.0,0.40024241465807686,0.6847330038265858,0.2844905891685089,0.29184619831127967,0.22257521613042763,0.06927098218085204,0.0,0.0,0.0,0.0,0.0,0.0,0.0,0.0,0.0,0.0,0.0,0.0,0.0,0.0,0.0,0.0,0.0,2.0,algo_no_comparison_result_sampled,D:\בעלי תשובה\אלטרנטיבי\להקת המדרגות-בפתח הדלת,D:\בעלי תשובה\אורן ארנון\עלי באר
128.0,128.0,0.0,1.0,0.0,0.0,1.0,0.4261133624252772,0.5738866375747228,0.2601616418210846,0.4261133624252772,0.1659517206041926,0.0,0.0,0.0,0.0,0.0,0.0,0.0,0.0,0.0,0.0,0.0,0.0,0.0,0.0,0.0,0.0,0.0,2.0,algo_no_comparison_result_sampled,D:\בעלי תשובה\נקודה טובה,D:\בעלי תשובה\יוסף (גלעד) קרדונר\בחירה - 03
160.0,128.0,32.0,0.8,0.0,1.0,0.2726881529823451,0.4601311768377076,0.1874430238553625,0.27311707713779837,0.4601311768377076,0.18701409969990923,0.0,0.0,0.0,0.0,0.0,0.3205682351906443,0.4337574566552527,0.29362610188447774,0.0,0.0,0.0,0.36363636363636365,0.0,0.19851547399342193,0.0,1.0,1.0,2.0,algo_low_certainty_sampled,D:\בעלי תשובה\שמעונה,D:\בעלי תשובה\יונתן
160.0,128.0,32.0,0.8,0.0,0.0,0.38524365674718647,0.21394797205483929,0.17129568469234718,0.38524365674718647,0.32470163567732774,0.06054202106985873,0.0,0.0,0.0,0.0,0.0,0.5267486688755132,0.44979067740013945,0.28165922444448815,0.06560846560846562,0.0769615192403798,0.0,0.2857142857142857,0.0,0.29133792679592063,0.0,0.0,0.0,2.0,algo_low_certainty_sampled,D:\בעלי תשובה\אלטרנטיבי\להקת נפקא מינה-גשר צר,D:\בעלי תשובה\ישראל דגן\תנו לי את לבכם
320.0,128.0,192.0,0.4,0.0,0.0,0.416959409862627,0.8534650546662002,0.4365056448035732,0.31644553061421565,0.8788867414094268,0.5624412107952111,1.0,0.0,0.0,0.0,0.0,0.0,0.0,0.0,0.0,0.0,0.0,0.0,0.0,0.0,0.0,0.0,0.0,2.0,algo_no_comparison_result_sampled,D:\בעלי תשובה\עמיר בניון\עמיר בניון שירי ארץ אהבה\עמיר בניון - שירי ארץ-אהבה,D:\בעלי תשובה\סיני תור
128.0,128.0,0.0,1.0,0.0,0.0,0.6606431894230039,0.4028413437474495,0.2578018456755544,0.8222222222222222,0.2725157489002033,0.5497064733220189,0.0,0.0,0.0,0.0,0.0,0.7670222198567683,0.3976623133590945,0.14249469191894373,0.0,0.31374542124542126,0.0,0.21052631578947367,0.0,0.5689026591106262,0.0,1.0,1.0,2.0,algo_low_certainty_sampled,D:\בעלי תשובה\המדרגות\המדרגות חדש,D:\בעלי תשובה\מאיר בנאי\שמע קולי
128.0,96.0,32.0,0.75,0.0,0.0,0.2941560623287137,0.24974139732911663,0.04441466499959709,0.0,0.24974139732911663,0.24974139732911663,0.0,0.0,0.0,0.0,0.0,0.5730915166430247,0.4463163667524722,0.0,0.0,0.0,0.0,0.11764705882352944,0.0,0.5607701042414014,0.0,0.0,0.0,2.0,algo_low_certainty_sampled,D:\בעלי תשובה\עדי רן\אל תכה בסלע,D:\בעלי תשובה\קול אחי\השקיפה
128.0,166.4,38.400000000000006,0.7692307692307692,0.0,0.0,0.6387530961627489,0.2594066150567698,0.37934648110597907,0.2787580723284634,0.2594066150567698,0.019351457271693573,0.0,1.0,0.0,0.0,0.0,0.0,0.0,0.0,0.0,0.0,0.0,0.0,0.0,0.0,0.0,0.0,0.0,2.0,algo_no_comparison_result_sampled,D:\בעלי תשובה\ישראל דגן\עדיין יש תקווה,D:\בעלי תשובה\עדי רן\עדי רן - גלגל של הצלה
128.0,128.0,0.0,1.0,0.0,0.0,0.3462975584756755,0.40024241465807686,0.05394485618240136,0.3462975584756755,0.29184619831127967,0.054451360164395834,0.0,0.0,0.0,0.0,0.0,0.5330552684996605,0.5033902973531457,0.268782428355142,0.0,0.0,0.0,0.25,0.0,0.3262200615903173,0.0,0.0,0.0,2.0,algo_low_certainty_sampled,D:\בעלי תשובה\ישראל דגן\נפשי החזקה,D:\בעלי תשובה\אלטרנטיבי\להקת המדרגות-בפתח הדלת
128.0,128.0,0.0,1.0,0.0,1.0,0.25729658680382567,1.0,0.7427034131961743,0.25645829152593796,1.0,0.7435417084740621,0.0,0.0,0.0,0.0,0.0,0.6718598756673576,0.21538647364526825,0.10341614525825053,0.0,0.0,0.0,0.3529411764705882,0.0,0.4299858827852644,0.0,1.0,1.0,2.0,algo_low_certainty_sampled,D:\בעלי תשובה\צבי זלבסקי\פה ושם אני רוקד,D:\בעלי תשובה\אודי דוידי\אודי דוידי דבר אליו
128.0,128.0,0.0,1.0,0.0,1.0,0.3409729108296054,0.27179654705633965,0.06917636377326575,0.3409729108296054,0.27179654705633965,0.06917636377326575,0.0,0.0,0.0,0.0,0.0,0.3396515555916713,0.45114825661499147,0.26263301620502477,0.0,0.0,0.0,0.16666666666666663,0.0,0.20064407891833674,0.0,1.0,1.0,2.0,algo_low_certainty_sampled,D:\בעלי תשובה\ישראל דגן\דגן חתונות\משה אונו,D:\בעלי תשובה\יהודה גלאנץ\נעלה
128.0,32.0,96.0,0.25,0.0,0.0,0.6499881692003374,0.0,0.6499881692003374,0.6499881692003374,0.0,0.6499881692003374,0.0,0.0,0.0,0.0,0.0,0.2169965334283659,0.3178049372902314,0.1132373373752684,0.0,0.0,0.0,0.2068965517241379,0.0,0.0,0.0,0.0,0.0,2.0,algo_low_certainty_sampled,D:\בעלי תשובה\ישראל דגן\לכבוד רשב'י,D:\בעלי תשובה\ארז משה דורון\034 אש רוח מים עפר
32.0,128.0,96.0,0.25,0.0,1.0,0.0,1.0,1.0,0.0,1.0,1.0,0.0,0.0,0.0,0.0,0.0,0.14722269048009903,0.21999999999999997,0.033333333333333326,0.0,0.0,0.0,0.07999999999999996,0.0,0.2711100329936712,0.0,0.0,0.0,2.0,algo_low_certainty_sampled,D:\בעלי תשובה\ארז משה דורון\000[066] כסף,D:\בעלי תשובה\רונן  חזיזה\שמחה של מצווה
128.0,128.0,0.0,1.0,0.0,1.0,0.3569665526970235,0.6606431894230039,0.30367663672598044,0.2755814301892734,0.8222222222222222,0.5466407920329488,0.0,0.0,0.0,0.0,0.0,0.6936572531679384,0.38328847125304755,0.1419981454616592,0.0,0.0,0.0,0.23529411764705888,0.0,0.5545165745543106,0.0,1.0,1.0,2.0,algo_low_certainty_sampled,D:\בעלי תשובה\יהודה גלאנץ\פיונרו,D:\בעלי תשובה\המדרגות\המדרגות חדש
128.0,128.0,0.0,1.0,0.0,0.0,0.2859762415131112,0.3569665526970235,0.0709903111839123,1.0,0.2755814301892734,0.7244185698107266,1.0,0.0,0.0,0.0,0.0,0.593743694769101,0.39994394714407505,0.13649520197575118,0.0,0.0,0.0,0.4285714285714286,0.0,0.3973174183262226,0.0,1.0,1.0,2.0,algo_low_certainty_sampled,D:\בעלי תשובה\עדי רן\התבוננות,D:\בעלי תשובה\יהודה גלאנץ\פיונרו
320.0,320.0,0.0,1.0,0.0,0.0,0.269820031736722,0.21162859691843153,0.05819143481829045,0.269820031736722,1.0,0.730179968263278,0.0,0.0,0.0,0.0,0.0,0.5622817005656752,0.4578395229059366,0.10941674190337292,0.0,0.0,0.0,0.09090909090909094,0.0,0.3972824758884812,0.0,1.0,1.0,2.0,algo_low_certainty_sampled,D:\בעלי תשובה\חיים דוד סרצ'יק\היום,D:\בעלי תשובה\שולי רנד\שולי רנד בקיסריה 2
320.0,128.0,192.0,0.4,0.0,0.0,0.45042736031577224,0.2844109435360347,0.16601641677973755,0.45042736031577224,0.2844109435360347,0.16601641677973755,0.0,1.0,0.0,0.0,0.0,0.0,0.0,0.0,0.0,0.0,0.0,0.0,0.0,0.0,0.0,0.0,0.0,2.0,algo_no_comparison_result_sampled,D:\בעלי תשובה\יאיר כלב\הרב יאיר כלב ולהקת א גרויסע מציאה\עצם הנשמה,D:\בעלי תשובה\אודי דוידי\אודי דוידי - בן אהוב
128.0,128.0,0.0,1.0,0.0,0.0,0.39919417184261435,0.26167062689250503,0.13752354495010932,0.25183269050770285,0.26167062689250503,0.009837936384802182,0.0,0.0,0.0,0.0,0.0,0.7099526353245594,0.47487733398882237,0.29024055987906366,0.0,0.0,0.0,0.19999999999999996,0.0,0.48650424525263664,0.0,1.0,1.0,2.0,algo_low_certainty_sampled,D:\בעלי תשובה\מיקי רוזנבאום\פסיפס-2,D:\בעלי תשובה\קול אחי\בני
128.0,128.0,0.0,1.0,0.0,0.0,0.2755814301892734,0.4028413437474495,0.12725991355817612,0.2755814301892734,0.2725157489002033,0.003065681289070088,0.0,0.0,0.0,0.0,0.0,0.6795625185103812,0.57047310606289,0.27626707375273807,0.0,0.0,0.0,0.0,0.0,0.46645567902522844,0.0,1.0,1.0,2.0,algo_low_certainty_sampled,D:\בעלי תשובה\יהודה גלאנץ\Phinar,D:\בעלי תשובה\מאיר בנאי\שמע קולי
128.0,128.0,0.0,1.0,0.0,0.0,0.6974116257476615,1.0,0.30258837425233853,0.6974116257476615,0.2601616418210846,0.4372499839265769,0.0,0.0,0.0,0.0,0.0,0.5677892331921295,0.20000377660877433,0.25936743565270215,0.0,0.0,0.0,0.2857142857142857,0.0,0.3266777010349686,0.0,0.0,0.0,2.0,algo_low_certainty_sampled,D:\בעלי תשובה\חיות  הקודש,D:\בעלי תשובה\נקודה טובה
160.0,131.04761904761904,28.952380952380963,0.819047619047619,0.0,0.0,0.3975689808523364,0.24481103003147509,0.1527579508208613,0.3975689808523364,0.21175375144557793,0.18581522940675846,0.0,0.0,0.0,0.0,0.0,0.3954967907579234,0.39263024362446053,0.0741622889241937,0.0,0.09045408044590784,0.0,0.375,0.0,0.08023118295968086,0.0,1.0,1.0,2.0,algo_low_certainty_sampled,D:\בעלי תשובה\ישראל דגן\דגן חתונות\משה כליל,D:\בעלי תשובה\שולי רנד\שולי רנד
320.0,98.9090909090909,221.0909090909091,0.3090909090909091,0.0,0.0,0.2328732027030505,0.2270135150184752,0.005859687684575315,0.23477009369085064,0.2270135150184752,0.007756578672375447,0.0,0.0,0.0,0.0,0.0,0.1028109751733345,0.43683162904258244,0.2282994670933828,0.0,0.0,0.0,0.04347826086956519,0.0,0.5493373629651294,0.0,0.0,0.0,2.0,algo_low_certainty_sampled,D:\בעלי תשובה\צמאה - אומנים שרים את ניגוני הרבי מילובביץ,D:\בעלי תשובה\יצחק פוקס\פוקס
128.0,128.0,0.0,1.0,0.0,0.0,0.2873753124937582,0.26316833264670075,0.02420697984705744,0.2873753124937582,0.26316833264670075,0.02420697984705744,0.0,0.0,0.0,0.0,0.0,0.0,0.0,0.0,0.0,0.0,0.0,0.0,0.0,0.0,0.0,0.0,0.0,2.0,algo_no_comparison_result_sampled,D:\בעלי תשובה\אברהם אבוטבול\בית הקדושה,D:\בעלי תשובה\ירמיהו\כנגן המנגן
160.0,128.0,32.0,0.8,0.0,1.0,0.22423017210857654,1.0,0.7757698278914235,0.22423017210857654,1.0,0.7757698278914235,0.0,0.0,0.0,0.0,0.0,0.4833984892406784,0.1979981077149009,0.08948828741142648,0.0,0.0,0.0,0.30000000000000004,0.0,0.2566911825292795,0.0,1.0,1.0,2.0,algo_low_certainty_sampled,D:\בעלי תשובה\מים 1,D:\בעלי תשובה\ברלינגר\משה לוי והלויים
128.0,128.0,0.0,1.0,0.0,0.0,0.2026569618223385,0.21394797205483929,0.011291010232500787,0.2026569618223385,0.32470163567732774,0.12204467385498924,0.0,0.0,0.0,0.0,0.0,0.41175831232174986,0.46948137518078426,0.24788233209285837,0.0,0.0,0.0,0.2222222222222222,0.0,0.19437414767118705,0.0,1.0,1.0,2.0,algo_low_certainty_sampled,D:\בעלי תשובה\להבה,D:\בעלי תשובה\ישראל דגן\תנו לי את לבכם
128.0,128.0,0.0,1.0,0.0,1.0,1.0,0.4395813988062998,0.5604186011937002,1.0,0.4395813988062998,0.5604186011937002,0.0,0.0,0.0,0.0,0.0,0.557533174501248,0.15665356067421926,0.05119713047632959,0.0,0.0,0.0,0.3703703703703704,0.0,0.3364878423653142,0.0,1.0,1.0,2.0,algo_low_certainty_sampled,D:\בעלי תשובה\ברלינגר\משה לוי והלויים,D:\בעלי תשובה\ישראל דגן\ראש השנה שלי
128.0,128.0,0.0,1.0,0.0,0.0,0.2873753124937582,0.8181818181818182,0.53080650568806,0.2873753124937582,0.0,0.2873753124937582,0.0,0.0,0.0,0.0,0.0,0.55301028331844,0.2273612848135504,0.013986013986013986,0.0,0.0202020202020202,0.0,0.14814814814814814,0.0,0.25999388632496695,0.0,0.5454545454545454,1.0,2.0,algo_low_certainty_sampled,D:\בעלי תשובה\אברהם אבוטבול\בית הקדושה,D:\בעלי תשובה\חיים דוד סרצ'יק\היום\1-זה כפול נא לסדר
128.0,320.0,192.0,0.4,0.0,0.0,0.7648210459606535,0.20824731826827425,0.5565737276923792,0.635970973660645,1.0,0.36402902633935497,0.0,0.0,0.0,0.0,0.0,0.15719459587498022,0.2600346334636566,0.10779018703747806,0.0,0.282051282051282,0.0,0.17391304347826086,0.0,0.34114581746688183,0.0,1.0,1.0,2.0,algo_low_certainty_sampled,D:\בעלי תשובה\הלוים,D:\בעלי תשובה\שולי רנד\שולי רנד בקיסריה 1
32.0,32.0,0.0,1.0,1.0,1.0,0.0,0.0,0.0,0.0,1.0,1.0,0.0,0.0,0.0,0.0,0.0,0.7225332326072793,0.7142857142857143,0.07499999999999998,0.0,0.0,0.0,0.2941176470588235,0.0,0.563623871824172,0.0,1.0,1.0,2.0,algo_low_certainty_sampled,D:\בעלי תשובה\ארז משה דורון\028 חינוך ילדים,D:\בעלי תשובה\ארז משה דורון\000[096] סוד הויתור
128.0,128.0,0.0,1.0,0.0,0.0,0.6606431894230039,0.6387530961627489,0.02189009326025504,0.8222222222222222,0.2787580723284634,0.5434641498937588,0.0,0.0,0.0,0.0,0.0,0.6197978616104344,0.3373551611688288,0.14373779222055083,0.0,0.0,0.0,0.24,0.0,0.44886430912277797,0.0,1.0,1.0,2.0,algo_low_certainty_sampled,D:\בעלי תשובה\המדרגות\המדרגות חדש,D:\בעלי תשובה\ישראל דגן\עדיין יש תקווה
128.0,128.0,0.0,1.0,0.0,0.0,0.2873753124937582,0.23306579697939106,0.054309515514367135,0.2873753124937582,0.23306579697939106,0.054309515514367135,0.0,0.0,0.0,0.0,0.0,0.0,0.0,0.0,0.0,0.0,0.0,0.0,0.0,0.0,0.0,0.0,0.0,2.0,algo_no_comparison_result_sampled,D:\בעלי תשובה\אברהם אבוטבול\בית הקדושה,D:\בעלי תשובה\אודי אולמן\אודי - 3
128.0,128.0,0.0,1.0,0.0,0.0,0.2280134555390086,1.0,0.7719865444609915,0.25332720690615423,0.0,0.25332720690615423,0.0,0.0,0.0,0.0,0.0,0.47146462542370526,0.22781015281015282,0.0,0.0,0.0,0.0,0.36363636363636365,0.0,0.29138062039390955,0.0,0.0,0.0,2.0,algo_low_certainty_sampled,D:\בעלי תשובה\למען שמו באהבה,D:\בעלי תשובה\חיים דוד סרצ'יק\מצור דבש
64.0,128.0,64.0,0.5,1.0,1.0,0.24337572331410295,1.0,0.756624276685897,0.4669122431312358,1.0,0.5330877568687642,0.0,0.0,0.0,0.0,0.0,0.33291882045180393,0.19656133144548477,0.026534802916381866,0.0,0.0,0.0,0.16666666666666663,0.0,0.27191422047790353,0.0,1.0,1.0,2.0,algo_low_certainty_sampled,D:\בעלי תשובה\אודי טופלברג\מים,D:\בעלי תשובה\יצחק שדהו
160.0,320.0,160.0,0.5,0.0,0.0,0.2726881529823451,0.4637226853878569,0.19103453240551177,0.27311707713779837,0.4626829626472544,0.18956588550945602,0.0,0.0,0.0,0.0,0.0,0.16280232583106266,0.3786225173783742,0.25780945061130817,0.0,0.03133903133903134,0.0,0.3529411764705882,0.0,0.1289019127938729,0.0,0.0,0.0,2.0,algo_low_certainty_sampled,D:\בעלי תשובה\שמעונה,D:\בעלי תשובה\יאיר כלב\עצם הנשמה 3
192.0,128.0,64.0,0.6666666666666666,0.0,0.0,0.3067488807297329,0.4261133624252772,0.11936448169554431,0.3067488807297329,0.4261133624252772,0.11936448169554431,1.0,0.0,0.0,0.0,0.0,0.0,0.0,0.0,0.0,0.0,0.0,0.0,0.0,0.0,0.0,0.0,0.0,2.0,algo_no_comparison_result_sampled,D:\בעלי תשובה\אהרון רזאל\אהרן רזאל - קבעתי את מושבי\אהרן רזאל - קבעתי את מושבי,D:\בעלי תשובה\יוסף (גלעד) קרדונר\בחירה - 03
160.0,128.0,32.0,0.8,0.0,0.0,0.2150137524440931,1.0,0.7849862475559068,0.18847562874257065,1.0,0.8115243712574294,0.0,0.0,0.0,0.0,0.0,0.0,0.0,0.0,0.0,0.0,0.0,0.0,0.0,0.0,0.0,0.0,0.0,2.0,algo_no_comparison_result_sampled,D:\בעלי תשובה\ברק כהן\ברק כהן עם דובי גינז\עונג,D:\בעלי תשובה\נפתלי גולד
160.0,128.0,32.0,0.8,1.0,1.0,0.22423017210857654,1.0,0.7757698278914235,0.22423017210857654,1.0,0.7757698278914235,0.0,0.0,0.0,0.0,0.0,0.3479089389173712,0.20853188856652852,0.09228520130054654,0.0,0.0,0.0,0.2857142857142857,0.0,0.2439775752396914,0.0,1.0,1.0,2.0,algo_low_certainty_sampled,D:\בעלי תשובה\מים 1,D:\בעלי תשובה\יצחק שדהו
128.0,192.0,64.0,0.6666666666666666,0.0,0.0,0.2016140369955885,0.6993872645079584,0.4977732275123699,0.2016140369955885,0.27946841589077837,0.07785437889518987,0.0,0.0,0.0,0.0,0.0,0.0,0.0,0.0,0.0,0.0,0.0,0.0,0.0,0.0,0.0,0.0,0.0,2.0,algo_no_comparison_result_sampled,D:\בעלי תשובה\ק'ן ברג'ס\בנה מלכותו,D:\בעלי תשובה\אהרון רזאל\אהבת חינם
320.0,160.0,160.0,0.5,0.0,0.0,0.21162859691843153,0.27238638174643265,0.06075778482800112,1.0,0.0,1.0,0.0,0.0,0.0,0.0,0.0,0.0,0.0,0.0,0.0,0.0,0.0,0.0,0.0,0.0,0.0,0.0,0.0,2.0,algo_no_comparison_result_sampled,D:\בעלי תשובה\שולי רנד\שולי רנד בקיסריה 2,D:\בעלי תשובה\אהרון רזאל\אהרן רזאל - זמן הגאולה
128.0,128.0,0.0,1.0,0.0,0.0,0.2859762415131112,0.40024241465807686,0.11426617314496568,1.0,0.29184619831127967,0.7081538016887203,1.0,0.0,0.0,0.0,0.0,0.0,0.0,0.0,0.0,0.0,0.0,0.0,0.0,0.0,0.0,0.0,0.0,2.0,algo_no_comparison_result_sampled,D:\בעלי תשובה\עדי רן\התבוננות,D:\בעלי תשובה\אלטרנטיבי\להקת המדרגות-בפתח הדלת
128.0,128.0,0.0,1.0,0.0,0.0,1.0,0.22711722683296007,0.7728827731670399,0.0,0.22711722683296007,0.22711722683296007,0.0,0.0,0.0,0.0,0.0,0.560949126699654,0.21441528936588225,0.0,0.0,0.0,0.0,0.3529411764705882,0.0,0.291305634273011,0.0,1.0,1.0,2.0,algo_low_certainty_sampled,D:\בעלי תשובה\חיים דוד סרצ'יק\מצור דבש,D:\בעלי תשובה\יניב\קומי אורי
128.0,128.0,0.0,1.0,0.0,0.0,0.40024241465807686,0.24951725891354376,0.1507251557445331,0.29184619831127967,0.24951725891354376,0.04232893939773591,0.0,0.0,0.0,0.0,0.0,0.4753839778630101,0.39840304856433895,0.2256801585964327,0.0,0.0,0.0,0.3125,0.0,0.1632302360532481,0.0,0.0,0.0,2.0,algo_low_certainty_sampled,D:\בעלי תשובה\אלטרנטיבי\להקת המדרגות-בפתח הדלת,D:\בעלי תשובה\דני ממן\זה שיר שבח
32.0,32.0,0.0,1.0,1.0,1.0,0.0,0.0,0.0,1.0,0.0,1.0,0.0,0.0,0.0,0.0,0.0,0.6633672390804795,0.6666666666666667,0.11363636363636362,0.0,0.0,0.0,0.38888888888888884,0.0,0.5494559076225874,0.0,1.0,1.0,2.0,algo_low_certainty_sampled,D:\בעלי תשובה\ארז משה דורון\000[096] סוד הויתור,D:\בעלי תשובה\ארז משה דורון\011 אחד היה אברהם
192.0,128.0,64.0,0.6666666666666666,0.0,0.0,0.3067488807297329,0.2809753868055855,0.025773493924147406,0.3067488807297329,0.2555969699945765,0.0511519107351564,1.0,0.0,0.0,0.0,0.0,0.40837174363992435,0.44628592502831843,0.25074726165353806,0.0,0.025974025974025972,0.0,0.12903225806451613,0.0,0.554325687109111,0.0,1.0,1.0,2.0,algo_low_certainty_sampled,D:\בעלי תשובה\אהרון רזאל\אהרן רזאל - קבעתי את מושבי\אהרן רזאל - קבעתי את מושבי,D:\בעלי תשובה\יוסף קרדונר\בחירה
128.0,96.0,32.0,0.75,0.0,0.0,0.4028413437474495,0.22190442340597138,0.18093692034147812,0.2725157489002033,0.22190442340597138,0.05061132549423192,0.0,0.0,0.0,0.0,0.0,0.0,0.0,0.0,0.0,0.0,0.0,0.0,0.0,0.0,0.0,0.0,0.0,2.0,algo_no_comparison_result_sampled,D:\בעלי תשובה\מאיר בנאי\שמע קולי,D:\בעלי תשובה\קול אחי\הללו
32.0,32.0,0.0,1.0,1.0,1.0,0.0,0.0,0.0,1.0,0.0,1.0,0.0,0.0,0.0,0.0,0.0,0.5750895279941004,0.8,0.11363636363636362,0.0,0.0,0.0,0.4864864864864865,0.0,0.23507269034477013,0.0,1.0,1.0,2.0,algo_low_certainty_sampled,D:\בעלי תשובה\ארז משה דורון\000[096] סוד הויתור,D:\בעלי תשובה\ארז משה דורון\063 מנהיגות יהודית
32.0,32.0,0.0,1.0,1.0,1.0,0.0,0.0,0.0,0.0,0.0,0.0,0.0,0.0,0.0,0.0,0.0,0.9534824437378224,0.7142857142857143,0.33333333333333337,0.0,0.0,0.0,0.32258064516129037,0.0,0.9299674116258353,0.0,1.0,1.0,2.0,algo_low_certainty_sampled,D:\בעלי תשובה\ארז משה דורון\064 תמיד תלמיד,D:\בעלי תשובה\ארז משה דורון\003 שמחה מתוך צער
128.0,128.0,0.0,1.0,0.0,1.0,0.3022111170984259,0.6974116257476615,0.39520050864923556,0.3022111170984259,0.6974116257476615,0.39520050864923556,0.0,0.0,0.0,0.0,0.0,0.07726433621336921,0.31092626023783115,0.1023076898386269,0.0,0.0,0.0,0.09999999999999998,0.0,0.0,0.0,1.0,1.0,2.0,algo_low_certainty_sampled,D:\בעלי תשובה\ישראל דגן\דגן חתונות\משה אטיאס,D:\בעלי תשובה\חיות  הקודש
128.0,192.0,64.0,0.6666666666666666,0.0,0.0,1.0,1.0,0.0,0.260144522835359,0.0,0.260144522835359,0.0,0.0,0.0,0.0,0.0,0.3795570262628609,0.3928571428571429,0.0,0.0,0.0,0.0,0.15384615384615385,0.0,0.1761554514240077,0.0,0.9642857142857143,2.0,2.0,algo_low_certainty_sampled,D:\בעלי תשובה\חיים דוד סרצ'יק\הפורש,D:\בעלי תשובה\סיני תור\סיני חדש
128.0,128.0,0.0,1.0,0.0,1.0,0.2727991566036579,1.0,0.7272008433963422,0.27455635043139537,0.0,0.27455635043139537,0.0,0.0,0.0,0.0,0.0,0.6097225853678887,0.19709566262197842,0.0,0.0,0.0,0.0,0.0,0.0,0.38468166815809746,0.0,1.0,1.0,2.0,algo_low_certainty_sampled,D:\בעלי תשובה\ישעיה חסיד\אחד,D:\בעלי תשובה\חיים דוד סרצ'יק\למעו שמו
160.0,192.0,32.0,0.8333333333333334,0.0,0.0,0.21497468337814524,0.3693793107610762,0.15440462738293098,0.21497468337814524,0.22502142268352276,0.010046739305377528,0.0,1.0,0.0,0.0,0.0,0.534473993020557,0.41033048308936576,0.24568500554510866,0.0,0.0,0.0,0.36363636363636365,0.0,0.3305509403392533,0.0,0.0,0.0,2.0,algo_low_certainty_sampled,D:\בעלי תשובה\מים 2,D:\בעלי תשובה\שולי רנד\הופעה בקיסריה\שולי רנד - בקיסריה\דיסק 1
128.0,128.0,0.0,1.0,0.0,0.0,1.0,0.2139713364504999,0.7860286635495001,0.2601616418210846,0.21586764519215973,0.04429399662892486,0.0,0.0,0.0,0.0,0.0,0.0,0.0,0.0,0.0,0.0,0.0,0.0,0.0,0.0,0.0,0.0,0.0,2.0,algo_no_comparison_result_sampled,D:\בעלי תשובה\נקודה טובה,D:\בעלי תשובה\אנסמבל שם-טוב לוי\תחנות רוח
128.0,128.0,0.0,1.0,0.0,0.0,0.27700884219937516,0.6974116257476615,0.4204027835482863,0.27700884219937516,0.6974116257476615,0.4204027835482863,0.0,0.0,0.0,0.0,0.0,0.5459313604984414,0.44980018362519997,0.3231005388373517,0.0,0.0,0.0,0.27586206896551724,0.0,0.1936029807492237,0.0,0.0,0.0,2.0,algo_low_certainty_sampled,D:\בעלי תשובה\עדי רן\עדי רן והגיטרה - 1,D:\בעלי תשובה\חיות  הקודש
128.0,128.0,0.0,1.0,0.0,0.0,1.0,0.27114163132912755,0.7288583686708725,0.2601616418210846,0.27114163132912755,0.010979989508042964,0.0,0.0,0.0,0.0,0.0,0.6724737335051251,0.2463121841249053,0.25599632690541774,0.0,0.0,0.0,0.25,0.0,0.44435646176284516,0.0,0.0,0.0,2.0,algo_low_certainty_sampled,D:\בעלי תשובה\נקודה טובה,D:\בעלי תשובה\דב אינדיג\בת קול
128.0,192.0,64.0,0.6666666666666666,0.0,0.0,0.27114163132912755,0.3602569865901291,0.08911535526100156,0.27114163132912755,0.20396713382961987,0.06717449749950768,0.0,1.0,0.0,0.0,0.0,0.3904639264250585,0.44064874669789483,0.24950838921427154,0.0,0.0,0.0,0.16666666666666663,0.0,0.08161358898343961,0.0,0.0,0.0,2.0,algo_low_certainty_sampled,D:\בעלי תשובה\דב אינדיג\בת קול,D:\בעלי תשובה\שולי רנד\הופעה בקיסריה\שולי רנד - בקיסריה\דיסק 2
128.0,128.0,0.0,1.0,0.0,0.0,0.2918023180740775,0.27179654705633965,0.020005771017737872,0.28317402612751363,0.27179654705633965,0.01137747907117398,0.0,0.0,0.0,0.0,0.0,0.6072560522833965,0.32434065583757454,0.10226535412560821,0.0,0.008097165991902834,0.0,0.125,0.0,0.42057585113945417,0.0,1.0,1.0,2.0,algo_low_certainty_sampled,D:\בעלי תשובה\ק'ן ברג'ס\לא לבד במדבר,D:\בעלי תשובה\יהודה גלאנץ\נעלה
128.0,128.0,0.0,1.0,0.0,0.0,1.0,0.264503876615915,0.735496123384085,1.0,1.0,0.0,0.0,0.0,0.0,0.0,0.0,0.7046419681341505,0.26691230114589404,0.39210526315789473,0.0,0.1290322580645161,0.0,0.31999999999999995,0.0,0.5444120476344326,0.0,1.0,1.0,2.0,algo_low_certainty_sampled,D:\בעלי תשובה\ברלינגר\משה לוי והלויים,D:\בעלי תשובה\אסף נגל\אדיר במרום
128.0,98.9090909090909,29.090909090909093,0.7727272727272727,0.0,0.0,0.2280134555390086,0.2270135150184752,0.0009999405205333989,0.25332720690615423,0.2270135150184752,0.02631369188767904,0.0,0.0,0.0,0.0,0.0,0.47261143244411224,0.48136540227449315,0.09122888605647227,0.0,0.0,0.0,0.11111111111111116,0.0,0.0747981722155073,0.0,0.0,0.0,2.0,algo_low_certainty_sampled,D:\בעלי תשובה\למען שמו באהבה,D:\בעלי תשובה\יצחק פוקס\פוקס
128.0,128.0,0.0,1.0,0.0,0.0,0.4028413437474495,1.0,0.5971586562525505,0.2725157489002033,0.0,0.2725157489002033,0.0,0.0,0.0,0.0,0.0,0.5922701699254102,0.19438008489707276,0.0,0.0,0.0,0.0,0.5,0.0,0.2729294184124935,0.0,0.55,1.0,2.0,algo_low_certainty_sampled,D:\בעלי תשובה\מאיר בנאי\שמע קולי,D:\בעלי תשובה\חיים דוד סרצ'יק\למעו שמו
128.0,128.0,0.0,1.0,0.0,0.0,1.0,0.25256305214732394,0.7474369478526761,1.0,0.25256305214732394,0.7474369478526761,0.0,0.0,0.0,0.0,0.0,0.6052824248701013,0.188379657931461,0.03744633419556021,0.0,0.0,0.0,0.29268292682926833,0.0,0.45355526858749784,0.0,1.0,1.0,2.0,algo_low_certainty_sampled,D:\בעלי תשובה\נפתלי גולד,D:\בעלי תשובה\יערות דבש-יצחק אזולאי\יערות דבש השיר והשבחלחי העולמים
160.0,128.0,32.0,0.8,0.0,0.0,0.3707724849592341,0.27700884219937516,0.09376364275985893,0.3707724849592341,0.27700884219937516,0.09376364275985893,0.0,0.0,0.0,0.0,0.0,0.0,0.0,0.0,0.0,0.0,0.0,0.0,0.0,0.0,0.0,0.0,0.0,2.0,algo_no_comparison_result_sampled,D:\בעלי תשובה\תיקון הכללי,D:\בעלי תשובה\עדי רן\עדי רן והגיטרה - 1
128.0,128.0,0.0,1.0,0.0,1.0,1.0,0.25256305214732394,0.7474369478526761,1.0,0.25256305214732394,0.7474369478526761,0.0,0.0,0.0,0.0,0.0,0.5629635579798051,0.17987508850541445,0.042054048163887976,0.0,0.0,0.0,0.43478260869565216,0.0,0.24098357550279922,0.0,1.0,1.0,2.0,algo_low_certainty_sampled,D:\בעלי תשובה\ברלינגר\משה לוי והלויים,D:\בעלי תשובה\יערות דבש-יצחק אזולאי\יערות דבש השיר והשבחלחי העולמים
128.0,56.0,72.0,0.4375,0.0,1.0,0.36207277452891484,0.7537098401213115,0.39163706559239664,1.0,0.2459984041872587,0.7540015958127413,0.0,0.0,0.0,0.0,0.0,0.32311191941327494,0.2048924849479005,0.04615079365079366,0.0,0.0,0.0,0.2857142857142857,0.0,0.3853267711256243,0.0,1.0,1.0,2.0,algo_low_certainty_sampled,D:\בעלי תשובה\ברק כהן\יש תקווה,D:\בעלי תשובה\סנדי שמואלי\עד מתי
128.0,320.0,192.0,0.4,0.0,0.0,0.27622047176536346,0.21162859691843153,0.06459187484693193,0.27622047176536346,1.0,0.7237795282346365,0.0,0.0,0.0,0.0,0.0,0.11472805808803846,0.4674493205191455,0.11179981634527088,0.0,0.0,0.0,0.2222222222222222,0.0,0.30488444780712814,0.0,1.0,1.0,2.0,algo_low_certainty_sampled,D:\בעלי תשובה\עקיבא מרגליות\לאורו נלך,D:\בעלי תשובה\שולי רנד\שולי רנד בקיסריה 2
128.0,128.0,0.0,1.0,0.0,0.0,0.6847330038265858,1.0,0.31526699617341425,0.22257521613042763,0.0,0.22257521613042763,0.0,0.0,0.0,0.0,0.0,0.5796942859218899,0.16455609277203706,0.0,0.0,0.0,0.0,0.2666666666666667,0.0,0.3474851593678062,0.0,0.55,1.0,2.0,algo_low_certainty_sampled,D:\בעלי תשובה\אורן ארנון\עלי באר,D:\בעלי תשובה\חיים דוד סרצ'יק\למעו שמו
128.0,128.0,0.0,1.0,0.0,0.0,0.36207277452891484,0.6387530961627489,0.27668032163383405,1.0,0.2787580723284634,0.7212419276715366,0.0,0.0,0.0,0.0,0.0,0.5899674934239516,0.31356555341844816,0.04785973084886129,0.0,0.0,0.0,0.7272727272727273,0.0,0.46707439002134377,0.0,1.0,1.0,2.0,algo_low_certainty_sampled,D:\בעלי תשובה\ברק כהן\יש תקווה,D:\בעלי תשובה\ישראל דגן\עדיין יש תקווה
96.0,128.0,32.0,0.75,0.0,0.0,0.7141580422083057,0.7648210459606535,0.05066300375234778,0.26794241943258684,0.635970973660645,0.3680285542280582,0.0,0.0,0.0,0.0,0.0,0.49614822585439705,0.2678477802522759,0.2954016782151457,0.0,0.24444444444444444,0.0,0.1428571428571429,0.0,0.5244456870873407,0.0,0.0,0.0,2.0,algo_low_certainty_sampled,D:\בעלי תשובה\אודי אולמן\אגודה אחת,D:\בעלי תשובה\הלוים
128.0,128.0,0.0,1.0,1.0,1.0,1.0,0.41880170358742175,0.5811982964125783,0.3076843579947969,0.41880170358742175,0.11111734559262487,0.0,0.0,0.0,0.0,0.0,0.52906204607229,0.1765955215372697,0.21568131278276204,0.0,0.0,0.0,0.23529411764705888,0.0,0.27880541889833105,0.0,1.0,1.0,2.0,algo_low_certainty_sampled,D:\בעלי תשובה\מיקי רוזנבאום\פסיפס,D:\בעלי תשובה\ישראל דגן\סמכו על כוחי
128.0,128.0,0.0,1.0,0.0,0.0,1.0,0.314852760634035,0.685147239365965,0.0,0.19920827968857835,0.19920827968857835,0.0,0.0,0.0,0.0,0.0,0.6864741031710724,0.21833306029795646,0.0,0.0,0.23137784128496205,0.0,0.22857142857142854,0.0,0.5969021389496793,0.0,0.0,0.0,2.0,algo_low_certainty_sampled,D:\בעלי תשובה\אליך-יריב גולדמן,D:\בעלי תשובה\קן ברג'ס\קן ברג'ס-בנה מלכותו
128.0,128.0,0.0,1.0,0.0,0.0,0.3569665526970235,0.6202184291388099,0.2632518764417864,0.2755814301892734,0.27770914861101964,0.0021277184217462497,0.0,0.0,0.0,0.0,0.0,0.6112614543720964,0.3887182057708373,0.19328105608906382,0.0,0.0,0.0,0.36363636363636365,0.0,0.3719963261537464,0.0,0.55,1.0,2.0,algo_low_certainty_sampled,D:\בעלי תשובה\יהודה גלאנץ\פיונרו,D:\בעלי תשובה\אחיה רובין\ונזכה
32.0,128.0,96.0,0.25,0.0,0.0,0.0,0.6499881692003374,0.6499881692003374,0.0,0.6499881692003374,0.6499881692003374,0.0,0.0,0.0,0.0,0.0,0.2376594189933743,0.30255531266560676,0.09301976758873312,0.0,0.0,0.0,0.303030303030303,0.0,0.0,0.0,0.0,0.0,2.0,algo_low_certainty_sampled,D:\בעלי תשובה\ארז משה דורון\061 אמת לרחק ואמת לקרב,D:\בעלי תשובה\ישראל דגן\לכבוד רשב'י
195.78571428571428,320.0,124.21428571428572,0.6118303571428572,0.0,0.0,0.2581071456170303,0.6733800968690087,0.4152729512519784,1.0,0.3065353641482236,0.6934646358517764,0.0,0.0,0.0,0.0,0.0,0.2972099397342496,0.4859427522020677,0.05923378522062734,0.0,0.0,0.0,0.24,0.0,0.4420580521141253,0.0,1.0,1.0,2.0,algo_low_certainty_sampled,D:\בעלי תשובה\חיים דוד סרצ'יק\לפניך,D:\בעלי תשובה\ברלינגר\אהוד בנאי\רסיסי לילה-אהוד בנאי
98.9090909090909,128.0,29.090909090909093,0.7727272727272727,0.0,0.0,0.2270135150184752,0.27700884219937516,0.04999532718089997,0.2270135150184752,0.27700884219937516,0.04999532718089997,0.0,0.0,0.0,0.0,0.0,0.4452434611687432,0.41640389698199026,0.23387661448577515,0.0,0.0,0.0,0.09090909090909094,0.0,0.2937810055856171,0.0,0.0,0.0,2.0,algo_low_certainty_sampled,D:\בעלי תשובה\יצחק פוקס\פוקס,D:\בעלי תשובה\עדי רן\עדי רן והגיטרה - 1
32.0,32.0,0.0,1.0,1.0,1.0,0.0,0.0,0.0,0.0,1.0,1.0,0.0,0.0,0.0,0.0,0.0,0.5567829018875047,0.8571428571428572,0.09999999999999998,0.0,0.0,0.0,0.42105263157894735,0.0,0.23417119800841535,0.0,1.0,1.0,2.0,algo_low_certainty_sampled,D:\בעלי תשובה\ארז משה דורון\060 לבטל את היסורים,D:\בעלי תשובה\ארז משה דורון\000[096] סוד הויתור
32.0,128.0,96.0,0.25,1.0,1.0,0.0,0.16483886483886487,0.16483886483886487,0.0,0.0,0.0,0.0,1.0,0.0,0.0,0.0,0.6985031670325714,0.5266381766381766,0.0,0.0,0.0,0.0,0.3902439024390244,0.0,0.0,0.0,0.0,0.0,2.0,algo_low_certainty_sampled,D:\בעלי תשובה\ארז משה דורון\021 טוב להודות לה,D:\בעלי תשובה\עמיר בניון\עמיר בניון - כוונה תחילה
128.0,128.0,0.0,1.0,0.0,0.0,0.2409177614286613,0.8181818181818182,0.577264056753157,0.2393952727002871,0.0,0.2393952727002871,0.0,0.0,0.0,0.0,0.0,0.5515370125007913,0.2101312685174039,0.022727272727272728,0.0,0.030303030303030307,0.0,0.4375,0.0,0.4651389723756582,0.0,1.0,1.0,2.0,algo_low_certainty_sampled,D:\בעלי תשובה\שולי רנד\שולי רנד קיסריה,D:\בעלי תשובה\חיים דוד סרצ'יק\היום\1-זה כפול נא לסדר
320.0,128.0,192.0,0.4,0.0,0.0,0.21379310344827585,0.6499881692003374,0.4361950657520616,0.21379310344827585,0.6499881692003374,0.4361950657520616,0.0,0.0,0.0,0.0,0.0,0.4214788005342334,0.4546571461609621,0.32565789473684215,0.0,0.0,0.0,0.2666666666666667,0.0,0.2036739625737551,0.0,1.0,1.0,2.0,algo_low_certainty_sampled,D:\בעלי תשובה\בנגי רפאל\משיח,D:\בעלי תשובה\ישראל דגן\לכבוד רשב'י
32.0,32.0,0.0,1.0,1.0,1.0,0.0,0.0,0.0,0.0,0.0,0.0,0.0,0.0,0.0,0.0,0.0,0.6037604386821093,0.7142857142857143,0.33333333333333337,0.0,0.0,0.0,0.2702702702702703,0.0,0.4426393530565626,0.0,1.0,1.0,2.0,algo_low_certainty_sampled,D:\בעלי תשובה\ארז משה דורון\009 סיפור אישי,D:\בעלי תשובה\ארז משה דורון\052 אין כל חדש תחת השמש
128.0,128.0,0.0,1.0,0.0,0.0,0.36207277452891484,0.6202184291388099,0.258145654609895,1.0,0.27770914861101964,0.7222908513889803,0.0,0.0,0.0,0.0,0.0,0.7420089541296969,0.3154414123493071,0.05518790849673203,0.0,0.0,0.0,0.3076923076923077,0.0,0.476404119877244,0.0,1.0,1.0,2.0,algo_low_certainty_sampled,D:\בעלי תשובה\ברק כהן\יש תקווה,D:\בעלי תשובה\אחיה רובין\ונזכה
128.0,128.0,0.0,1.0,0.0,0.0,0.3022111170984259,0.27700884219937516,0.025202274899050747,0.3022111170984259,0.27700884219937516,0.025202274899050747,0.0,0.0,0.0,0.0,0.0,0.14535682797242597,0.46591553707841804,0.08044178044178044,0.0,0.08352453750708748,0.0,0.14814814814814814,0.0,0.06764685913848308,0.0,0.0,0.0,2.0,algo_low_certainty_sampled,D:\בעלי תשובה\ישראל דגן\דגן חתונות\משה אטיאס,D:\בעלי תשובה\עדי רן\עדי רן והגיטרה - 1
32.0,32.0,0.0,1.0,1.0,1.0,0.0,0.0,0.0,0.0,0.0,0.0,0.0,0.0,0.0,0.0,0.0,0.8615399436131181,0.6666666666666667,0.3571428571428571,0.0,0.0,0.0,0.36363636363636365,0.0,0.6974286770620366,0.0,1.0,1.0,2.0,algo_low_certainty_sampled,D:\בעלי תשובה\ארז משה דורון\063 מנהיגות יהודית,D:\בעלי תשובה\ארז משה דורון\032 תשובה מאהבה
128.0,128.0,0.0,1.0,0.0,0.0,0.4395813988062998,0.2859762415131112,0.15360515729318863,0.4395813988062998,1.0,0.5604186011937002,0.0,1.0,0.0,0.0,0.0,0.6223985245334713,0.36228130012223736,0.11088137325637326,0.0,0.0,0.0,0.19999999999999996,0.0,0.539230132877249,0.0,1.0,1.0,2.0,algo_low_certainty_sampled,D:\בעלי תשובה\ישראל דגן\ראש השנה שלי,D:\בעלי תשובה\עדי רן\התבוננות
157.0909090909091,128.0,29.090909090909093,0.8148148148148148,0.0,0.0,0.3433230563582517,0.22711722683296007,0.11620582952529165,0.2387152837785005,0.22711722683296007,0.01159805694554042,0.0,0.0,0.0,0.0,0.0,0.0,0.0,0.0,0.0,0.0,0.0,0.0,0.0,0.0,0.0,0.0,0.0,2.0,algo_no_comparison_result_sampled,D:\בעלי תשובה\מאיר בנאי\לך אלי,D:\בעלי תשובה\יניב\קומי אורי
320.0,128.0,192.0,0.4,0.0,0.0,0.4255032201276181,0.2918023180740775,0.13370090205354057,0.4242520955212302,0.28317402612751363,0.1410780693937166,0.0,0.0,0.0,0.0,0.0,0.0,0.0,0.0,0.0,0.0,0.0,0.0,0.0,0.0,0.0,0.0,0.0,2.0,algo_no_comparison_result_sampled,D:\בעלי תשובה\יאיר כלב\עצם הנשמה 2,D:\בעלי תשובה\ק'ן ברג'ס\לא לבד במדבר
32.0,32.0,0.0,1.0,1.0,1.0,0.0,0.0,0.0,0.0,0.0,0.0,0.0,0.0,0.0,0.0,0.0,0.6962374718830262,0.6666666666666667,0.2857142857142857,0.0,0.0,0.0,0.375,0.0,0.4103106478723637,0.0,1.0,1.0,2.0,algo_low_certainty_sampled,D:\בעלי תשובה\ארז משה דורון\011 אחד היה אברהם,D:\בעלי תשובה\ארז משה דורון\028 חינוך ילדים
160.0,128.0,32.0,0.8,0.0,0.0,0.2150137524440931,0.2941560623287137,0.07914230988462062,0.18847562874257065,0.0,0.18847562874257065,0.0,0.0,0.0,0.0,0.0,0.40964090284597104,0.48769714140423526,0.0,0.0,0.0,0.0,0.1333333333333333,0.0,0.3689521174089422,0.0,0.0,0.0,2.0,algo_low_certainty_sampled,D:\בעלי תשובה\ברק כהן\ברק כהן עם דובי גינז\עונג,D:\בעלי תשובה\עדי רן\אל תכה בסלע
32.0,32.0,0.0,1.0,1.0,1.0,0.0,0.0,0.0,0.0,0.0,0.0,0.0,0.0,0.0,0.0,0.0,0.6511697499124826,0.6535947712418301,0.2751322751322751,0.0,0.0,0.0,0.30000000000000004,0.0,0.4443206088413721,0.0,1.0,1.0,2.0,algo_low_certainty_sampled,D:\בעלי תשובה\ארז משה דורון\017 מדטציה יהודית,D:\בעלי תשובה\ארז משה דורון\069 כח המושח וכח המכריח
128.0,128.0,0.0,1.0,0.0,0.0,0.2000802777784875,0.4261133624252772,0.2260330846467897,0.0,0.4261133624252772,0.4261133624252772,0.0,0.0,0.0,0.0,0.0,0.0,0.0,0.0,0.0,0.0,0.0,0.0,0.0,0.0,0.0,0.0,0.0,2.0,algo_no_comparison_result_sampled,D:\בעלי תשובה\אודי אולמן\דברי שיר,D:\בעלי תשובה\יוסף (גלעד) קרדונר\בחירה - 03
128.0,160.0,32.0,0.8,0.0,0.0,0.41880170358742175,0.38524365674718647,0.03355804684023528,0.41880170358742175,0.38524365674718647,0.03355804684023528,0.0,0.0,0.0,0.0,0.0,0.6592657213638955,0.41992118106345194,0.22647579000520177,0.0,0.0,0.0,0.18181818181818177,0.0,0.25979056070269546,0.0,0.0,0.0,2.0,algo_low_certainty_sampled,D:\בעלי תשובה\ישראל דגן\סמכו על כוחי,D:\בעלי תשובה\אלטרנטיבי\להקת נפקא מינה-גשר צר
32.0,32.0,0.0,1.0,1.0,1.0,0.0,0.0,0.0,0.0,0.0,0.0,0.0,0.0,0.0,0.0,0.0,0.6578127856265168,0.875,0.75,0.0,0.0,0.0,0.3448275862068966,0.0,0.3489228679248151,0.0,1.0,1.0,2.0,algo_low_certainty_sampled,D:\בעלי תשובה\ארז משה דורון\053 להשתנות,D:\בעלי תשובה\ארז משה דורון\034 אש רוח מים עפר
128.0,192.0,64.0,0.6666666666666666,0.0,0.0,0.3022111170984259,0.3602569865901291,0.058045869491703206,0.3022111170984259,0.20396713382961987,0.09824398326880604,0.0,1.0,0.0,0.0,0.0,0.23765920524836026,0.4793719813673873,0.04244343891402714,0.0,0.07461737347320872,0.0,0.2666666666666667,0.0,0.1535972472275512,0.0,0.0,0.0,2.0,algo_low_certainty_sampled,D:\בעלי תשובה\ישראל דגן\דגן חתונות\משה אטיאס,D:\בעלי תשובה\שולי רנד\הופעה בקיסריה\שולי רנד - בקיסריה\דיסק 2
128.0,192.0,64.0,0.6666666666666666,1.0,1.0,1.0,1.0,0.0,1.0,0.0,1.0,0.0,0.0,0.0,0.0,0.0,0.3167160860810445,0.23670329670329673,0.0,0.0,0.0,0.0,0.25,0.0,0.3464924121354569,0.0,1.0,1.0,2.0,algo_low_certainty_sampled,D:\בעלי תשובה\ברלינגר\מתתיהו 1,D:\בעלי תשובה\סיני תור\סיני חדש
32.0,32.0,0.0,1.0,1.0,1.0,0.0,0.0,0.0,0.0,0.0,0.0,0.0,0.0,0.0,0.0,0.0,0.7448734036333068,0.7142857142857143,0.4,0.0,0.0,0.0,0.3589743589743589,0.0,0.6917236441073005,0.0,1.0,1.0,2.0,algo_low_certainty_sampled,D:\בעלי תשובה\ארז משה דורון\002 בעל תפילה,D:\בעלי תשובה\ארז משה דורון\014 אין שום יאוש בעולם כלל
192.0,128.0,64.0,0.6666666666666666,0.0,0.0,0.260760428742324,0.4249225978542701,0.1641621691119461,0.260760428742324,0.4249225978542701,0.1641621691119461,1.0,1.0,1.0,0.0,0.0,0.0,0.0,0.0,0.0,0.0,0.0,0.0,0.0,0.0,0.0,0.0,0.0,2.0,algo_no_comparison_result_sampled,D:\בעלי תשובה\יצחק פוקס\ממעמקים יצחק פוקס,D:\בעלי תשובה\ניצן חן רזאל מוצא מקום
128.0,128.0,0.0,1.0,0.0,0.0,0.5556271404987482,0.8534650546662002,0.297837914167452,0.309324224284178,0.8788867414094268,0.5695625171252487,0.0,0.0,0.0,0.0,0.0,0.0,0.0,0.0,0.0,0.0,0.0,0.0,0.0,0.0,0.0,0.0,0.0,2.0,algo_no_comparison_result_sampled,D:\בעלי תשובה\הזמיר\נוסע לאומן,D:\בעלי תשובה\סיני תור
128.0,128.0,0.0,1.0,0.0,0.0,0.2280134555390086,0.7874080873534178,0.5593946318144092,0.25332720690615423,0.7874080873534178,0.5340808804472637,0.0,0.0,0.0,0.0,0.0,0.5768345879312794,0.2376053613876011,0.08267672131681242,0.0,0.045454545454545456,0.0,0.19047619047619047,0.0,0.24487617855287883,0.0,0.0,0.0,2.0,algo_low_certainty_sampled,D:\בעלי תשובה\למען שמו באהבה,D:\בעלי תשובה\המדרגות
128.0,128.0,0.0,1.0,0.0,0.0,0.27622047176536346,1.0,0.7237795282346365,0.27622047176536346,1.0,0.7237795282346365,0.0,1.0,0.0,0.0,0.0,0.43283991906572117,0.22898780178322226,0.11179981634527088,0.0,0.0,0.0,0.2857142857142857,0.0,0.06205602390797569,0.0,1.0,1.0,2.0,algo_low_certainty_sampled,D:\בעלי תשובה\עקיבא מרגליות\לאורו נלך,D:\בעלי תשובה\יצחק מאיר\נשמות חדשות\חלק 2
160.0,128.0,32.0,0.8,0.0,0.0,0.22423017210857654,0.6387530961627489,0.41452292405417235,0.22423017210857654,0.2787580723284634,0.05452790021988685,0.0,0.0,0.0,0.0,0.0,0.5031686081001985,0.3125191286365102,0.23383336931439538,0.0,0.0,0.0,0.21052631578947367,0.0,0.3473776271573873,0.0,1.0,1.0,2.0,algo_low_certainty_sampled,D:\בעלי תשובה\מים 1,D:\בעלי תשובה\ישראל דגן\עדיין יש תקווה
128.0,128.0,0.0,1.0,0.0,1.0,0.6364938904274454,0.5271101878244517,0.10938370260299368,0.0,0.3771430161161515,0.3771430161161515,0.0,0.0,0.0,0.0,0.0,0.5350594200781307,0.45633402723566663,0.0,0.0,0.0,0.0,0.5454545454545454,0.0,0.2623584322450561,0.0,0.14285714285714285,0.0,2.0,algo_low_certainty_sampled,D:\בעלי תשובה\עדי רן\עדי רן הופעה חיה,D:\בעלי תשובה\עדי רן\עדי רן
128.0,128.0,0.0,1.0,0.0,0.0,0.25729658680382567,0.4261133624252772,0.16881677562145153,0.25645829152593796,0.4261133624252772,0.16965507089933923,0.0,0.0,0.0,0.0,0.0,0.6058324778330463,0.4363788246396968,0.2598296685747279,0.0,0.028409090909090908,0.0,0.24,0.0,0.36377881455643896,0.0,0.0,0.0,2.0,algo_low_certainty_sampled,D:\בעלי תשובה\צבי זלבסקי\פה ושם אני רוקד,D:\בעלי תשובה\יוסף (גלעד) קרדונר\בחירה - 03
128.0,32.0,96.0,0.25,0.0,1.0,0.6596002478820621,0.0,0.6596002478820621,0.8333333333333334,0.0,0.8333333333333334,0.0,0.0,0.0,0.0,0.0,0.7716955974592746,0.2488750458463231,0.03174019607843137,0.0,0.0,0.0,0.19999999999999996,0.0,0.0,0.0,0.0,0.0,2.0,algo_low_certainty_sampled,D:\בעלי תשובה\המושב,D:\בעלי תשובה\ארז משה דורון\062 להוציא מהכוח אל הפועל
320.0,128.0,192.0,0.4,0.09090909090909091,0.0,0.2328732027030505,1.0,0.7671267972969495,0.23477009369085064,0.2601616418210846,0.02539154813023395,0.0,0.0,0.0,0.0,0.0,0.0,0.0,0.0,0.0,0.0,0.0,0.0,0.0,0.0,0.0,0.0,0.0,2.0,algo_no_comparison_result_sampled,D:\בעלי תשובה\צמאה - אומנים שרים את ניגוני הרבי מילובביץ,D:\בעלי תשובה\נקודה טובה
128.0,160.0,32.0,0.8,0.0,0.0,1.0,0.25237744776806564,0.7476225522319344,1.0,0.25237744776806564,0.7476225522319344,0.0,0.0,0.0,0.0,0.0,0.5366757324002249,0.23865313577645877,0.14942626238452011,0.0,0.0,0.0,0.2666666666666667,0.0,0.42176968862323355,0.0,1.0,1.0,2.0,algo_low_certainty_sampled,D:\בעלי תשובה\יצחק פוקס\(באנו ביחד (כדאי לבדוק אם חסר איזה שיר,D:\בעלי תשובה\עדי רן\עדי רן מה יש לכם לדאוג
32.0,320.0,288.0,0.1,1.0,1.0,0.0,0.21379310344827585,0.21379310344827585,0.0,0.21379310344827585,0.21379310344827585,0.0,0.0,0.0,0.0,0.0,0.2530500156675011,0.3505026455026455,0.0,0.0,0.0,0.0,0.13793103448275867,0.0,0.0,0.0,0.0,0.0,2.0,algo_low_certainty_sampled,D:\בעלי תשובה\ארז משה דורון\062 להוציא מהכוח אל הפועל,D:\בעלי תשובה\בנגי רפאל\משיח
128.0,128.0,0.0,1.0,0.0,0.0,0.40024241465807686,0.6202184291388099,0.219976014480733,0.29184619831127967,0.27770914861101964,0.01413704970026003,0.0,0.0,0.0,0.0,0.0,0.0,0.0,0.0,0.0,0.0,0.0,0.0,0.0,0.0,0.0,0.0,0.0,2.0,algo_no_comparison_result_sampled,D:\בעלי תשובה\אלטרנטיבי\להקת המדרגות-בפתח הדלת,D:\בעלי תשובה\אחיה רובין\ונזכה
128.0,128.0,0.0,1.0,0.0,0.0,1.0,0.27700884219937516,0.7229911578006248,1.0,0.27700884219937516,0.7229911578006248,0.0,0.0,0.0,0.0,0.0,0.7540770468585586,0.27902113237639553,0.11979799468963553,0.0,0.0,0.0,0.3783783783783784,0.0,0.5455676143508917,0.0,0.0,0.0,2.0,algo_low_certainty_sampled,D:\בעלי תשובה\אודי דוידי\אודי דוידי דבר אליו,D:\בעלי תשובה\עדי רן\עדי רן והגיטרה - 1
128.0,128.0,0.0,1.0,1.0,1.0,1.0,0.2312279492899914,0.7687720507100086,1.0,0.2312279492899914,0.7687720507100086,0.0,0.0,0.0,0.0,0.0,0.7081995773342842,0.22080416305571587,0.09756868217781532,0.0,0.0,0.0,0.19047619047619047,0.0,0.5645605168185363,0.0,1.0,1.0,2.0,algo_low_certainty_sampled,D:\בעלי תשובה\ברלינגר\מתתיהו 1,D:\בעלי תשובה\יהודה גלאנץ\רק לצעוק אל ה
32.0,32.0,0.0,1.0,1.0,1.0,0.0,0.0,0.0,0.0,0.0,0.0,0.0,0.0,0.0,0.0,0.0,0.7105147348360977,0.7142857142857143,0.33333333333333337,0.0,0.0,0.0,0.33333333333333337,0.0,0.5859240759685738,0.0,1.0,1.0,2.0,algo_low_certainty_sampled,D:\בעלי תשובה\ארז משה דורון\036 חנוכה,D:\בעלי תשובה\ארז משה דורון\001 תיקון הכללי
128.0,160.0,32.0,0.8,0.0,0.0,0.2280134555390086,0.27238638174643265,0.04437292620742406,0.25332720690615423,0.0,0.25332720690615423,0.0,0.0,0.0,0.0,0.0,0.4579414993742211,0.49254050754050754,0.0,0.07740447957839262,0.060606060606060615,0.0,0.33333333333333337,0.0,0.4249459082054548,0.0,1.0,1.0,2.0,algo_low_certainty_sampled,D:\בעלי תשובה\למען שמו באהבה,D:\בעלי תשובה\אהרון רזאל\אהרן רזאל - זמן הגאולה
32.0,32.0,0.0,1.0,1.0,1.0,0.0,0.0,0.0,0.0,0.0,0.0,0.0,0.0,0.0,0.0,0.0,0.9095061609945011,0.7142857142857143,0.33333333333333337,0.0,0.0,0.0,0.38095238095238093,0.0,0.7329688079665084,0.0,1.0,1.0,2.0,algo_low_certainty_sampled,D:\בעלי תשובה\ארז משה דורון\062 להוציא מהכוח אל הפועל,D:\בעלי תשובה\ארז משה דורון\003 שמחה מתוך צער
128.0,128.0,0.0,1.0,0.0,1.0,0.6981405755041324,1.0,0.30185942449586756,0.28284348986098745,0.0,0.28284348986098745,0.0,0.0,0.0,0.0,0.0,0.5026705726443272,0.17907862221744025,0.0,0.0,0.4761904761904762,0.0,0.2666666666666667,0.0,0.17590902014802964,0.0,0.0,0.0,2.0,algo_low_certainty_sampled,D:\בעלי תשובה\עמיר בניון\עמיר בניון - עץ על מים האלבום,D:\בעלי תשובה\אליך-יריב גולדמן
128.0,128.0,0.0,1.0,0.0,0.0,0.23306579697939106,0.27114163132912755,0.03807583434973649,0.23306579697939106,0.27114163132912755,0.03807583434973649,0.0,0.0,0.0,0.0,0.0,0.7134384477239918,0.4823663533146292,0.28947474094532916,0.0,0.0,0.0,0.1428571428571429,0.0,0.582327199445141,0.0,0.0,0.0,2.0,algo_low_certainty_sampled,D:\בעלי תשובה\אודי אולמן\אודי - 3,D:\בעלי תשובה\דב אינדיג\בת קול
128.0,128.0,0.0,1.0,1.0,0.0,1.0,1.0,0.0,0.27844605035436915,0.0,0.27844605035436915,0.0,0.0,0.0,0.0,0.0,0.645840200406098,0.5,0.0,0.0,0.0,0.0,0.15384615384615385,0.0,0.27423108512847466,0.0,1.0,2.0,2.0,algo_low_certainty_sampled,D:\בעלי תשובה\סנדי שמואלי\מחכים,D:\בעלי תשובה\חיים דוד סרצ'יק\למעו שמו
157.0909090909091,320.0,162.9090909090909,0.4909090909090909,0.0,0.0,0.3433230563582517,0.2184054305612374,0.12491762579701432,0.2387152837785005,0.2184054305612374,0.020309853217263085,0.0,1.0,0.0,0.0,0.0,0.0,0.0,0.0,0.0,0.0,0.0,0.0,0.0,0.0,0.0,0.0,0.0,2.0,algo_no_comparison_result_sampled,D:\בעלי תשובה\מאיר בנאי\לך אלי,D:\בעלי תשובה\ישי ריבו\שטח אפור
48.0,56.0,8.0,0.8571428571428571,0.0,1.0,0.3657312505730815,0.7537098401213115,0.38797858954823,0.1783519691265463,0.2459984041872587,0.06764643506071241,0.0,0.0,0.0,0.0,0.0,0.544729639636318,0.2714702952453331,0.2606452611715769,0.0,0.0,0.0,0.2142857142857143,0.0,0.46291207702603554,0.0,1.0,1.0,2.0,algo_low_certainty_sampled,D:\בעלי תשובה\עמיר בניון\עמיר בניון - עומד בשער,D:\בעלי תשובה\סנדי שמואלי\עד מתי
160.0,128.0,32.0,0.8,1.0,1.0,0.22423017210857654,0.25256305214732394,0.0283328800387474,0.22423017210857654,0.25256305214732394,0.0283328800387474,0.0,0.0,0.0,0.0,0.0,0.31980625732529916,0.44592800961715773,0.23418106729871435,0.0,0.0,0.0,0.16666666666666663,0.0,0.2658293994912736,0.0,1.0,1.0,2.0,algo_low_certainty_sampled,D:\בעלי תשובה\מים 1,D:\בעלי תשובה\יערות דבש-יצחק אזולאי\יערות דבש השיר והשבחלחי העולמים
128.0,128.0,0.0,1.0,1.0,1.0,1.0,0.26167062689250503,0.7383293731074949,1.0,0.26167062689250503,0.7383293731074949,0.0,0.0,0.0,0.0,0.0,0.613750788089625,0.16950863678804856,0.07147483536372429,0.0,0.0,0.0,0.15384615384615385,0.0,0.35774165697717536,0.0,1.0,1.0,2.0,algo_low_certainty_sampled,D:\בעלי תשובה\ברק כהן\כי לא ינום,D:\בעלי תשובה\קול אחי\בני
32.0,32.0,0.0,1.0,1.0,1.0,0.0,0.0,0.0,0.0,0.0,0.0,0.0,0.0,0.0,0.0,0.0,0.6830658899424907,0.7142857142857143,0.33333333333333337,0.0,0.0,0.0,0.2068965517241379,0.0,0.6112470217475587,0.0,1.0,1.0,2.0,algo_low_certainty_sampled,D:\בעלי תשובה\ארז משה דורון\004 זוגיות רוחנית,D:\בעלי תשובה\ארז משה דורון\000[066] כסף
192.0,128.0,64.0,0.6666666666666666,0.0,0.0,0.260760428742324,1.0,0.739239571257676,0.260760428742324,1.0,0.739239571257676,1.0,0.0,0.0,0.0,0.0,0.4767596209504657,0.23749242668354184,0.10715016336146366,0.0,0.0,0.0,0.2545454545454545,0.0,0.26707914552644224,0.0,1.0,1.0,2.0,algo_low_certainty_sampled,D:\בעלי תשובה\יצחק פוקס\ממעמקים יצחק פוקס,D:\בעלי תשובה\יצחק פוקס\(באנו ביחד (כדאי לבדוק אם חסר איזה שיר
32.0,32.0,0.0,1.0,1.0,1.0,0.0,0.0,0.0,0.0,0.0,0.0,0.0,0.0,0.0,0.0,0.0,0.7623753747328534,0.8,0.33333333333333337,0.0,0.0,0.0,0.36363636363636365,0.0,0.6401286217819144,0.0,1.0,1.0,2.0,algo_low_certainty_sampled,D:\בעלי תשובה\ארז משה דורון\038 לשלוט על המלאכים,D:\בעלי תשובה\ארז משה דורון\002 בעל תפילה
128.0,320.0,192.0,0.4,0.0,0.0,0.2981899040147123,0.4266569804539248,0.1284670764392125,0.28165144247625074,0.4266569804539248,0.14500553797767407,0.0,0.0,0.0,0.0,0.0,0.0,0.0,0.0,0.0,0.0,0.0,0.0,0.0,0.0,0.0,0.0,0.0,2.0,algo_no_comparison_result_sampled,D:\בעלי תשובה\הזמיר\נ נח,D:\בעלי תשובה\עמיר בניון\עמיר בניון - המקלט
320.0,128.0,192.0,0.4,0.0,1.0,0.31856504208855146,1.0,0.6814349579114485,0.31856504208855146,1.0,0.6814349579114485,0.0,0.0,0.0,0.0,0.0,0.34229361458476726,0.1816371254399619,0.06292039276936304,0.0,0.0,0.0,0.4615384615384615,0.0,0.3793415848272474,0.0,1.0,1.0,2.0,algo_low_certainty_sampled,D:\בעלי תשובה\אהוד בר לוי,D:\בעלי תשובה\ברלינגר\משה לוי והלויים
128.0,128.0,0.0,1.0,0.0,0.0,0.27700884219937516,0.2409177614286613,0.03609108077071385,0.27700884219937516,0.2393952727002871,0.03761356949908806,0.0,0.0,0.0,0.0,0.0,0.0,0.0,0.0,0.0,0.0,0.0,0.0,0.0,0.0,0.0,0.0,0.0,2.0,algo_no_comparison_result_sampled,D:\בעלי תשובה\עדי רן\עדי רן והגיטרה - 1,D:\בעלי תשובה\שולי רנד\שולי רנד קיסריה
128.0,128.0,0.0,1.0,0.0,0.0,0.21116393582337853,0.25256305214732394,0.04139911632394541,0.21116393582337853,0.25256305214732394,0.04139911632394541,0.0,0.0,0.0,0.0,0.0,0.5645267015988984,0.5000696520321173,0.298099814365799,0.0,0.0,0.0,0.35,0.0,0.26543797448545003,0.0,1.0,1.0,2.0,algo_low_certainty_sampled,D:\בעלי תשובה\סנדי שמואלי\בעזרת השם,D:\בעלי תשובה\יערות דבש-יצחק אזולאי\יערות דבש השיר והשבחלחי העולמים
128.0,128.0,0.0,1.0,0.0,0.0,0.23306579697939106,1.0,0.766934203020609,0.23306579697939106,1.0,0.766934203020609,0.0,0.0,0.0,0.0,0.0,0.6790894500751309,0.30538689382960793,0.09885771693047235,0.0,0.0,0.0,0.4444444444444444,0.0,0.46550487767495013,0.0,0.0,0.0,2.0,algo_low_certainty_sampled,D:\בעלי תשובה\אודי אולמן\אודי - 3,D:\בעלי תשובה\אודי דוידי\אודי דוידי דבר אליו
128.0,128.0,0.0,1.0,0.0,0.0,0.264503876615915,0.40024241465807686,0.13573853804216185,1.0,0.29184619831127967,0.7081538016887203,0.0,0.0,0.0,0.0,0.0,0.0,0.0,0.0,0.0,0.0,0.0,0.0,0.0,0.0,0.0,0.0,0.0,2.0,algo_no_comparison_result_sampled,D:\בעלי תשובה\אסף נגל\אדיר במרום,D:\בעלי תשובה\אלטרנטיבי\להקת המדרגות-בפתח הדלת
128.0,128.0,0.0,1.0,0.0,0.0,0.2000802777784875,0.2809753868055855,0.08089510902709798,0.0,0.2555969699945765,0.2555969699945765,0.0,0.0,0.0,0.0,0.0,0.6070936345361369,0.526744415810528,0.0,0.0,0.024242424242424246,0.0,0.4615384615384615,0.0,0.43038399395519117,0.0,0.0,0.0,2.0,algo_low_certainty_sampled,D:\בעלי תשובה\אודי אולמן\דברי שיר,D:\בעלי תשובה\יוסף קרדונר\בחירה
128.0,128.0,0.0,1.0,0.0,0.0,0.2873753124937582,0.22711722683296007,0.06025808566079813,0.2873753124937582,0.22711722683296007,0.06025808566079813,0.0,0.0,0.0,0.0,0.0,0.0,0.0,0.0,0.0,0.0,0.0,0.0,0.0,0.0,0.0,0.0,0.0,2.0,algo_no_comparison_result_sampled,D:\בעלי תשובה\אברהם אבוטבול\בית הקדושה,D:\בעלי תשובה\יניב\קומי אורי
128.0,128.0,0.0,1.0,0.0,0.0,0.29698772961930864,0.6847330038265858,0.3877452742072771,1.0,0.22257521613042763,0.7774247838695724,0.0,0.0,0.0,0.0,0.0,0.0,0.0,0.0,0.0,0.0,0.0,0.0,0.0,0.0,0.0,0.0,0.0,2.0,algo_no_comparison_result_sampled,D:\בעלי תשובה\אחישנה\לך ה' אלוקי,D:\בעלי תשובה\אורן ארנון\עלי באר
160.0,128.0,32.0,0.8,0.0,0.0,0.3707724849592341,0.2330104184381377,0.1377620665210964,0.3707724849592341,0.18359844124657437,0.18717404371265972,0.0,0.0,0.0,0.0,0.0,0.4360361620387756,0.4215848484929303,0.21243711797672782,0.0,0.02727272727272728,0.0,0.18181818181818177,0.0,0.14100643886093164,0.0,1.0,1.0,2.0,algo_low_certainty_sampled,D:\בעלי תשובה\תיקון הכללי,D:\בעלי תשובה\יוסף קרדונר\סימנים בדרך
32.0,32.0,0.0,1.0,1.0,1.0,0.0,0.0,0.0,0.0,0.0,0.0,0.0,0.0,0.0,0.0,0.0,0.6195070731729685,0.75,0.5,0.0,0.0,0.0,0.34285714285714286,0.0,0.21541564115311773,0.0,1.0,1.0,2.0,algo_low_certainty_sampled,D:\בעלי תשובה\ארז משה דורון\063 מנהיגות יהודית,D:\בעלי תשובה\ארז משה דורון\011 אחד היה אברהם
32.0,128.0,96.0,0.25,0.0,1.0,0.14285714285714285,1.0,0.8571428571428572,0.0,0.2991702741702742,0.2991702741702742,0.0,0.0,0.0,0.0,0.0,0.5959237461712781,0.23717105263157898,0.0,0.0,0.0,0.0,0.23076923076923073,0.0,0.0,0.0,0.0,0.0,2.0,algo_low_certainty_sampled,D:\בעלי תשובה\ארז משה דורון\043 לצאת לחופש,D:\בעלי תשובה\ישראל אזרחי\כל הליל מאבק
32.0,128.0,96.0,0.25,1.0,1.0,0.14285714285714285,0.3893982783358661,0.24654113547872325,0.0,0.3893982783358661,0.3893982783358661,0.0,0.0,0.0,0.0,0.0,0.40430289421835913,0.34049551334181316,0.0,0.0,0.0,0.0,0.31999999999999995,0.0,0.0,0.0,0.0,0.0,2.0,algo_low_certainty_sampled,D:\בעלי תשובה\ארז משה דורון\043 לצאת לחופש,D:\בעלי תשובה\אילן כהן צדק\אילן שלום 2
128.0,56.0,72.0,0.4375,0.0,0.0,0.4028413437474495,0.7537098401213115,0.35086849637386197,0.2725157489002033,0.2459984041872587,0.02651734471294459,0.0,0.0,0.0,0.0,0.0,0.23555502123627758,0.2762124465316288,0.2865903142340078,0.0,0.39999999999999997,0.0,0.4285714285714286,0.0,0.5164581871132041,0.0,1.0,1.0,2.0,algo_low_certainty_sampled,D:\בעלי תשובה\מאיר בנאי\שמע קולי,D:\בעלי תשובה\סנדי שמואלי\עד מתי
128.0,128.0,0.0,1.0,0.0,0.0,0.21116393582337853,0.2889764430020933,0.07781250717871477,0.21116393582337853,0.2889764430020933,0.07781250717871477,0.0,0.0,0.0,0.0,0.0,0.6249625411233974,0.468238323234696,0.20607875351044017,0.0,0.0,0.0,0.375,0.0,0.4543424583704825,0.0,1.0,1.0,2.0,algo_low_certainty_sampled,D:\בעלי תשובה\סנדי שמואלי\בעזרת השם,D:\בעלי תשובה\דני גולן\דני גולן והחברים\לב טהור
128.0,160.0,32.0,0.8,0.0,0.0,0.2409177614286613,0.27238638174643265,0.03146862031777134,0.2393952727002871,0.27238638174643265,0.03299110904614555,0.0,0.0,0.0,0.0,0.0,0.4661679110010812,0.4400010932779024,0.25544702128994873,0.0,0.0,0.0,0.24,0.0,0.3626120448074724,0.0,1.0,1.0,2.0,algo_low_certainty_sampled,D:\בעלי תשובה\שולי רנד\שולי רנד קיסריה,D:\בעלי תשובה\אהרון רזאל\זמן הגאולה
128.0,128.0,0.0,1.0,0.0,0.0,0.2139713364504999,0.2409177614286613,0.02694642497816141,0.21586764519215973,0.2393952727002871,0.02352762750812737,0.0,0.0,0.0,0.0,0.0,0.0,0.0,0.0,0.0,0.0,0.0,0.0,0.0,0.0,0.0,0.0,0.0,2.0,algo_no_comparison_result_sampled,D:\בעלי תשובה\אנסמבל שם-טוב לוי\תחנות רוח,D:\בעלי תשובה\שולי רנד\שולי רנד קיסריה
64.0,166.4,102.4,0.3846153846153846,0.0,0.0,0.24337572331410295,0.2594066150567698,0.016030891742666864,0.4669122431312358,0.2594066150567698,0.207505628074466,0.0,1.0,0.0,0.0,0.0,0.25321188655936,0.4456699735256741,0.1309512464601979,0.0,0.0,0.0,0.08333333333333337,0.0,0.3969358613124254,0.0,1.0,1.0,2.0,algo_low_certainty_sampled,D:\בעלי תשובה\אודי טופלברג\מים,D:\בעלי תשובה\עדי רן\עדי רן - גלגל של הצלה
128.0,128.0,0.0,1.0,0.0,0.0,0.29698772961930864,0.3569665526970235,0.05997882307771485,1.0,0.2755814301892734,0.7244185698107266,0.0,0.0,0.0,0.0,0.0,0.785782852742115,0.4264514508480025,0.039681372549019614,0.0,0.0,0.0,0.11764705882352944,0.0,0.6133686983201609,0.0,0.55,1.0,2.0,algo_low_certainty_sampled,D:\בעלי תשובה\אחישנה\לך ה' אלוקי,D:\בעלי תשובה\יהודה גלאנץ\פיונרו
153.6,128.0,25.599999999999994,0.8333333333333334,1.0,1.0,0.7400588508887702,0.30459474003409925,0.43546411085467096,0.7400588508887702,0.30459474003409925,0.43546411085467096,0.0,0.0,0.0,0.0,0.0,0.6981582811734236,0.19642620898321048,0.0954546322961217,0.0,0.0,0.0,0.3076923076923077,0.0,0.7403044525924974,0.0,1.0,1.0,2.0,algo_low_certainty_sampled,D:\בעלי תשובה\אבולוף,D:\בעלי תשובה\אשר אלפסי\אתה הכל
128.0,128.0,0.0,1.0,0.0,0.0,0.26316833264670075,0.27114163132912755,0.0079732986824268,0.26316833264670075,0.27114163132912755,0.0079732986824268,0.0,0.0,0.0,0.0,0.0,0.6365459980821037,0.45623335522811265,0.24329475219136007,0.0,0.0,0.0,0.125,0.0,0.4483578630508648,0.0,1.0,1.0,2.0,algo_low_certainty_sampled,D:\בעלי תשובה\ירמיהו\כנגן המנגן,D:\בעלי תשובה\דב אינדיג\בת קול
320.0,128.0,192.0,0.4,0.0,0.0,0.416959409862627,0.4249225978542701,0.00796318799164314,0.31644553061421565,0.4249225978542701,0.10847706724005446,1.0,1.0,1.0,0.0,0.0,0.0,0.0,0.0,0.0,0.0,0.0,0.0,0.0,0.0,0.0,0.0,0.0,2.0,algo_no_comparison_result_sampled,D:\בעלי תשובה\עמיר בניון\עמיר בניון שירי ארץ אהבה\עמיר בניון - שירי ארץ-אהבה,D:\בעלי תשובה\ניצן חן רזאל מוצא מקום
128.0,128.0,0.0,1.0,0.0,0.0,0.27179654705633965,0.2016140369955885,0.07018251006075116,0.27179654705633965,0.2016140369955885,0.07018251006075116,0.0,0.0,0.0,0.0,0.0,0.5846133053388404,0.37775775664096645,0.1927607645675879,0.0,0.008097165991902834,0.0,0.2857142857142857,0.0,0.3968509374975305,0.0,1.0,1.0,2.0,algo_low_certainty_sampled,D:\בעלי תשובה\יהודה גלאנץ\נעלה,D:\בעלי תשובה\ק'ן ברג'ס\בנה מלכותו
48.0,128.0,80.0,0.375,0.0,0.0,0.3657312505730815,0.6202184291388099,0.2544871785657284,0.1783519691265463,0.27770914861101964,0.09935717948447334,0.0,0.0,0.0,0.0,0.0,0.13394901394186282,0.5410268254242429,0.21944433017962434,0.0,0.0,0.0,0.07407407407407407,0.0,0.4574643077121362,0.0,1.0,2.0,2.0,algo_low_certainty_sampled,D:\בעלי תשובה\עמיר בניון\עמיר בניון - עומד בשער,D:\בעלי תשובה\אחיה רובין\ונזכה
32.0,32.0,0.0,1.0,1.0,1.0,0.0,0.0,0.0,0.0,0.0,0.0,0.0,0.0,0.0,0.0,0.0,0.9585375013437943,0.6666666666666667,0.2857142857142857,0.0,0.0,0.0,0.22857142857142854,0.0,0.9104820519582741,0.0,1.0,1.0,2.0,algo_low_certainty_sampled,D:\בעלי תשובה\ארז משה דורון\014 אין שום יאוש בעולם כלל,D:\בעלי תשובה\ארז משה דורון\036 חנוכה
160.0,128.0,32.0,0.8,0.0,0.0,0.22423017210857654,0.6202184291388099,0.3959882570302333,0.22423017210857654,0.27770914861101964,0.0534789765024431,0.0,0.0,0.0,0.0,0.0,0.43856954143648874,0.380010524607802,0.20770055065707238,0.0,0.0,0.0,0.0,0.0,0.32500920857157045,0.0,1.0,2.0,2.0,algo_low_certainty_sampled,D:\בעלי תשובה\מים 1,D:\בעלי תשובה\אחיה רובין\ונזכה
128.0,128.0,0.0,1.0,0.0,0.0,1.0,1.0,0.0,0.0,1.0,1.0,0.0,1.0,0.0,0.0,0.0,0.39794374984296255,0.22571872571872573,0.0,0.0,0.0,0.0,0.15384615384615385,0.0,0.16281285659644104,0.0,0.5454545454545454,1.0,2.0,algo_low_certainty_sampled,D:\בעלי תשובה\חיים דוד סרצ'יק\מצור דבש,D:\בעלי תשובה\יצחק מאיר\נשמות חדשות\חלק 2
128.0,166.4,38.400000000000006,0.7692307692307692,0.0,0.0,0.3569665526970235,0.2594066150567698,0.09755993764025367,0.2755814301892734,0.2594066150567698,0.016174815132503573,0.0,1.0,0.0,0.0,0.0,0.5642284973560681,0.4781107010650949,0.18710006622678768,0.0,0.0,0.0,0.14814814814814814,0.0,0.4297728398196686,0.0,1.0,1.0,2.0,algo_low_certainty_sampled,D:\בעלי תשובה\יהודה גלאנץ\פיונרו,D:\בעלי תשובה\עדי רן\עדי רן - גלגל של הצלה
140.8,128.0,12.800000000000011,0.9090909090909091,0.0,0.0,0.0,0.29722377157744806,0.29722377157744806,0.0,0.29722377157744806,0.29722377157744806,0.0,0.0,0.0,0.0,0.0,0.4034323332230841,0.39381452238243664,0.009523809523809526,0.0,0.0,0.0,0.18181818181818177,0.0,0.2112935581208274,0.0,1.0,1.0,2.0,algo_low_certainty_sampled,D:\בעלי תשובה\רענן,D:\בעלי תשובה\ברלינגר\אהוד בנאי\שיר חדש
32.0,192.0,160.0,0.16666666666666666,0.0,0.0,0.0,0.7029066585588325,0.7029066585588325,0.0,0.28324915824915825,0.28324915824915825,0.0,0.0,0.0,0.0,0.0,0.37501672298033395,0.14081261926861077,0.0,0.0,0.0,0.0,0.16000000000000003,0.0,0.0,0.0,0.0,0.0,2.0,algo_low_certainty_sampled,D:\בעלי תשובה\ארז משה דורון\003 שמחה מתוך צער,D:\בעלי תשובה\אהוד בנאי\טיפ טיפה
128.0,128.0,0.0,1.0,0.0,1.0,0.26167062689250503,1.0,0.7383293731074949,0.26167062689250503,0.0,0.26167062689250503,0.0,0.0,0.0,0.0,0.0,0.2484083033325273,0.1800025396768692,0.06402116402116402,0.0,0.0,0.0,0.25,0.0,0.0,0.0,1.0,1.0,2.0,algo_low_certainty_sampled,D:\בעלי תשובה\קול אחי\בני,D:\בעלי תשובה\ישראל דגן\דגן חתונות\יוחנן
128.0,128.0,0.0,1.0,0.0,0.0,0.7874080873534178,1.0,0.21259191264658217,0.7874080873534178,0.2601616418210846,0.5272464455323332,0.0,0.0,0.0,0.0,0.0,0.6611789019675934,0.18253156337998694,0.14623617733475963,0.0,0.024242424242424235,0.0,0.23529411764705888,0.0,0.39308323704323805,0.0,0.0,0.0,2.0,algo_low_certainty_sampled,D:\בעלי תשובה\המדרגות,D:\בעלי תשובה\נקודה טובה
32.0,32.0,0.0,1.0,1.0,1.0,0.0,0.0,0.0,0.0,0.0,0.0,0.0,0.0,0.0,0.0,0.0,0.6673255742285779,0.6666666666666667,0.2857142857142857,0.0,0.0,0.0,0.41379310344827597,0.0,0.5615008460916139,0.0,1.0,1.0,2.0,algo_low_certainty_sampled,D:\בעלי תשובה\ארז משה דורון\064 תמיד תלמיד,D:\בעלי תשובה\ארז משה דורון\028 חינוך ילדים
128.0,128.0,0.0,1.0,0.0,0.0,1.0,0.6974116257476615,0.30258837425233853,1.0,0.6974116257476615,0.30258837425233853,1.0,0.0,0.0,0.0,0.0,0.3273317940726427,0.20000377660877433,0.105750329433715,0.0,0.0,0.0,0.25,0.0,0.06587573191279948,0.0,1.0,1.0,2.0,algo_low_certainty_sampled,D:\בעלי תשובה\יצחק מאיר\נשמות חדשות\חלק 2,D:\בעלי תשובה\חיות  הקודש
128.0,160.0,32.0,0.8,0.0,0.0,0.6847330038265858,0.22423017210857654,0.4605028317180092,0.22257521613042763,0.22423017210857654,0.0016549559781489087,0.0,0.0,0.0,0.0,0.0,0.30740915102533983,0.4270132976510486,0.22559595629389678,0.0,0.0,0.0,0.33333333333333337,0.0,0.17755653316922254,0.0,1.0,1.0,2.0,algo_low_certainty_sampled,D:\בעלי תשובה\אורן ארנון\עלי באר,D:\בעלי תשובה\מים 1
128.0,128.0,0.0,1.0,0.0,0.0,0.2859762415131112,0.2755814301892734,0.010394811323837794,1.0,0.2755814301892734,0.7244185698107266,1.0,0.0,0.0,0.0,0.0,0.5248009264994582,0.40919500176466117,0.1134384767279504,0.0,0.0,0.0,0.0,0.0,0.1581963410725164,0.0,1.0,1.0,2.0,algo_low_certainty_sampled,D:\בעלי תשובה\עדי רן\התבוננות,D:\בעלי תשובה\יהודה גלאנץ\Phinar
320.0,128.0,192.0,0.4,0.0,0.0,0.2328732027030505,0.27700884219937516,0.04413563949632465,0.23477009369085064,0.27700884219937516,0.04223874850852452,0.0,0.0,0.0,0.0,0.0,0.0,0.0,0.0,0.0,0.0,0.0,0.0,0.0,0.0,0.0,0.0,0.0,2.0,algo_no_comparison_result_sampled,D:\בעלי תשובה\צמאה - אומנים שרים את ניגוני הרבי מילובביץ,D:\בעלי תשובה\עדי רן\עדי רן והגיטרה - 1
128.0,166.4,38.400000000000006,0.7692307692307692,0.0,0.0,0.4028413437474495,0.2594066150567698,0.1434347286906797,0.2725157489002033,0.2594066150567698,0.013109133843433485,0.0,1.0,0.0,0.0,0.0,0.0,0.0,0.0,0.0,0.0,0.0,0.0,0.0,0.0,0.0,0.0,0.0,2.0,algo_no_comparison_result_sampled,D:\בעלי תשובה\מאיר בנאי\שמע קולי,D:\בעלי תשובה\עדי רן\עדי רן - גלגל של הצלה
32.0,32.0,0.0,1.0,1.0,1.0,0.0,0.0,0.0,0.0,0.0,0.0,0.0,0.0,0.0,0.0,0.0,0.6024345181525914,0.875,0.75,0.0,0.0,0.0,0.2666666666666667,0.0,0.43824155376713375,0.0,1.0,1.0,2.0,algo_low_certainty_sampled,D:\בעלי תשובה\ארז משה דורון\000[068] להאמין בעצמו,D:\בעלי תשובה\ארז משה דורון\036 חנוכה
160.0,128.0,32.0,0.8,0.0,0.0,0.21497468337814524,0.5556271404987482,0.34065245712060294,0.21497468337814524,0.309324224284178,0.09434954090603276,0.0,0.0,0.0,0.0,0.0,0.39100648513801994,0.3624092086547283,0.28912378912378905,0.0,0.0,0.0,0.1333333333333333,0.0,0.2828888927054689,0.0,1.0,1.0,2.0,algo_low_certainty_sampled,D:\בעלי תשובה\מים 2,D:\בעלי תשובה\הזמיר\נוסע לאומן
32.0,32.0,0.0,1.0,1.0,1.0,0.0,0.0,0.0,0.0,0.0,0.0,0.0,0.0,0.0,0.0,0.0,0.6302559270373196,0.6666666666666667,0.2857142857142857,0.0,0.0,0.0,0.3829787234042554,0.0,0.47770472765122013,0.0,1.0,1.0,2.0,algo_low_certainty_sampled,D:\בעלי תשובה\ארז משה דורון\000[068] להאמין בעצמו,D:\בעלי תשובה\ארז משה דורון\014 אין שום יאוש בעולם כלל
128.0,160.0,32.0,0.8,0.0,0.0,0.2727991566036579,0.2150137524440931,0.05778540415956479,0.27455635043139537,0.18847562874257065,0.08608072168882472,0.0,0.0,0.0,0.0,0.0,0.3353740890713846,0.47255343486922435,0.2189026487788098,0.0,0.0,0.0,0.0,0.0,0.06790138868830156,0.0,1.0,1.0,2.0,algo_low_certainty_sampled,D:\בעלי תשובה\ישעיה חסיד\אחד,D:\בעלי תשובה\ברק כהן\ברק כהן עם דובי גינז\עונג
160.0,128.0,32.0,0.8,0.0,0.0,0.27238638174643265,0.25729658680382567,0.015089794942606982,0.0,0.25645829152593796,0.25645829152593796,0.0,0.0,0.0,0.0,0.0,0.5446721692138508,0.4680584360919518,0.0,0.0,0.039525691699604744,0.0,0.2702702702702703,0.0,0.4439965041314847,0.0,0.0,0.0,2.0,algo_low_certainty_sampled,D:\בעלי תשובה\אהרון רזאל\אהרן רזאל - זמן הגאולה,D:\בעלי תשובה\צבי זלבסקי\פה ושם אני רוקד
32.0,32.0,0.0,1.0,1.0,1.0,0.0,0.0,0.0,0.0,0.0,0.0,0.0,0.0,0.0,0.0,0.0,0.7869023397276868,0.8,0.5714285714285714,0.0,0.0,0.0,0.3125,0.0,0.667450467322819,0.0,1.0,1.0,2.0,algo_low_certainty_sampled,D:\בעלי תשובה\ארז משה דורון\093 ישוב הדעת,D:\בעלי תשובה\ארז משה דורון\000[023] מעלת השמחה
192.0,320.0,128.0,0.6,0.0,0.0,0.3067488807297329,0.2184054305612374,0.08834345016849549,0.3067488807297329,0.2184054305612374,0.08834345016849549,1.0,1.0,1.0,0.0,0.0,0.0,0.0,0.0,0.0,0.0,0.0,0.0,0.0,0.0,0.0,0.0,0.0,2.0,algo_no_comparison_result_sampled,D:\בעלי תשובה\אהרון רזאל\אהרן רזאל - קבעתי את מושבי\אהרן רזאל - קבעתי את מושבי,D:\בעלי תשובה\ישי ריבו\שטח אפור
192.0,128.0,64.0,0.6666666666666666,0.0,0.0,0.3602569865901291,1.0,0.6397430134098709,0.20396713382961987,1.0,0.7960328661703802,1.0,1.0,1.0,0.0,0.0,0.0,0.0,0.0,0.0,0.0,0.0,0.0,0.0,0.0,0.0,0.0,0.0,2.0,algo_no_comparison_result_sampled,D:\בעלי תשובה\שולי רנד\הופעה בקיסריה\שולי רנד - בקיסריה\דיסק 2,D:\בעלי תשובה\יצחק מאיר\נשמות חדשות\חלק 2
96.0,128.0,32.0,0.75,0.0,0.0,0.22190442340597138,0.29698772961930864,0.07508330621333725,0.22190442340597138,1.0,0.7780955765940286,0.0,0.0,0.0,0.0,0.0,0.0,0.0,0.0,0.0,0.0,0.0,0.0,0.0,0.0,0.0,0.0,0.0,2.0,algo_no_comparison_result_sampled,D:\בעלי תשובה\קול אחי\הללו,D:\בעלי תשובה\אחישנה\לך ה' אלוקי
128.0,320.0,192.0,0.4,0.0,0.0,1.0,0.4255032201276181,0.5744967798723819,0.0,0.4242520955212302,0.4242520955212302,0.0,0.0,0.0,0.0,0.0,0.21255894692784552,0.22262813784615965,0.0,0.0,0.4210526315789473,0.0,0.14814814814814814,0.0,0.5470463816159634,0.0,0.0,0.0,2.0,algo_low_certainty_sampled,D:\בעלי תשובה\אליך-יריב גולדמן,D:\בעלי תשובה\יאיר כלב\עצם הנשמה 2
128.0,128.0,0.0,1.0,0.0,0.0,1.0,0.2727991566036579,0.7272008433963422,0.27844605035436915,0.27455635043139537,0.003889699922973777,0.0,0.0,0.0,0.0,0.0,0.7673264864218212,0.19709566262197842,0.23776653051901264,0.0,0.0,0.0,0.25,0.0,0.6018061009859159,0.0,1.0,1.0,2.0,algo_low_certainty_sampled,D:\בעלי תשובה\סנדי שמואלי\מחכים,D:\בעלי תשובה\ישעיה חסיד\אחד
192.0,128.0,64.0,0.6666666666666666,0.0,0.0,0.7029066585588325,0.6499881692003374,0.05291848935849508,0.28324915824915825,0.6499881692003374,0.36673901095117917,0.0,0.0,0.0,0.0,0.0,0.0,0.0,0.0,0.0,0.0,0.0,0.0,0.0,0.0,0.0,0.0,0.0,2.0,algo_no_comparison_result_sampled,D:\בעלי תשובה\אהוד בנאי\טיפ טיפה,D:\בעלי תשובה\ישראל דגן\לכבוד רשב'י
32.0,32.0,0.0,1.0,1.0,1.0,0.0,0.0,0.0,0.0,0.0,0.0,0.0,0.0,0.0,0.0,0.0,0.7282596304019476,0.6666666666666667,0.2857142857142857,0.0,0.0,0.0,0.5185185185185186,0.0,0.633168266951104,0.0,1.0,1.0,2.0,algo_low_certainty_sampled,D:\בעלי תשובה\ארז משה דורון\093 ישוב הדעת,D:\בעלי תשובה\ארז משה דורון\025 שלוש אהבות
128.0,128.0,0.0,1.0,0.0,0.0,0.2499528889962427,0.6387530961627489,0.3888002071665062,0.2499528889962427,0.2787580723284634,0.02880518333222068,0.0,0.0,0.0,0.0,0.0,0.6137630306363813,0.3582360041419245,0.2810903780812375,0.0,0.0,0.0,0.23529411764705888,0.0,0.33634115754505933,0.0,1.0,1.0,2.0,algo_low_certainty_sampled,D:\בעלי תשובה\דני,D:\בעלי תשובה\ישראל דגן\עדיין יש תקווה
166.4,128.0,38.400000000000006,0.7692307692307692,0.0,0.0,0.2594066150567698,1.0,0.7405933849432302,0.2594066150567698,1.0,0.7405933849432302,1.0,0.0,0.0,0.0,0.0,0.6129223180225607,0.20632057801301404,0.08545863734162966,0.0,0.19047619047619047,0.0,0.2777777777777778,0.0,0.4767896847214833,0.0,1.0,1.0,2.0,algo_low_certainty_sampled,D:\בעלי תשובה\עדי רן\עדי רן - גלגל של הצלה,D:\בעלי תשובה\ברלינגר\משה לוי והלויים
128.0,128.0,0.0,1.0,0.0,0.0,0.2409177614286613,0.2873753124937582,0.046457551065096886,0.2393952727002871,0.2873753124937582,0.047980039793471096,0.0,0.0,0.0,0.0,0.0,0.0,0.0,0.0,0.0,0.0,0.0,0.0,0.0,0.0,0.0,0.0,0.0,2.0,algo_no_comparison_result_sampled,D:\בעלי תשובה\שולי רנד\שולי רנד קיסריה,D:\בעלי תשובה\אברהם אבוטבול\בית הקדושה
128.0,128.0,0.0,1.0,0.0,0.0,0.8333333333333334,0.4063265208397102,0.42700681249362316,0.23579977126416757,0.25247161105728266,0.016671839793115095,0.0,0.0,0.0,0.0,0.0,0.6256857645637836,0.26604234372064545,0.1257752624314409,0.0,0.0,0.0,0.09523809523809523,0.0,0.3885456071766334,0.0,1.0,2.0,2.0,algo_low_certainty_sampled,D:\בעלי תשובה\אודי דוידי\אודי דודי 2\no title,D:\בעלי תשובה\ישראל זינגר\ריקוד המלאכים
320.0,96.0,224.0,0.3,0.0,0.0,0.31856504208855146,0.22190442340597138,0.09666061868258008,0.31856504208855146,0.22190442340597138,0.09666061868258008,0.0,0.0,0.0,0.0,0.0,0.10768684189914746,0.47835084679115986,0.2769876750431334,0.0,0.0,0.0,0.4,0.0,0.43886637926500843,0.0,1.0,1.0,2.0,algo_low_certainty_sampled,D:\בעלי תשובה\אהוד בר לוי,D:\בעלי תשובה\קול אחי\הללו
128.0,160.0,32.0,0.8,0.0,0.0,0.29698772961930864,0.2150137524440931,0.08197397717521554,1.0,0.18847562874257065,0.8115243712574294,0.0,0.0,0.0,0.0,0.0,0.0,0.0,0.0,0.0,0.0,0.0,0.0,0.0,0.0,0.0,0.0,0.0,2.0,algo_no_comparison_result_sampled,D:\בעלי תשובה\אחישנה\לך ה' אלוקי,D:\בעלי תשובה\ברק כהן\ברק כהן עם דובי גינז\עונג
320.0,128.0,192.0,0.4,0.0,0.0,0.2643842694212485,0.314852760634035,0.050468491212786515,0.2643842694212485,0.19920827968857835,0.06517598973267014,0.0,0.0,0.0,0.0,0.0,0.0,0.0,0.0,0.0,0.0,0.0,0.0,0.0,0.0,0.0,0.0,0.0,2.0,algo_no_comparison_result_sampled,D:\בעלי תשובה\אהרון רזאל\להיות מחובר,D:\בעלי תשובה\קן ברג'ס\קן ברג'ס-בנה מלכותו
128.0,56.0,72.0,0.4375,0.0,1.0,0.3569665526970235,0.7537098401213115,0.396743287424288,0.2755814301892734,0.2459984041872587,0.02958302600201468,0.0,0.0,0.0,0.0,0.0,0.32118698692796654,0.2569041124199428,0.3010019449075177,0.0,0.0,0.0,0.16666666666666663,0.0,0.3596037153221577,0.0,1.0,1.0,2.0,algo_low_certainty_sampled,D:\בעלי תשובה\יהודה גלאנץ\פיונרו,D:\בעלי תשובה\סנדי שמואלי\עד מתי
128.0,128.0,0.0,1.0,0.0,0.0,0.2409177614286613,0.3022111170984259,0.0612933556697646,0.2393952727002871,0.3022111170984259,0.06281584439813881,0.0,0.0,0.0,0.0,0.0,0.12748352034358426,0.3811279890803902,0.05794785036164347,0.0,0.08393414365954413,0.0,0.33333333333333337,0.0,0.0,0.0,1.0,1.0,2.0,algo_low_certainty_sampled,D:\בעלי תשובה\שולי רנד\שולי רנד קיסריה,D:\בעלי תשובה\ישראל דגן\דגן חתונות\משה אטיאס
160.0,128.0,32.0,0.8,0.0,0.0,0.2150137524440931,1.0,0.7849862475559068,0.18847562874257065,1.0,0.8115243712574294,0.0,0.0,0.0,0.0,0.0,0.3013167474831634,0.21734861820102092,0.06127124183006536,0.0,0.0,0.0,0.15384615384615385,0.0,0.26374673731112663,0.0,0.55,1.0,2.0,algo_low_certainty_sampled,D:\בעלי תשובה\ברק כהן\ברק כהן עם דובי גינז\עונג,D:\בעלי תשובה\יצחק שדהו
128.0,320.0,192.0,0.4,0.0,0.0,0.2844109435360347,0.20824731826827425,0.07616362526776044,0.2844109435360347,1.0,0.7155890564639653,1.0,0.0,0.0,0.0,0.0,0.0,0.0,0.0,0.0,0.0,0.0,0.0,0.0,0.0,0.0,0.0,0.0,2.0,algo_no_comparison_result_sampled,D:\בעלי תשובה\אודי דוידי\אודי דוידי - בן אהוב,D:\בעלי תשובה\שולי רנד\שולי רנד בקיסריה 1
320.0,192.0,128.0,0.6,0.0,0.0,0.269820031736722,0.3067488807297329,0.03692884899301091,0.269820031736722,0.3067488807297329,0.03692884899301091,0.0,1.0,0.0,0.0,0.0,0.42733718597155707,0.49747597063633625,0.27854710648828296,0.0,0.0,0.0,0.19999999999999996,0.0,0.4757414793555998,0.0,1.0,1.0,2.0,algo_low_certainty_sampled,D:\בעלי תשובה\חיים דוד סרצ'יק\היום,D:\בעלי תשובה\אהרון רזאל\אהרן רזאל - קבעתי את מושבי\אהרן רזאל - קבעתי את מושבי
32.0,128.0,96.0,0.25,1.0,1.0,0.14285714285714285,0.675501164221651,0.5326440213645081,0.0,0.675501164221651,0.675501164221651,0.0,0.0,0.0,0.0,0.0,0.6975861336828246,0.23417262231303976,0.0,0.0,0.0,0.0,0.08333333333333337,0.0,0.0,0.0,0.0,0.0,2.0,algo_low_certainty_sampled,D:\בעלי תשובה\ארז משה דורון\043 לצאת לחופש,D:\בעלי תשובה\ניסים גרמה
128.0,128.0,0.0,1.0,0.0,0.0,0.37977690175096385,0.2280134555390086,0.15176344621195526,0.23290542901652928,0.25332720690615423,0.02042177788962496,0.0,0.0,0.0,0.0,0.0,0.5172639385649446,0.42583478073024444,0.19112414932848368,0.050767414403778036,0.05387205387205387,0.0,0.2962962962962963,0.0,0.23080253708482393,0.0,0.0,0.0,2.0,algo_low_certainty_sampled,D:\בעלי תשובה\יוסף (גלעד) קרדונר\כל העולם - 02,D:\בעלי תשובה\למען שמו באהבה
64.0,96.0,32.0,0.6666666666666666,0.0,0.0,0.24337572331410295,0.24974139732911663,0.006365674015013673,0.4669122431312358,0.24974139732911663,0.21717084580211918,0.0,0.0,0.0,0.0,0.0,0.4093695228394941,0.48161503979944753,0.15401652123620088,0.0,0.0,0.0,0.2222222222222222,0.0,0.3236892614935995,0.0,1.0,1.0,2.0,algo_low_certainty_sampled,D:\בעלי תשובה\אודי טופלברג\מים,D:\בעלי תשובה\קול אחי\השקיפה
128.0,320.0,192.0,0.4,0.0,0.0,0.21116393582337853,0.31856504208855146,0.10740110626517294,0.21116393582337853,0.31856504208855146,0.10740110626517294,0.0,0.0,0.0,0.0,0.0,0.27575277653701413,0.48091961535572086,0.2551350283703225,0.0,0.0,0.0,0.30000000000000004,0.0,0.37785576724964925,0.0,1.0,1.0,2.0,algo_low_certainty_sampled,D:\בעלי תשובה\סנדי שמואלי\בעזרת השם,D:\בעלי תשובה\אהוד בר לוי
128.0,160.0,32.0,0.8,0.0,0.0,0.30704742811940955,0.38524365674718647,0.07819622862777692,0.30704742811940955,0.38524365674718647,0.07819622862777692,0.0,0.0,0.0,0.0,0.0,0.7032072065284705,0.5414504304265306,0.2046913261967025,0.0,0.0,0.0,0.33333333333333337,0.0,0.2657998007663733,0.0,0.0,0.0,2.0,algo_low_certainty_sampled,D:\בעלי תשובה\דני ממן\נהר המטהר,D:\בעלי תשובה\אלטרנטיבי\להקת נפקא מינה-גשר צר
128.0,96.0,32.0,0.75,0.0,0.0,0.2963361711896721,0.7141580422083057,0.4178218710186336,0.2792337495532713,0.26794241943258684,0.01129133012068445,0.0,0.0,0.0,0.0,0.0,0.32490845995532847,0.2628814026586477,0.26662709581440236,0.0,0.2195532436911747,0.0,0.33333333333333337,0.0,0.11568971378518718,0.0,0.0,0.0,2.0,algo_low_certainty_sampled,D:\בעלי תשובה\נסתרות דרכי האל,D:\בעלי תשובה\אודי אולמן\אגודה אחת
128.0,32.0,96.0,0.25,1.0,1.0,0.30459474003409925,0.0,0.30459474003409925,0.30459474003409925,0.0,0.30459474003409925,0.0,0.0,0.0,0.0,0.0,0.649274944265332,0.36379494190020506,0.0,0.0,0.0,0.0,0.30000000000000004,0.0,0.0,0.0,0.0,0.0,2.0,algo_low_certainty_sampled,D:\בעלי תשובה\אשר אלפסי\אתה הכל,D:\בעלי תשובה\ארז משה דורון\029 לראות טוב
32.0,32.0,0.0,1.0,1.0,1.0,0.0,0.0,0.0,0.0,0.0,0.0,0.0,0.0,0.0,0.0,0.0,0.6093215403108921,0.75,0.5,0.0,0.0,0.0,0.25,0.0,0.5683925414929082,0.0,1.0,1.0,2.0,algo_low_certainty_sampled,D:\בעלי תשובה\ארז משה דורון\052 אין כל חדש תחת השמש,D:\בעלי תשובה\ארז משה דורון\036 חנוכה
320.0,128.0,192.0,0.4,0.0,0.0,0.2643842694212485,0.2016140369955885,0.06277023242565999,0.2643842694212485,0.2016140369955885,0.06277023242565999,0.0,0.0,0.0,0.0,0.0,0.0,0.0,0.0,0.0,0.0,0.0,0.0,0.0,0.0,0.0,0.0,0.0,2.0,algo_no_comparison_result_sampled,D:\בעלי תשובה\אהרון רזאל\להיות מחובר,D:\בעלי תשובה\ק'ן ברג'ס\בנה מלכותו
160.0,128.0,32.0,0.8,0.0,0.0,0.38524365674718647,0.2026569618223385,0.18258669492484797,0.38524365674718647,0.2026569618223385,0.18258669492484797,0.0,0.0,0.0,0.0,0.0,0.6076439721131437,0.4201863876863878,0.19453885257806827,0.0,0.0,0.0,0.24,0.0,0.18516070781269883,0.0,0.0,0.0,2.0,algo_low_certainty_sampled,D:\בעלי תשובה\אלטרנטיבי\להקת נפקא מינה-גשר צר,D:\בעלי תשובה\להבה
64.0,128.0,64.0,0.5,1.0,1.0,0.24337572331410295,0.2889764430020933,0.04560071968799034,0.4669122431312358,0.2889764430020933,0.1779358001291425,0.0,0.0,0.0,0.0,0.0,0.37870489934395263,0.4962965552965553,0.20450451852928633,0.0,0.0,0.0,0.0,0.0,0.23603981241105396,0.0,1.0,1.0,2.0,algo_low_certainty_sampled,D:\בעלי תשובה\אודי טופלברג\מים,D:\בעלי תשובה\דני גולן\דני גולן והחברים\לב טהור
128.0,128.0,0.0,1.0,0.0,0.0,0.2859762415131112,0.6387530961627489,0.3527768546496377,1.0,0.2787580723284634,0.7212419276715366,1.0,0.0,0.0,0.0,0.0,0.0,0.0,0.0,0.0,0.0,0.0,0.0,0.0,0.0,0.0,0.0,0.0,2.0,algo_no_comparison_result_sampled,D:\בעלי תשובה\עדי רן\התבוננות,D:\בעלי תשובה\ישראל דגן\עדיין יש תקווה
128.0,128.0,0.0,1.0,0.0,0.0,0.27622047176536346,0.2873753124937582,0.011154840728394733,0.27622047176536346,0.2873753124937582,0.011154840728394733,0.0,0.0,0.0,0.0,0.0,0.47145304253332726,0.459828278828371,0.286353708144846,0.0,0.0,0.0,0.10526315789473684,0.0,0.2030343055684148,0.0,1.0,1.0,2.0,algo_low_certainty_sampled,D:\בעלי תשובה\עקיבא מרגליות\לאורו נלך,D:\בעלי תשובה\אברהם אבוטבול\בית הקדושה
128.0,128.0,0.0,1.0,0.0,0.0,0.2727991566036579,0.40024241465807686,0.12744325805441897,0.27455635043139537,0.29184619831127967,0.0172898478798843,0.0,0.0,0.0,0.0,0.0,0.6570689877505248,0.4021644925854825,0.2659042356067528,0.0,0.01428571428571429,0.0,0.16000000000000003,0.0,0.3885663009423145,0.0,0.0,0.0,2.0,algo_low_certainty_sampled,D:\בעלי תשובה\ישעיה חסיד\אחד,D:\בעלי תשובה\אלטרנטיבי\להקת המדרגות-בפתח הדלת
160.0,128.0,32.0,0.8,0.0,0.0,0.25237744776806564,0.4601311768377076,0.20775372906964196,0.25237744776806564,0.4601311768377076,0.20775372906964196,0.0,0.0,0.0,0.0,0.0,0.3842266611912411,0.4094805413514902,0.26744538448787314,0.0,0.0,0.0,0.14814814814814814,0.0,0.43434590438908366,0.0,1.0,1.0,2.0,algo_low_certainty_sampled,D:\בעלי תשובה\עדי רן\עדי רן מה יש לכם לדאוג,D:\בעלי תשובה\יונתן
160.0,128.0,32.0,0.8,0.0,0.0,0.27238638174643265,0.22711722683296007,0.04526915491347258,0.0,0.22711722683296007,0.22711722683296007,0.0,0.0,0.0,0.0,0.0,0.0,0.0,0.0,0.0,0.0,0.0,0.0,0.0,0.0,0.0,0.0,0.0,2.0,algo_no_comparison_result_sampled,D:\בעלי תשובה\אהרון רזאל\אהרן רזאל - זמן הגאולה,D:\בעלי תשובה\יניב\קומי אורי
128.0,96.0,32.0,0.75,0.0,0.0,0.3569665526970235,0.24974139732911663,0.10722515536790686,0.2755814301892734,0.24974139732911663,0.025840032860156764,0.0,0.0,0.0,0.0,0.0,0.7270797403170783,0.43917748439300164,0.19832773002412254,0.0,0.0,0.0,0.16666666666666663,0.0,0.38005198998341894,0.0,0.55,1.0,2.0,algo_low_certainty_sampled,D:\בעלי תשובה\יהודה גלאנץ\פיונרו,D:\בעלי תשובה\קול אחי\השקיפה
128.0,160.0,32.0,0.8,0.0,0.0,1.0,0.22423017210857654,0.7757698278914235,1.0,0.22423017210857654,0.7757698278914235,0.0,0.0,0.0,0.0,0.0,0.35482889185774436,0.2177792648783726,0.10673898281315161,0.0,0.0,0.0,0.2666666666666667,0.0,0.3778373420345383,0.0,1.0,1.0,2.0,algo_low_certainty_sampled,D:\בעלי תשובה\נפתלי גולד,D:\בעלי תשובה\מים 1
128.0,128.0,0.0,1.0,0.0,0.0,1.0,0.22718027545586006,0.7728197245441399,1.0,0.22718027545586006,0.7728197245441399,0.0,1.0,0.0,0.0,0.0,0.5524505804713692,0.2241966196388985,0.10038232464703052,0.0,0.0,0.0,0.29032258064516125,0.0,0.26658513427012015,0.0,1.0,1.0,2.0,algo_low_certainty_sampled,D:\בעלי תשובה\יצחק פוקס\(באנו ביחד (כדאי לבדוק אם חסר איזה שיר,D:\בעלי תשובה\יונתן רזאל\יונתן רזאל - בין הצלילים
160.0,96.0,64.0,0.6,0.0,0.0,0.2150137524440931,0.22190442340597138,0.006890670961878287,0.18847562874257065,0.22190442340597138,0.033428794663400735,0.0,0.0,0.0,0.0,0.0,0.0,0.0,0.0,0.0,0.0,0.0,0.0,0.0,0.0,0.0,0.0,0.0,2.0,algo_no_comparison_result_sampled,D:\בעלי תשובה\ברק כהן\ברק כהן עם דובי גינז\עונג,D:\בעלי תשובה\קול אחי\הללו
128.0,128.0,0.0,1.0,0.0,0.0,0.29698772961930864,0.6606431894230039,0.3636554598036953,1.0,0.8222222222222222,0.1777777777777778,0.0,0.0,0.0,0.0,0.0,0.7816737767978758,0.41666679819516084,0.08621553884711779,0.0,0.032103059581320446,0.0,0.18181818181818177,0.0,0.6911196667167017,0.0,1.0,1.0,2.0,algo_low_certainty_sampled,D:\בעלי תשובה\אחישנה\לך ה' אלוקי,D:\בעלי תשובה\המדרגות\המדרגות חדש
128.0,128.0,0.0,1.0,0.0,0.0,1.0,0.37977690175096385,0.6202230982490362,1.0,0.23290542901652928,0.7670945709834707,1.0,0.0,0.0,0.0,0.0,0.0,0.0,0.0,0.0,0.0,0.0,0.0,0.0,0.0,0.0,0.0,0.0,2.0,algo_no_comparison_result_sampled,D:\בעלי תשובה\יצחק מאיר\נשמות חדשות\חלק 2,D:\בעלי תשובה\יוסף (גלעד) קרדונר\כל העולם - 02
160.0,160.0,0.0,1.0,0.0,0.0,0.3707724849592341,0.27238638174643265,0.09838610321280145,0.3707724849592341,0.27238638174643265,0.09838610321280145,0.0,0.0,0.0,0.0,0.0,0.5373832018932183,0.40339548326695013,0.2468624927303629,0.0,0.0,0.0,0.38095238095238093,0.0,0.27866173222872387,0.0,1.0,1.0,2.0,algo_low_certainty_sampled,D:\בעלי תשובה\תיקון הכללי,D:\בעלי תשובה\אהרון רזאל\זמן הגאולה
320.0,128.0,192.0,0.4,0.0,0.0,0.21162859691843153,0.2809753868055855,0.06934678988715395,1.0,0.2555969699945765,0.7444030300054235,0.0,0.0,0.0,0.0,0.0,0.11825562458475897,0.42668250517859435,0.16905867610201977,0.0,0.027972027972027972,0.0,0.34782608695652173,0.0,0.1320309472275637,0.0,1.0,1.0,2.0,algo_low_certainty_sampled,D:\בעלי תשובה\שולי רנד\שולי רנד בקיסריה 2,D:\בעלי תשובה\יוסף קרדונר\בחירה
128.0,128.0,0.0,1.0,0.0,0.0,0.40582510542562483,0.2499528889962427,0.15587221642938212,0.2226164249693661,0.2499528889962427,0.027336464026876617,0.0,0.0,0.0,0.0,0.0,0.5685000236093136,0.41439798471774747,0.20031978653530377,0.0,0.0,0.0,0.21052631578947367,0.0,0.26249468915168345,0.0,0.0,0.0,2.0,algo_low_certainty_sampled,D:\בעלי תשובה\יוסף (גלעד) קרדונר\סימנים בדרך - 01,D:\בעלי תשובה\דני
98.9090909090909,320.0,221.0909090909091,0.3090909090909091,0.0,0.0,0.2270135150184752,0.21162859691843153,0.015384918100043665,0.2270135150184752,1.0,0.7729864849815248,0.0,0.0,0.0,0.0,0.0,0.07878029027280892,0.45706593911139365,0.09426401732551465,0.0,0.0,0.0,0.2727272727272727,0.0,0.0,0.0,1.0,1.0,2.0,algo_low_certainty_sampled,D:\בעלי תשובה\יצחק פוקס\פוקס,D:\בעלי תשובה\שולי רנד\שולי רנד בקיסריה 2
128.0,320.0,192.0,0.4,0.0,0.0,1.0,0.6733800968690087,0.3266199031309913,0.260144522835359,0.3065353641482236,0.046390841312864584,0.0,0.0,0.0,0.0,0.0,0.0,0.0,0.0,0.0,0.0,0.0,0.0,0.0,0.0,0.0,0.0,0.0,2.0,algo_no_comparison_result_sampled,D:\בעלי תשובה\חיים דוד סרצ'יק\הפורש,D:\בעלי תשובה\ברלינגר\אהוד בנאי\רסיסי לילה-אהוד בנאי
128.0,320.0,192.0,0.4,1.0,1.0,1.0,0.269820031736722,0.730179968263278,1.0,0.269820031736722,0.730179968263278,0.0,0.0,0.0,0.0,0.0,0.20400816646008196,0.22617147341870025,0.1001131053628025,0.0,0.0,0.0,0.17391304347826086,0.0,0.47725691693591904,0.0,1.0,1.0,2.0,algo_low_certainty_sampled,D:\בעלי תשובה\אודי דוידי\אודי דוידי דבר אליו,D:\בעלי תשובה\חיים דוד סרצ'יק\היום
128.0,48.0,80.0,0.375,1.0,1.0,0.4395813988062998,0.3657312505730815,0.07385014823321834,0.4395813988062998,0.1783519691265463,0.2612294296797535,0.0,0.0,0.0,0.0,0.0,0.15567555373259184,0.40321705231626603,0.23307920973093804,0.0,0.0,0.0,0.2941176470588235,0.0,0.34900954997335276,0.0,1.0,1.0,2.0,algo_low_certainty_sampled,D:\בעלי תשובה\ישראל דגן\ראש השנה שלי,D:\בעלי תשובה\עמיר בניון\עמיר בניון - עומד בשער
128.0,128.0,0.0,1.0,0.0,0.0,0.6981405755041324,0.2016140369955885,0.49652653850854395,0.28284348986098745,0.2016140369955885,0.08122945286539895,0.0,0.0,0.0,0.0,0.0,0.5833290211463047,0.3095040562524018,0.1313441956154507,0.0,0.2222222222222223,0.0,0.3076923076923077,0.0,0.4101281807951802,0.0,1.0,1.0,2.0,algo_low_certainty_sampled,D:\בעלי תשובה\עמיר בניון\עמיר בניון - עץ על מים האלבום,D:\בעלי תשובה\ק'ן ברג'ס\בנה מלכותו
128.0,128.0,0.0,1.0,0.0,0.0,0.40024241465807686,0.40582510542562483,0.005582690767547971,0.29184619831127967,0.2226164249693661,0.06922977334191358,0.0,0.0,0.0,0.0,0.0,0.0,0.0,0.0,0.0,0.0,0.0,0.0,0.0,0.0,0.0,0.0,0.0,2.0,algo_no_comparison_result_sampled,D:\בעלי תשובה\אלטרנטיבי\להקת המדרגות-בפתח הדלת,D:\בעלי תשובה\יוסף (גלעד) קרדונר\סימנים בדרך - 01
32.0,32.0,0.0,1.0,1.0,1.0,0.0,0.0,0.0,0.0,0.0,0.0,0.0,0.0,0.0,0.0,0.0,0.5509841504263481,0.75,0.5,0.0,0.0,0.0,0.19999999999999996,0.0,0.160738475984034,0.0,1.0,1.0,2.0,algo_low_certainty_sampled,D:\בעלי תשובה\ארז משה דורון\000[074] שלום,D:\בעלי תשובה\ארז משה דורון\011 אחד היה אברהם
128.0,128.0,0.0,1.0,0.0,1.0,0.27114163132912755,0.25729658680382567,0.013845044525301886,0.27114163132912755,0.25645829152593796,0.014683339803189588,0.0,0.0,0.0,0.0,0.0,0.5861634014239553,0.48888772836241917,0.2874223854112252,0.0,0.0,0.0,0.19047619047619047,0.0,0.22453327851176288,0.0,1.0,1.0,2.0,algo_low_certainty_sampled,D:\בעלי תשובה\דב אינדיג\בת קול,D:\בעלי תשובה\צבי זלבסקי\פה ושם אני רוקד
128.0,128.0,0.0,1.0,0.0,0.0,0.7180435668882397,0.21394797205483929,0.5040955948334004,0.7180435668882397,0.32470163567732774,0.39334193121091193,0.0,0.0,0.0,0.0,0.0,0.4584525851111983,0.25612531217752227,0.1694910877874626,0.0,0.0,0.0,0.16666666666666663,0.0,0.26009015758005033,0.0,1.0,1.0,2.0,algo_low_certainty_sampled,D:\בעלי תשובה\מערבה מכאן,D:\בעלי תשובה\ישראל דגן\תנו לי את לבכם
192.0,128.0,64.0,0.6666666666666666,0.0,0.0,0.260760428742324,0.2963361711896721,0.03557574244734807,0.260760428742324,0.2792337495532713,0.01847332081094727,1.0,0.0,0.0,0.0,0.0,0.5581625677865026,0.4523555829936214,0.23785081390344545,0.0,0.1839052760105392,0.0,0.1875,0.0,0.3495532675173765,0.0,1.0,1.0,2.0,algo_low_certainty_sampled,D:\בעלי תשובה\יצחק פוקס\ממעמקים יצחק פוקס,D:\בעלי תשובה\נסתרות דרכי האל
32.0,32.0,0.0,1.0,1.0,1.0,0.0,0.0,0.0,0.0,0.0,0.0,0.0,0.0,0.0,0.0,0.0,0.5718574259927756,0.875,0.75,0.0,0.0,0.0,0.375,0.0,0.2,0.0,1.0,1.0,2.0,algo_low_certainty_sampled,D:\בעלי תשובה\ארז משה דורון\079 הגיע זמן הגאולה,D:\בעלי תשובה\ארז משה דורון\093 ישוב הדעת
32.0,320.0,288.0,0.1,0.0,0.0,0.0,0.22554713804713802,0.22554713804713802,1.0,0.22554713804713802,0.774452861952862,0.0,1.0,0.0,0.0,0.0,0.1294371645914754,0.39272093276669934,0.0,0.0,0.0,0.0,0.22499999999999998,0.0,0.0,0.0,0.0,0.0,2.0,algo_low_certainty_sampled,D:\בעלי תשובה\ארז משה דורון\000[096] סוד הויתור,D:\בעלי תשובה\יצחק מאיר\סיום השס מפעלות הציונות הדתית עם יצחק מאיר UP FOR DOSSINET.ME\סיום השס מפעלות הציונות הדתית עם יצחק מאיר UP FOR DOSSINET.ME
32.0,32.0,0.0,1.0,1.0,1.0,0.0,0.0,0.0,0.0,0.0,0.0,0.0,0.0,0.0,0.0,0.0,0.6284084245528386,0.8571428571428573,0.6666666666666669,0.0,0.0,0.0,0.368421052631579,0.0,0.26225216260454703,0.0,1.0,1.0,2.0,algo_low_certainty_sampled,D:\בעלי תשובה\ארז משה דורון\020 להדבק באין סוף,D:\בעלי תשובה\ארז משה דורון\010 ארץ אוכלת יושביה
128.0,128.0,0.0,1.0,0.0,0.0,0.0,0.21394797205483929,0.21394797205483929,1.0,0.32470163567732774,0.6752983643226722,0.0,0.0,0.0,0.0,0.0,0.3295766049240875,0.38469877910508476,0.005050505050505052,0.018518518518518514,0.0,0.0,0.1428571428571429,0.0,0.16821258539433698,0.0,1.0,1.0,2.0,algo_low_certainty_sampled,D:\בעלי תשובה\רונן  חזיזה\ירמיהו גרוסקוט,D:\בעלי תשובה\ישראל דגן\תנו לי את לבכם
166.4,128.0,38.400000000000006,0.7692307692307692,0.0,0.0,0.2594066150567698,0.2499528889962427,0.009453726060527107,0.2594066150567698,0.2499528889962427,0.009453726060527107,1.0,0.0,0.0,0.0,0.0,0.5025969856477628,0.41884927695507856,0.20330119943123043,0.0,0.0,0.0,0.16666666666666663,0.0,0.3913229548668025,0.0,1.0,1.0,2.0,algo_low_certainty_sampled,D:\בעלי תשובה\עדי רן\עדי רן - גלגל של הצלה,D:\בעלי תשובה\דני
128.0,320.0,192.0,0.4,0.0,0.0,0.24746292294408634,0.416959409862627,0.16949648691854063,0.24746292294408634,0.31644553061421565,0.06898260767012931,0.0,1.0,0.0,0.0,0.0,0.0,0.0,0.0,0.0,0.0,0.0,0.0,0.0,0.0,0.0,0.0,0.0,2.0,algo_no_comparison_result_sampled,D:\בעלי תשובה\עדי רן\עדי רן והגיטרה - 2,D:\בעלי תשובה\עמיר בניון\עמיר בניון שירי ארץ אהבה\עמיר בניון - שירי ארץ-אהבה
96.0,166.4,70.4,0.5769230769230769,0.0,0.0,0.22190442340597138,0.2594066150567698,0.03750219165079843,0.22190442340597138,0.2594066150567698,0.03750219165079843,0.0,1.0,0.0,0.0,0.0,0.0,0.0,0.0,0.0,0.0,0.0,0.0,0.0,0.0,0.0,0.0,0.0,2.0,algo_no_comparison_result_sampled,D:\בעלי תשובה\קול אחי\הללו,D:\בעלי תשובה\עדי רן\עדי רן - גלגל של הצלה
320.0,128.0,192.0,0.4,0.0,0.0,0.21162859691843153,1.0,0.7883714030815685,1.0,0.0,1.0,0.0,0.0,0.0,0.0,0.0,0.2327271170012852,0.20123073379469372,0.0,0.0,0.0,0.0,0.3076923076923077,0.0,0.3092383772232139,0.0,0.5454545454545454,1.0,2.0,algo_low_certainty_sampled,D:\בעלי תשובה\שולי רנד\שולי רנד בקיסריה 2,D:\בעלי תשובה\חיים דוד סרצ'יק\מצור דבש
128.0,96.0,32.0,0.75,0.0,0.0,0.6606431894230039,0.22190442340597138,0.43873876601703254,0.8222222222222222,0.22190442340597138,0.6003177988162508,0.0,0.0,0.0,0.0,0.0,0.5319442333169271,0.37696663050396223,0.11862785791771299,0.0,0.2233302503422304,0.0,0.2666666666666667,0.0,0.47135976578835886,0.0,1.0,1.0,2.0,algo_low_certainty_sampled,D:\בעלי תשובה\המדרגות\המדרגות חדש,D:\בעלי תשובה\קול אחי\הללו
96.0,128.0,32.0,0.75,0.0,0.0,0.22190442340597138,0.21116393582337853,0.010740487582592856,0.22190442340597138,0.21116393582337853,0.010740487582592856,0.0,0.0,0.0,0.0,0.0,0.0,0.0,0.0,0.0,0.0,0.0,0.0,0.0,0.0,0.0,0.0,0.0,2.0,algo_no_comparison_result_sampled,D:\בעלי תשובה\קול אחי\הללו,D:\בעלי תשובה\סנדי שמואלי\בעזרת השם
320.0,128.0,192.0,0.4,0.0,0.0,0.2328732027030505,0.2280134555390086,0.0048597471640419165,0.23477009369085064,0.25332720690615423,0.018557113215303594,0.0,0.0,0.0,0.0,0.0,0.14870783876315655,0.44414695109687785,0.15295538311018186,0.062388591800356503,0.07148888263439347,0.0,0.25,0.0,0.25468488774275927,0.0,0.0,0.0,2.0,algo_low_certainty_sampled,D:\בעלי תשובה\צמאה - אומנים שרים את ניגוני הרבי מילובביץ,D:\בעלי תשובה\למען שמו באהבה
128.0,128.0,0.0,1.0,1.0,1.0,0.4395813988062998,0.2499528889962427,0.1896285098100571,0.4395813988062998,0.2499528889962427,0.1896285098100571,0.0,0.0,0.0,0.0,0.0,0.5959413899231853,0.4327559604602307,0.27248568481025426,0.0,0.0,0.0,0.2666666666666667,0.0,0.350309599968352,0.0,1.0,1.0,2.0,algo_low_certainty_sampled,D:\בעלי תשובה\ישראל דגן\ראש השנה שלי,D:\בעלי תשובה\דני
160.0,128.0,32.0,0.8,0.0,1.0,0.2360348106993184,0.3409729108296054,0.10493810013028701,0.2360348106993184,0.3409729108296054,0.10493810013028701,0.0,0.0,0.0,0.0,0.0,0.2925045337926978,0.33738561695136254,0.12398304843582204,0.0,0.0,0.0,0.25,0.0,0.05165337353038642,0.0,1.0,1.0,2.0,algo_low_certainty_sampled,D:\בעלי תשובה\שירים שאלעזר אהב,D:\בעלי תשובה\ישראל דגן\דגן חתונות\משה אונו
128.0,32.0,96.0,0.25,1.0,1.0,0.3101754385964912,0.0,0.3101754385964912,0.3101754385964912,0.0,0.3101754385964912,0.0,0.0,0.0,0.0,0.0,0.41131271769758254,0.35812865497076024,0.0,0.0,0.0,0.0,0.19047619047619047,0.0,0.0,0.0,0.0,0.0,2.0,algo_low_certainty_sampled,D:\בעלי תשובה\יהודה גלאנץ\הופעה,D:\בעלי תשובה\ארז משה דורון\035 עוצמת השתיקה
320.0,128.0,192.0,0.4,0.0,0.0,0.2184054305612374,0.4261133624252772,0.2077079318640398,0.2184054305612374,0.4261133624252772,0.2077079318640398,1.0,0.0,0.0,0.0,0.0,0.0,0.0,0.0,0.0,0.0,0.0,0.0,0.0,0.0,0.0,0.0,0.0,2.0,algo_no_comparison_result_sampled,D:\בעלי תשובה\ישי ריבו\שטח אפור,D:\בעלי תשובה\יוסף (גלעד) קרדונר\בחירה - 03
128.0,128.0,0.0,1.0,0.0,0.0,0.7648210459606535,0.22718027545586006,0.5376407705047934,0.635970973660645,0.22718027545586006,0.408790698204785,0.0,1.0,0.0,0.0,0.0,0.5786223768175657,0.2690001299091272,0.3443771665754425,0.0,0.12222222222222219,0.0,0.27586206896551724,0.0,0.26726177784200494,0.0,1.0,1.0,2.0,algo_low_certainty_sampled,D:\בעלי תשובה\הלוים,D:\בעלי תשובה\יונתן רזאל\יונתן רזאל - בין הצלילים
192.0,320.0,128.0,0.6,1.0,0.0,0.3693793107610762,0.20824731826827425,0.16113199249280197,0.22502142268352276,1.0,0.7749785773164772,1.0,0.0,0.0,0.0,0.0,0.0,0.0,0.0,0.0,0.0,0.0,0.0,0.0,0.0,0.0,0.0,0.0,2.0,algo_no_comparison_result_sampled,D:\בעלי תשובה\שולי רנד\הופעה בקיסריה\שולי רנד - בקיסריה\דיסק 1,D:\בעלי תשובה\שולי רנד\שולי רנד בקיסריה 1
128.0,128.0,0.0,1.0,0.0,0.0,0.2330104184381377,0.23306579697939106,5.537854125337027e-05,0.18359844124657437,0.23306579697939106,0.04946735573281669,0.0,0.0,0.0,0.0,0.0,0.4506758421296863,0.45138191180971926,0.19371759288027232,0.0,0.028708133971291863,0.0,0.21052631578947367,0.0,0.22819244114281734,0.0,0.0,0.0,2.0,algo_low_certainty_sampled,D:\בעלי תשובה\יוסף קרדונר\סימנים בדרך,D:\בעלי תשובה\אודי אולמן\אודי - 3
32.0,32.0,0.0,1.0,1.0,1.0,0.0,0.0,0.0,0.0,0.0,0.0,0.0,0.0,0.0,0.0,0.0,0.8792183867283621,0.7142857142857143,0.33333333333333337,0.0,0.0,0.0,0.4615384615384615,0.0,0.7247859788761886,0.0,1.0,1.0,2.0,algo_low_certainty_sampled,D:\בעלי תשובה\ארז משה דורון\061 אמת לרחק ואמת לקרב,D:\בעלי תשובה\ארז משה דורון\003 שמחה מתוך צער
128.0,128.0,0.0,1.0,0.0,0.0,0.8534650546662002,0.4063265208397102,0.44713853382648994,0.8788867414094268,0.25247161105728266,0.6264151303521441,0.0,0.0,0.0,0.0,0.0,0.7338994253996254,0.193277013302388,0.10390820964847808,0.0,0.0,0.0,0.19047619047619047,0.0,0.6825242673722777,0.0,1.0,1.0,2.0,algo_low_certainty_sampled,D:\בעלי תשובה\סיני תור,D:\בעלי תשובה\ישראל זינגר\ריקוד המלאכים
128.0,128.0,0.0,1.0,1.0,1.0,0.30704742811940955,0.7180435668882397,0.4109961387688301,0.30704742811940955,0.7180435668882397,0.4109961387688301,0.0,0.0,0.0,0.0,0.0,0.647598850320033,0.2882914034463267,0.19374636445458815,0.0,0.0,0.0,0.3157894736842105,0.0,0.37429390365673443,0.0,1.0,1.0,2.0,algo_low_certainty_sampled,D:\בעלי תשובה\דני ממן\נהר המטהר,D:\בעלי תשובה\מערבה מכאן
128.0,128.0,0.0,1.0,0.0,0.0,0.6847330038265858,0.2499528889962427,0.43478011483034307,0.22257521613042763,0.2499528889962427,0.027377672865815078,0.0,0.0,0.0,0.0,0.0,0.6413422692074494,0.4193777617904302,0.21832916129374752,0.0,0.0,0.0,0.19999999999999996,0.0,0.3500326722736694,0.0,1.0,1.0,2.0,algo_low_certainty_sampled,D:\בעלי תשובה\אורן ארנון\עלי באר,D:\בעלי תשובה\דני
128.0,128.0,0.0,1.0,0.0,0.0,0.2844109435360347,0.21966512044689707,0.06474582308913762,0.2844109435360347,0.29173991200759963,0.007328968471564945,1.0,0.0,0.0,0.0,0.0,0.5381302275744129,0.44298446975952205,0.3023609352438939,0.07301587301587302,0.05263157894736842,0.0,0.4117647058823529,0.0,0.21402919285379696,0.0,1.0,1.0,2.0,algo_low_certainty_sampled,D:\בעלי תשובה\אודי דוידי\אודי דוידי - בן אהוב,D:\בעלי תשובה\ישראל דגן\למען שמו באהבה
128.0,128.0,0.0,1.0,0.0,0.0,0.40582510542562483,1.0,0.5941748945743752,0.2226164249693661,0.0,0.2226164249693661,0.0,0.0,0.0,0.0,0.0,0.48770185644213504,0.21001331466864426,0.0,0.0,0.0,0.0,0.16666666666666663,0.0,0.24338231214100867,0.0,0.1,0.0,2.0,algo_low_certainty_sampled,D:\בעלי תשובה\יוסף (גלעד) קרדונר\סימנים בדרך - 01,D:\בעלי תשובה\חיים דוד סרצ'יק\למעו שמו
32.0,32.0,0.0,1.0,1.0,1.0,0.0,0.0,0.0,0.0,0.0,0.0,0.0,0.0,0.0,0.0,0.0,0.5936685505661312,0.6666666666666667,0.2857142857142857,0.0,0.0,0.0,0.2962962962962963,0.0,0.5596111063654826,0.0,1.0,1.0,2.0,algo_low_certainty_sampled,D:\בעלי תשובה\ארז משה דורון\036 חנוכה,D:\בעלי תשובה\ארז משה דורון\012 אסור להיות זקן
32.0,128.0,96.0,0.25,1.0,1.0,0.0,0.4407025534851622,0.4407025534851622,0.0,0.4407025534851622,0.4407025534851622,0.0,0.0,0.0,0.0,0.0,0.24923048867068626,0.37276094276094274,0.05357142857142858,0.0,0.0,0.0,0.2162162162162162,0.0,0.0,0.0,0.0,0.0,2.0,algo_low_certainty_sampled,D:\בעלי תשובה\ארז משה דורון\014 אין שום יאוש בעולם כלל,D:\בעלי תשובה\ישראל דגן\מחול צדיקים
128.0,128.0,0.0,1.0,0.0,0.0,0.2727991566036579,1.0,0.7272008433963422,0.27455635043139537,1.0,0.7254436495686046,0.0,0.0,0.0,0.0,0.0,0.6771310388975359,0.18664777717409295,0.0479576883384933,0.0,0.016666666666666663,0.0,0.15384615384615385,0.0,0.4798819483737268,0.0,1.0,1.0,2.0,algo_low_certainty_sampled,D:\בעלי תשובה\ישעיה חסיד\אחד,D:\בעלי תשובה\נפתלי גולד
128.0,320.0,192.0,0.4,0.0,0.0,0.2139713364504999,0.21162859691843153,0.002342739532068372,0.21586764519215973,1.0,0.7841323548078403,0.0,0.0,0.0,0.0,0.0,0.0,0.0,0.0,0.0,0.0,0.0,0.0,0.0,0.0,0.0,0.0,0.0,2.0,algo_no_comparison_result_sampled,D:\בעלי תשובה\אנסמבל שם-טוב לוי\תחנות רוח,D:\בעלי תשובה\שולי רנד\שולי רנד בקיסריה 2
128.0,160.0,32.0,0.8,0.0,0.0,1.0,0.27238638174643265,0.7276136182535673,0.2601616418210846,0.27238638174643265,0.01222473992534806,0.0,0.0,0.0,0.0,0.0,0.6462949708744905,0.23072390693990455,0.29197064740959056,0.0,0.0,0.0,0.30000000000000004,0.0,0.4412485942910932,0.0,0.0,0.0,2.0,algo_low_certainty_sampled,D:\בעלי תשובה\נקודה טובה,D:\בעלי תשובה\אהרון רזאל\זמן הגאולה
320.0,128.0,192.0,0.4,0.0,0.0,0.2328732027030505,0.4261133624252772,0.1932401597222267,0.23477009369085064,0.4261133624252772,0.19134326873442656,0.0,0.0,0.0,0.0,0.0,0.0,0.0,0.0,0.0,0.0,0.0,0.0,0.0,0.0,0.0,0.0,0.0,2.0,algo_no_comparison_result_sampled,D:\בעלי תשובה\צמאה - אומנים שרים את ניגוני הרבי מילובביץ,D:\בעלי תשובה\יוסף (גלעד) קרדונר\בחירה - 03
128.0,320.0,192.0,0.4,0.0,0.0,0.2873753124937582,0.269820031736722,0.017555280757036218,0.2873753124937582,0.269820031736722,0.017555280757036218,0.0,0.0,0.0,0.0,0.0,0.31132196617477886,0.45269015303003324,0.25633142474103576,0.0,0.0,0.0,0.2857142857142857,0.0,0.29249694667844967,0.0,1.0,1.0,2.0,algo_low_certainty_sampled,D:\בעלי תשובה\אברהם אבוטבול\בית הקדושה,D:\בעלי תשובה\חיים דוד סרצ'יק\היום
128.0,128.0,0.0,1.0,0.0,0.0,0.2941560623287137,0.40024241465807686,0.10608635232936314,0.0,0.29184619831127967,0.29184619831127967,0.0,0.0,0.0,0.0,0.0,0.6232695399123085,0.454016922030005,0.0,0.0,0.0,0.0,0.303030303030303,0.0,0.4607474045897185,0.0,0.0,0.0,2.0,algo_low_certainty_sampled,D:\בעלי תשובה\עדי רן\אל תכה בסלע,D:\בעלי תשובה\אלטרנטיבי\להקת המדרגות-בפתח הדלת
320.0,128.0,192.0,0.4,0.0,0.0,0.2643842694212485,0.27179654705633965,0.007412277635091169,0.2643842694212485,0.27179654705633965,0.007412277635091169,0.0,0.0,0.0,0.0,0.0,0.1482196727632628,0.5772775854008713,0.26098202320527614,0.0,0.007326007326007326,0.0,0.2666666666666667,0.0,0.460594157050602,0.0,1.0,1.0,2.0,algo_low_certainty_sampled,D:\בעלי תשובה\אהרון רזאל\להיות מחובר,D:\בעלי תשובה\יהודה גלאנץ\נעלה
128.0,128.0,0.0,1.0,0.0,0.0,0.5556271404987482,0.24746292294408634,0.30816421755466183,0.309324224284178,0.24746292294408634,0.06186130134009166,0.0,0.0,0.0,0.0,0.0,0.0,0.0,0.0,0.0,0.0,0.0,0.0,0.0,0.0,0.0,0.0,0.0,2.0,algo_no_comparison_result_sampled,D:\בעלי תשובה\הזמיר\נוסע לאומן,D:\בעלי תשובה\עדי רן\עדי רן והגיטרה - 2
192.0,320.0,128.0,0.6,0.0,0.0,0.3693793107610762,0.45042736031577224,0.08104804955469602,0.22502142268352276,0.45042736031577224,0.22540593763224948,1.0,0.0,0.0,0.0,0.0,0.0,0.0,0.0,0.0,0.0,0.0,0.0,0.0,0.0,0.0,0.0,0.0,2.0,algo_no_comparison_result_sampled,D:\בעלי תשובה\שולי רנד\הופעה בקיסריה\שולי רנד - בקיסריה\דיסק 1,D:\בעלי תשובה\יאיר כלב\הרב יאיר כלב ולהקת א גרויסע מציאה\עצם הנשמה
128.0,128.0,0.0,1.0,0.0,0.0,0.4028413437474495,0.29698772961930864,0.10585361412814087,0.2725157489002033,1.0,0.7274842510997968,0.0,0.0,0.0,0.0,0.0,0.0,0.0,0.0,0.0,0.0,0.0,0.0,0.0,0.0,0.0,0.0,0.0,2.0,algo_no_comparison_result_sampled,D:\בעלי תשובה\מאיר בנאי\שמע קולי,D:\בעלי תשובה\אחישנה\לך ה' אלוקי
32.0,153.6,121.6,0.20833333333333334,1.0,1.0,0.0,0.7400588508887702,0.7400588508887702,0.0,0.7400588508887702,0.7400588508887702,0.0,0.0,0.0,0.0,0.0,0.6164556971287147,0.15074208454854737,0.0096918549931633,0.0,0.0,0.0,0.15384615384615385,0.0,0.0,0.0,0.0,0.0,2.0,algo_low_certainty_sampled,D:\בעלי תשובה\ארז משה דורון\038 לשלוט על המלאכים,D:\בעלי תשובה\אבולוף
128.0,128.0,0.0,1.0,1.0,0.0,0.8333333333333334,0.2844109435360347,0.5489223897972987,0.23579977126416757,0.2844109435360347,0.04861117227186712,0.0,1.0,0.0,0.0,0.0,0.0,0.0,0.0,0.0,0.0,0.0,0.0,0.0,0.0,0.0,0.0,0.0,2.0,algo_no_comparison_result_sampled,D:\בעלי תשובה\אודי דוידי\אודי דודי 2\no title,D:\בעלי תשובה\אודי דוידי\אודי דוידי - בן אהוב
320.0,128.0,192.0,0.4,0.0,0.0,0.22554713804713802,0.306539294039294,0.08099215599215595,0.22554713804713802,0.306539294039294,0.08099215599215595,1.0,0.0,0.0,0.0,0.0,0.3083421950376924,0.499787651961565,0.2517768780926676,0.0,0.0,0.0,0.19718309859154926,0.0,0.592908087154439,0.0,1.0,1.0,2.0,algo_low_certainty_sampled,D:\בעלי תשובה\יצחק מאיר\סיום השס מפעלות הציונות הדתית עם יצחק מאיר UP FOR DOSSINET.ME\סיום השס מפעלות הציונות הדתית עם יצחק מאיר UP FOR DOSSINET.ME,D:\בעלי תשובה\בהרוז אהרוני\שירת השבים
320.0,320.0,0.0,1.0,0.0,0.0,0.2184054305612374,0.269820031736722,0.051414601175484576,0.2184054305612374,0.269820031736722,0.051414601175484576,1.0,0.0,0.0,0.0,0.0,0.7296175215794606,0.45833192379325366,0.2728862760566526,0.0,0.0,0.0,0.16666666666666663,0.0,0.5142566283798098,0.0,0.0,0.0,2.0,algo_low_certainty_sampled,D:\בעלי תשובה\ישי ריבו\שטח אפור,D:\בעלי תשובה\חיים דוד סרצ'יק\היום
128.0,128.0,0.0,1.0,1.0,1.0,0.2499528889962427,1.0,0.7500471110037573,0.2499528889962427,0.0,0.2499528889962427,0.0,0.0,0.0,0.0,0.0,0.7577515036834107,0.18466964645095577,0.0,0.0,0.0,0.0,0.15384615384615385,0.0,0.6882822436177134,0.0,1.0,1.0,2.0,algo_low_certainty_sampled,D:\בעלי תשובה\דני,D:\בעלי תשובה\גיל עקביוב
128.0,128.0,0.0,1.0,0.0,0.0,0.24951725891354376,0.4028413437474495,0.15332408483390575,0.24951725891354376,0.2725157489002033,0.022998489986659543,0.0,0.0,0.0,0.0,0.0,0.6165021428329536,0.40551459293394776,0.20550776305252008,0.0,0.0,0.0,0.2222222222222222,0.0,0.3496469018648216,0.0,1.0,1.0,2.0,algo_low_certainty_sampled,D:\בעלי תשובה\דני ממן\זה שיר שבח,D:\בעלי תשובה\מאיר בנאי\שמע קולי
128.0,128.0,0.0,1.0,0.0,0.0,0.4249225978542701,0.8534650546662002,0.42854245681193004,0.4249225978542701,0.8788867414094268,0.4539641435551567,1.0,0.0,0.0,0.0,0.0,0.0,0.0,0.0,0.0,0.0,0.0,0.0,0.0,0.0,0.0,0.0,0.0,2.0,algo_no_comparison_result_sampled,D:\בעלי תשובה\ניצן חן רזאל מוצא מקום,D:\בעלי תשובה\סיני תור
128.0,128.0,0.0,1.0,0.0,0.0,1.0,0.2859762415131112,0.7140237584868888,0.0,1.0,1.0,0.0,1.0,0.0,0.0,0.0,0.5047932260999146,0.17607217845250447,0.0,0.0,0.0,0.0,0.25,0.0,0.16808908213140547,0.0,1.0,1.0,2.0,algo_low_certainty_sampled,D:\בעלי תשובה\חיים דוד סרצ'יק\למעו שמו,D:\בעלי תשובה\עדי רן\התבוננות
98.9090909090909,160.0,61.09090909090909,0.6181818181818182,0.0,0.0,0.2270135150184752,0.3707724849592341,0.1437589699407589,0.2270135150184752,0.3707724849592341,0.1437589699407589,0.0,0.0,0.0,0.0,0.0,0.49475284501470096,0.3901390199962003,0.2100133254545019,0.0,0.0,0.0,0.1333333333333333,0.0,0.14308672663957908,0.0,1.0,1.0,2.0,algo_low_certainty_sampled,D:\בעלי תשובה\יצחק פוקס\פוקס,D:\בעלי תשובה\תיקון הכללי
128.0,128.0,0.0,1.0,0.0,0.0,0.2000802777784875,0.2873753124937582,0.0872950347152707,0.0,0.2873753124937582,0.2873753124937582,0.0,0.0,0.0,0.0,0.0,0.0,0.0,0.0,0.0,0.0,0.0,0.0,0.0,0.0,0.0,0.0,0.0,2.0,algo_no_comparison_result_sampled,D:\בעלי תשובה\אודי אולמן\דברי שיר,D:\בעלי תשובה\אברהם אבוטבול\בית הקדושה
128.0,32.0,96.0,0.25,1.0,1.0,0.4407025534851622,0.0,0.4407025534851622,0.4407025534851622,0.0,0.4407025534851622,0.0,0.0,0.0,0.0,0.0,0.2448259292055975,0.3675420875420875,0.042105263157894736,0.0,0.0,0.0,0.19999999999999996,0.0,0.14387989859070086,0.0,0.0,0.0,2.0,algo_low_certainty_sampled,D:\בעלי תשובה\ישראל דגן\מחול צדיקים,D:\בעלי תשובה\ארז משה דורון\000[023] מעלת השמחה
128.0,64.0,64.0,0.5,1.0,1.0,1.0,0.24337572331410295,0.756624276685897,0.0,0.4669122431312358,0.4669122431312358,0.0,0.0,0.0,0.0,0.0,0.3541193878565846,0.19656133144548477,0.0,0.0,0.0,0.0,0.15384615384615385,0.0,0.5262637313940861,0.0,1.0,1.0,2.0,algo_low_certainty_sampled,D:\בעלי תשובה\גיל עקביוב,D:\בעלי תשובה\אודי טופלברג\מים
128.0,128.0,0.0,1.0,0.3333333333333333,0.0,1.0,0.2409177614286613,0.7590822385713387,0.2601616418210846,0.2393952727002871,0.02076636912079749,0.0,0.0,0.0,0.0,0.0,0.0,0.0,0.0,0.0,0.0,0.0,0.0,0.0,0.0,0.0,0.0,0.0,2.0,algo_no_comparison_result_sampled,D:\בעלי תשובה\נקודה טובה,D:\בעלי תשובה\שולי רנד\שולי רנד קיסריה
128.0,128.0,0.0,1.0,0.0,0.0,0.29365193145651797,1.0,0.706348068543482,1.0,0.2991702741702742,0.7008297258297258,0.0,0.0,0.0,0.0,0.0,0.5776031040510525,0.19049236542443065,0.0432919254658385,0.0,0.012499999999999997,0.0,0.33333333333333337,0.0,0.20653291767500073,0.0,1.0,1.0,2.0,algo_low_certainty_sampled,D:\בעלי תשובה\ברלינגר\משה לוי - טוב\מים עמוקים-1,D:\בעלי תשובה\ישראל אזרחי\כל הליל מאבק
128.0,128.0,0.0,1.0,0.0,1.0,0.2727991566036579,0.2941560623287137,0.02135690572505583,0.27455635043139537,0.0,0.27455635043139537,0.0,0.0,0.0,0.0,0.0,0.6326674317327867,0.49976386033115716,0.0,0.0,0.0,0.0,0.1428571428571429,0.0,0.4556106576327303,0.0,0.0,0.0,2.0,algo_low_certainty_sampled,D:\בעלי תשובה\ישעיה חסיד\אחד,D:\בעלי תשובה\עדי רן\אל תכה בסלע
32.0,32.0,0.0,1.0,1.0,1.0,0.0,0.0,0.0,0.0,0.0,0.0,0.0,0.0,0.0,0.0,0.0,0.6647168140454374,0.7142857142857143,0.33333333333333337,0.0,0.0,0.0,0.3529411764705882,0.0,0.5638879024172323,0.0,1.0,1.0,2.0,algo_low_certainty_sampled,D:\בעלי תשובה\ארז משה דורון\060 לבטל את היסורים,D:\בעלי תשובה\ארז משה דורון\028 חינוך ילדים
320.0,128.0,192.0,0.4,0.0,0.0,0.21162859691843153,0.7874080873534178,0.5757794904349863,1.0,0.7874080873534178,0.21259191264658217,0.0,0.0,0.0,0.0,0.0,0.1428698758487069,0.22571784376973356,0.11806057133597238,0.0,0.1333333333333333,0.0,0.16000000000000003,0.0,0.22530076327231227,0.0,1.0,1.0,2.0,algo_low_certainty_sampled,D:\בעלי תשובה\שולי רנד\שולי רנד בקיסריה 2,D:\בעלי תשובה\המדרגות
160.0,160.0,0.0,1.0,0.0,0.0,0.2726881529823451,0.25237744776806564,0.020310705214279468,0.27311707713779837,0.25237744776806564,0.020739629369732726,0.0,0.0,0.0,0.0,0.0,0.6063247608574535,0.48633737364120627,0.3362947819288198,0.0,0.05113636363636364,0.0,0.1428571428571429,0.0,0.5101350851290781,0.0,1.0,2.0,2.0,algo_low_certainty_sampled,D:\בעלי תשובה\שמעונה,D:\בעלי תשובה\עדי רן\עדי רן מה יש לכם לדאוג
128.0,166.4,38.400000000000006,0.7692307692307692,0.0,0.0,1.0,0.2594066150567698,0.7405933849432302,1.0,0.2594066150567698,0.7405933849432302,0.0,1.0,0.0,0.0,0.0,0.5370636370141159,0.18391464163578106,0.03780284043441938,0.0,0.0,0.0,0.2666666666666667,0.0,0.47697401325225297,0.0,1.0,1.0,2.0,algo_low_certainty_sampled,D:\בעלי תשובה\יצחק שדהו,D:\בעלי תשובה\עדי רן\עדי רן - גלגל של הצלה
98.9090909090909,128.0,29.090909090909093,0.7727272727272727,0.0,0.0,0.2270135150184752,0.2139713364504999,0.013042178567975293,0.2270135150184752,0.21586764519215973,0.011145869826315463,0.0,0.0,0.0,0.0,0.0,0.3987308333238739,0.46983472617985544,0.21471474051946512,0.0,0.0,0.0,0.15384615384615385,0.0,0.20429666254609485,0.0,0.0,0.0,2.0,algo_low_certainty_sampled,D:\בעלי תשובה\יצחק פוקס\פוקס,D:\בעלי תשובה\אנסמבל שם-טוב לוי\תחנות רוח
192.0,128.0,64.0,0.6666666666666666,0.0,0.0,0.260760428742324,0.4601311768377076,0.19937074809538358,0.260760428742324,0.4601311768377076,0.19937074809538358,1.0,0.0,0.0,0.0,0.0,0.26844308593820815,0.4021464527491345,0.24000557040998216,0.0,0.0,0.0,0.18181818181818177,0.0,0.3293212001963541,0.0,1.0,1.0,2.0,algo_low_certainty_sampled,D:\בעלי תשובה\יצחק פוקס\ממעמקים יצחק פוקס,D:\בעלי תשובה\יונתן
48.0,128.0,80.0,0.375,1.0,0.0,0.3657312505730815,1.0,0.6342687494269186,0.1783519691265463,0.27844605035436915,0.10009408122782285,0.0,0.0,0.0,0.0,0.0,0.15606886345793775,0.21050293671845396,0.1777550259144187,0.0,0.0,0.0,0.14814814814814814,0.0,0.49638083002694733,0.0,0.55,1.0,2.0,algo_low_certainty_sampled,D:\בעלי תשובה\עמיר בניון\עמיר בניון - עומד בשער,D:\בעלי תשובה\סנדי שמואלי\מחכים
32.0,320.0,288.0,0.1,0.0,0.0,0.0,0.22554713804713802,0.22554713804713802,0.0,0.22554713804713802,0.22554713804713802,0.0,1.0,0.0,0.0,0.0,0.1837130201095702,0.37424242424242427,0.0,0.0,0.0,0.0,0.2784810126582279,0.0,0.0,0.0,0.0,0.0,2.0,algo_low_certainty_sampled,D:\בעלי תשובה\ארז משה דורון\063 מנהיגות יהודית,D:\בעלי תשובה\יצחק מאיר\סיום השס מפעלות הציונות הדתית עם יצחק מאיר UP FOR DOSSINET.ME\סיום השס מפעלות הציונות הדתית עם יצחק מאיר UP FOR DOSSINET.ME
32.0,128.0,96.0,0.25,1.0,1.0,0.0,0.4407025534851622,0.4407025534851622,0.0,0.4407025534851622,0.4407025534851622,0.0,0.0,0.0,0.0,0.0,0.23829432531813505,0.4193374741200828,0.1409653092006033,0.0,0.0,0.0,0.19999999999999996,0.0,0.13860604308033111,0.0,0.0,0.0,2.0,algo_low_certainty_sampled,D:\בעלי תשובה\ארז משה דורון\036 חנוכה,D:\בעלי תשובה\ישראל דגן\מחול צדיקים
160.0,128.0,32.0,0.8,0.0,1.0,0.27238638174643265,0.25729658680382567,0.015089794942606982,0.27238638174643265,0.25645829152593796,0.015928090220494684,0.0,0.0,0.0,0.0,0.0,0.5445554258887559,0.4680584360919518,0.2643532195671234,0.0,0.0,0.0,0.24,0.0,0.4439965041314847,0.0,1.0,1.0,2.0,algo_low_certainty_sampled,D:\בעלי תשובה\אהרון רזאל\זמן הגאולה,D:\בעלי תשובה\צבי זלבסקי\פה ושם אני רוקד
32.0,32.0,0.0,1.0,1.0,1.0,0.0,0.0,0.0,0.0,0.0,0.0,0.0,0.0,0.0,0.0,0.0,0.6261401282858866,0.784313725490196,0.5502645502645502,0.0,0.0,0.0,0.24390243902439024,0.0,0.29799072752192757,0.0,1.0,1.0,2.0,algo_low_certainty_sampled,D:\בעלי תשובה\ארז משה דורון\020 להדבק באין סוף,D:\בעלי תשובה\ארז משה דורון\069 כח המושח וכח המכריח
128.0,128.0,0.0,1.0,0.0,0.0,0.29698772961930864,0.2859762415131112,0.011011488106197453,1.0,1.0,0.0,0.0,1.0,0.0,0.0,0.0,0.0,0.0,0.0,0.0,0.0,0.0,0.0,0.0,0.0,0.0,0.0,0.0,2.0,algo_no_comparison_result_sampled,D:\בעלי תשובה\אחישנה\לך ה' אלוקי,D:\בעלי תשובה\עדי רן\התבוננות
128.0,128.0,0.0,1.0,0.0,0.0,0.23306579697939106,0.37977690175096385,0.1467111047715728,0.23306579697939106,0.23290542901652928,0.0001603679628617849,0.0,0.0,0.0,0.0,0.0,0.0,0.0,0.0,0.0,0.0,0.0,0.0,0.0,0.0,0.0,0.0,0.0,2.0,algo_no_comparison_result_sampled,D:\בעלי תשובה\אודי אולמן\אודי - 3,D:\בעלי תשובה\יוסף (גלעד) קרדונר\כל העולם - 02
192.0,192.0,0.0,1.0,0.0,0.0,0.3693793107610762,0.260760428742324,0.1086188820187522,0.22502142268352276,0.260760428742324,0.03573900605880126,1.0,1.0,1.0,0.0,0.0,0.0,0.0,0.0,0.0,0.0,0.0,0.0,0.0,0.0,0.0,0.0,0.0,2.0,algo_no_comparison_result_sampled,D:\בעלי תשובה\שולי רנד\הופעה בקיסריה\שולי רנד - בקיסריה\דיסק 1,D:\בעלי תשובה\יצחק פוקס\ממעמקים יצחק פוקס
160.0,160.0,0.0,1.0,0.0,0.0,0.22423017210857654,0.2150137524440931,0.009216419664483444,0.22423017210857654,0.18847562874257065,0.03575454336600589,0.0,0.0,0.0,0.0,0.0,0.6191589447883807,0.47590989470299816,0.23834801707244163,0.0,0.0,0.0,0.0,0.0,0.3740136966874326,0.0,1.0,1.0,2.0,algo_low_certainty_sampled,D:\בעלי תשובה\מים 1,D:\בעלי תשובה\ברק כהן\ברק כהן עם דובי גינז\עונג
160.0,128.0,32.0,0.8,0.0,0.0,0.3707724849592341,0.37977690175096385,0.009004416791729752,0.3707724849592341,0.23290542901652928,0.13786705594270482,0.0,0.0,0.0,0.0,0.0,0.0,0.0,0.0,0.0,0.0,0.0,0.0,0.0,0.0,0.0,0.0,0.0,2.0,algo_no_comparison_result_sampled,D:\בעלי תשובה\תיקון הכללי,D:\בעלי תשובה\יוסף (גלעד) קרדונר\כל העולם - 02
128.0,128.0,0.0,1.0,1.0,1.0,0.2026569618223385,0.26167062689250503,0.05901366507016653,0.2026569618223385,0.26167062689250503,0.05901366507016653,0.0,0.0,0.0,0.0,0.0,0.7040108365017963,0.4387909289333577,0.19872134038800704,0.0,0.0,0.0,0.2857142857142857,0.0,0.5006273496458332,0.0,1.0,1.0,2.0,algo_low_certainty_sampled,D:\בעלי תשובה\להבה,D:\בעלי תשובה\קול אחי\בני
128.0,128.0,0.0,1.0,0.0,0.0,0.2000802777784875,0.2409177614286613,0.04083748365017381,0.0,0.2393952727002871,0.2393952727002871,0.0,0.0,0.0,0.0,0.0,0.0,0.0,0.0,0.0,0.0,0.0,0.0,0.0,0.0,0.0,0.0,0.0,2.0,algo_no_comparison_result_sampled,D:\בעלי תשובה\אודי אולמן\דברי שיר,D:\בעלי תשובה\שולי רנד\שולי רנד קיסריה
96.0,128.0,32.0,0.75,0.0,0.0,0.7141580422083057,0.4601311768377076,0.2540268653705981,0.26794241943258684,0.4601311768377076,0.19218875740512076,0.0,0.0,0.0,0.0,0.0,0.5319200805302465,0.25903612477595417,0.21769867723926295,0.0,0.0,0.0,0.2857142857142857,0.0,0.45754953180117025,0.0,0.0,0.0,2.0,algo_low_certainty_sampled,D:\בעלי תשובה\אודי אולמן\אגודה אחת,D:\בעלי תשובה\יונתן
128.0,128.0,0.0,1.0,0.0,0.0,0.4249225978542701,0.21966512044689707,0.20525747740737305,0.4249225978542701,0.29173991200759963,0.13318268584667048,1.0,0.0,0.0,0.0,0.0,0.6048423166530403,0.4322237354613292,0.25689919701413955,0.05651340996168583,0.06349206349206349,0.0,0.2777777777777778,0.0,0.4776849143382738,0.0,1.0,1.0,2.0,algo_low_certainty_sampled,D:\בעלי תשובה\ניצן חן רזאל מוצא מקום,D:\בעלי תשובה\ישראל דגן\למען שמו באהבה
128.0,128.0,0.0,1.0,1.0,1.0,0.41880170358742175,0.30704742811940955,0.1117542754680122,0.41880170358742175,0.30704742811940955,0.1117542754680122,0.0,0.0,0.0,0.0,0.0,0.6185603524424983,0.41900851057059096,0.20503536038601328,0.0,0.0,0.0,0.09523809523809523,0.0,0.5214020614154568,0.0,1.0,1.0,2.0,algo_low_certainty_sampled,D:\בעלי תשובה\ישראל דגן\סמכו על כוחי,D:\בעלי תשובה\דני ממן\נהר המטהר
192.0,128.0,64.0,0.6666666666666666,0.0,0.0,0.3602569865901291,0.2809753868055855,0.07928159978454363,0.20396713382961987,0.2555969699945765,0.051629836164956616,1.0,0.0,0.0,0.0,0.0,0.28649379323820123,0.4216591829916149,0.20066166875623673,0.0,0.027972027972027972,0.0,0.18181818181818177,0.0,0.13212584736986577,0.0,0.0,0.0,2.0,algo_low_certainty_sampled,D:\בעלי תשובה\שולי רנד\הופעה בקיסריה\שולי רנד - בקיסריה\דיסק 2,D:\בעלי תשובה\יוסף קרדונר\בחירה
128.0,128.0,0.0,1.0,0.0,0.0,0.6847330038265858,1.0,0.31526699617341425,0.22257521613042763,1.0,0.7774247838695724,0.0,0.0,0.0,0.0,0.0,0.5755103712678618,0.2110823065063041,0.0416058688921793,0.0,0.24000000000000005,0.0,0.2727272727272727,0.0,0.3863681665014041,0.0,1.0,1.0,2.0,algo_low_certainty_sampled,D:\בעלי תשובה\אורן ארנון\עלי באר,D:\בעלי תשובה\ברלינגר\משה לוי והלויים
120.0,128.0,8.0,0.9375,0.0,1.0,0.22741860360456187,1.0,0.7725813963954381,0.2902449004652799,0.2991702741702742,0.0089253737049943,0.0,0.0,0.0,0.0,0.0,0.5308376778228113,0.1935382326007326,0.23699675324675323,0.0,0.0,0.0,0.31999999999999995,0.0,0.3071074623753013,0.0,1.0,1.0,2.0,algo_low_certainty_sampled,D:\בעלי תשובה\ישראל גריזולט,D:\בעלי תשובה\ישראל אזרחי\כל הליל מאבק
128.0,192.0,64.0,0.6666666666666666,0.0,0.0,0.2844109435360347,0.3693793107610762,0.08496836722504153,0.2844109435360347,0.22502142268352276,0.05938952085251192,1.0,1.0,1.0,0.0,0.0,0.0,0.0,0.0,0.0,0.0,0.0,0.0,0.0,0.0,0.0,0.0,0.0,2.0,algo_no_comparison_result_sampled,D:\בעלי תשובה\אודי דוידי\אודי דוידי - בן אהוב,D:\בעלי תשובה\שולי רנד\הופעה בקיסריה\שולי רנד - בקיסריה\דיסק 1
128.0,128.0,0.0,1.0,0.0,1.0,0.27114163132912755,0.2330104184381377,0.03813121289098986,0.27114163132912755,0.18359844124657437,0.08754319008255318,0.0,0.0,0.0,0.0,0.0,0.52372619504639,0.4701673107305519,0.1937705441800119,0.0,0.0,0.0,0.11764705882352944,0.0,0.22405937535010179,0.0,1.0,1.0,2.0,algo_low_certainty_sampled,D:\בעלי תשובה\דב אינדיג\בת קול,D:\בעלי תשובה\יוסף קרדונר\סימנים בדרך
128.0,128.0,0.0,1.0,0.0,0.0,0.4028413437474495,0.6387530961627489,0.23591175241529938,0.2725157489002033,0.2787580723284634,0.006242323428260088,0.0,0.0,0.0,0.0,0.0,0.0,0.0,0.0,0.0,0.0,0.0,0.0,0.0,0.0,0.0,0.0,0.0,2.0,algo_no_comparison_result_sampled,D:\בעלי תשובה\מאיר בנאי\שמע קולי,D:\בעלי תשובה\ישראל דגן\עדיין יש תקווה
128.0,195.78571428571428,67.78571428571428,0.6537759941627144,0.0,1.0,0.21375031402530595,0.2581071456170303,0.04435683159172435,0.20957560723347943,1.0,0.7904243927665205,0.0,0.0,0.0,0.0,0.0,0.4909572583158996,0.4517573028452907,0.032311000296380954,0.0,0.0,0.0,0.30000000000000004,0.0,0.40436543154456767,0.0,1.0,1.0,2.0,algo_low_certainty_sampled,D:\בעלי תשובה\חיים דוד סרצ'יק\בית כנסת קרליבך,D:\בעלי תשובה\חיים דוד סרצ'יק\לפניך
128.0,157.0909090909091,29.090909090909093,0.8148148148148148,0.0,0.0,0.27114163132912755,0.3433230563582517,0.07218142502912417,0.27114163132912755,0.2387152837785005,0.032426347550627066,0.0,0.0,0.0,0.0,0.0,0.5196251319072775,0.3013614266122369,0.33790009783817837,0.0,0.0,0.0,0.33333333333333337,0.0,0.3961266182580409,0.0,1.0,1.0,2.0,algo_low_certainty_sampled,D:\בעלי תשובה\דב אינדיג\בת קול,D:\בעלי תשובה\מאיר בנאי\לך אלי
128.0,128.0,0.0,1.0,0.0,1.0,1.0,1.0,0.0,1.0,1.0,0.0,0.0,0.0,0.0,0.0,0.0,0.5980955202865588,0.38703703703703696,0.33713450292397673,0.0,0.0,0.0,0.33333333333333337,0.0,0.35264702274753723,0.0,0.9,2.0,2.0,algo_low_certainty_sampled,D:\בעלי תשובה\יצחק שדהו,D:\בעלי תשובה\ברלינגר\משה לוי והלויים
128.0,48.0,80.0,0.375,1.0,1.0,0.25256305214732394,0.3657312505730815,0.11316819842575754,0.25256305214732394,0.1783519691265463,0.07421108302077764,0.0,0.0,0.0,0.0,0.0,0.18391137307818667,0.4357614919027963,0.25707568399653474,0.0,0.0,0.0,0.37735849056603776,0.0,0.6684269717151647,0.0,1.0,1.0,2.0,algo_low_certainty_sampled,D:\בעלי תשובה\יערות דבש-יצחק אזולאי\יערות דבש השיר והשבחלחי העולמים,D:\בעלי תשובה\עמיר בניון\עמיר בניון - עומד בשער
128.0,128.0,0.0,1.0,0.0,0.0,0.3569665526970235,0.6847330038265858,0.32776645112956226,0.2755814301892734,0.22257521613042763,0.05300621405884576,0.0,0.0,0.0,0.0,0.0,0.6945646442986623,0.39913411485525047,0.2099414062030161,0.0,0.0,0.0,0.3076923076923077,0.0,0.5196760160828248,0.0,0.55,1.0,2.0,algo_low_certainty_sampled,D:\בעלי תשובה\יהודה גלאנץ\פיונרו,D:\בעלי תשובה\אורן ארנון\עלי באר
192.0,160.0,32.0,0.8333333333333334,0.0,0.0,0.3602569865901291,0.27238638174643265,0.08787060484369646,0.20396713382961987,0.27238638174643265,0.06841924791681278,1.0,0.0,0.0,0.0,0.0,0.45288727720718003,0.4299988258261374,0.2741340373383717,0.0,0.0,0.0,0.125,0.0,0.154484462055133,0.0,0.0,0.0,2.0,algo_low_certainty_sampled,D:\בעלי תשובה\שולי רנד\הופעה בקיסריה\שולי רנד - בקיסריה\דיסק 2,D:\בעלי תשובה\אהרון רזאל\זמן הגאולה
128.0,192.0,64.0,0.6666666666666666,0.0,0.0,0.6596002478820621,0.7029066585588325,0.043306410676770435,0.8333333333333334,0.28324915824915825,0.5500841750841752,0.0,0.0,0.0,0.0,0.0,0.3952388274545674,0.2831504670349155,0.10859043331869417,0.0,0.2677576293675365,0.0,0.15384615384615385,0.0,0.4259655480062351,0.0,0.0,0.0,2.0,algo_low_certainty_sampled,D:\בעלי תשובה\המושב,D:\בעלי תשובה\אהוד בנאי\טיפ טיפה
160.0,128.0,32.0,0.8,0.0,0.0,0.38524365674718647,1.0,0.6147563432528136,0.38524365674718647,0.3076843579947969,0.0775592987523896,0.0,0.0,0.0,0.0,0.0,0.8000943534268838,0.21443098302293706,0.25881719781611934,0.0,0.0,0.0,0.15384615384615385,0.0,0.6081469038779784,0.0,0.0,0.0,2.0,algo_low_certainty_sampled,D:\בעלי תשובה\אלטרנטיבי\להקת נפקא מינה-גשר צר,D:\בעלי תשובה\מיקי רוזנבאום\פסיפס
128.0,128.0,0.0,1.0,0.0,0.0,0.22711722683296007,0.2139713364504999,0.013145890382460168,0.22711722683296007,0.21586764519215973,0.011249581640800338,0.0,0.0,0.0,0.0,0.0,0.0,0.0,0.0,0.0,0.0,0.0,0.0,0.0,0.0,0.0,0.0,0.0,2.0,algo_no_comparison_result_sampled,D:\בעלי תשובה\יניב\קומי אורי,D:\בעלי תשובה\אנסמבל שם-טוב לוי\תחנות רוח
128.0,320.0,192.0,0.4,0.07692307692307693,0.0,0.2409177614286613,0.2328732027030505,0.008044558725610801,0.2393952727002871,0.23477009369085064,0.004625179009436459,0.0,0.0,0.0,0.0,0.0,0.0,0.0,0.0,0.0,0.0,0.0,0.0,0.0,0.0,0.0,0.0,0.0,2.0,algo_no_comparison_result_sampled,D:\בעלי תשובה\שולי רנד\שולי רנד קיסריה,D:\בעלי תשובה\צמאה - אומנים שרים את ניגוני הרבי מילובביץ
96.0,128.0,32.0,0.75,0.0,0.0,0.22190442340597138,1.0,0.7780955765940286,0.22190442340597138,1.0,0.7780955765940286,0.0,0.0,0.0,0.0,0.0,0.0,0.0,0.0,0.0,0.0,0.0,0.0,0.0,0.0,0.0,0.0,0.0,2.0,algo_no_comparison_result_sampled,D:\בעלי תשובה\קול אחי\הללו,D:\בעלי תשובה\נפתלי גולד
128.0,32.0,96.0,0.25,0.0,0.0,1.0,0.0,1.0,1.0,0.0,1.0,0.0,0.0,0.0,0.0,0.0,0.31063770262393514,0.17647058823529407,0.1111111111111111,0.0,0.0,0.0,0.3076923076923077,0.0,0.0,0.0,0.0,0.0,2.0,algo_low_certainty_sampled,D:\בעלי תשובה\ישראל דגן\שמחת פורים,D:\בעלי תשובה\ארז משה דורון\035 עוצמת השתיקה
128.0,128.0,0.0,1.0,0.0,1.0,0.6474081690747675,0.7180435668882397,0.07063539781347217,0.6474081690747675,0.7180435668882397,0.07063539781347217,0.0,0.0,0.0,0.0,0.0,0.6151004400464778,0.2961807756120118,0.22172010455900973,0.0,0.0,0.0,0.26086956521739135,0.0,0.4621639476861205,0.0,1.0,1.0,2.0,algo_low_certainty_sampled,D:\בעלי תשובה\ברלינגר\משה לוי - טוב,D:\בעלי תשובה\מערבה מכאן
157.0909090909091,128.0,29.090909090909093,0.8148148148148148,0.0,0.0,0.3433230563582517,0.2280134555390086,0.11530960081924313,0.2387152837785005,0.25332720690615423,0.014611923127653748,0.0,0.0,0.0,0.0,0.0,0.5074326781040942,0.24364523860571288,0.16609882019089184,0.06768988587170405,0.060606060606060615,0.0,0.30000000000000004,0.0,0.4661971837993482,0.0,0.0,0.0,2.0,algo_low_certainty_sampled,D:\בעלי תשובה\מאיר בנאי\לך אלי,D:\בעלי תשובה\למען שמו באהבה
128.0,128.0,0.0,1.0,0.0,0.0,1.0,0.21375031402530595,0.786249685974694,0.260144522835359,0.20957560723347943,0.050568915601879566,0.0,0.0,0.0,0.0,0.0,0.513641105844775,0.16410772675203392,0.030823967559501755,0.0,0.008928571428571428,0.0,0.09999999999999998,0.0,0.13800044914628898,0.0,1.0,1.0,2.0,algo_low_certainty_sampled,D:\בעלי תשובה\חיים דוד סרצ'יק\הפורש,D:\בעלי תשובה\חיים דוד סרצ'יק\בית כנסת קרליבך
128.0,128.0,0.0,1.0,0.0,1.0,0.2499528889962427,0.6606431894230039,0.41069030042676125,0.2499528889962427,0.8222222222222222,0.5722693332259795,0.0,0.0,0.0,0.0,0.0,0.6638881561598281,0.3675480810236558,0.11356397413706462,0.0,0.0,0.0,0.1428571428571429,0.0,0.5270446357951648,0.0,1.0,1.0,2.0,algo_low_certainty_sampled,D:\בעלי תשובה\דני,D:\בעלי תשובה\המדרגות\המדרגות חדש
192.0,320.0,128.0,0.6,0.0,0.0,0.6993872645079584,0.4255032201276181,0.2738840443803403,0.27946841589077837,0.4242520955212302,0.14478367963045186,0.0,0.0,0.0,0.0,0.0,0.0,0.0,0.0,0.0,0.0,0.0,0.0,0.0,0.0,0.0,0.0,0.0,2.0,algo_no_comparison_result_sampled,D:\בעלי תשובה\אהרון רזאל\אהבת חינם,D:\בעלי תשובה\יאיר כלב\עצם הנשמה 2
128.0,128.0,0.0,1.0,0.0,0.0,0.37977690175096385,0.25729658680382567,0.12248031494713818,0.23290542901652928,0.25645829152593796,0.02355286250940869,0.0,0.0,0.0,0.0,0.0,0.586882067009557,0.42429052384256233,0.24774337028341603,0.0,0.028409090909090908,0.0,0.3571428571428571,0.0,0.35141074775061837,0.0,0.0,0.0,2.0,algo_low_certainty_sampled,D:\בעלי תשובה\יוסף (גלעד) קרדונר\כל העולם - 02,D:\בעלי תשובה\צבי זלבסקי\פה ושם אני רוקד
32.0,32.0,0.0,1.0,1.0,1.0,0.0,0.0,0.0,0.0,0.0,0.0,0.0,0.0,0.0,0.0,0.0,0.6823816649804157,0.7142857142857143,0.33333333333333337,0.0,0.0,0.0,0.4285714285714286,0.0,0.49406683906764187,0.0,1.0,1.0,2.0,algo_low_certainty_sampled,D:\בעלי תשובה\ארז משה דורון\093 ישוב הדעת,D:\בעלי תשובה\ארז משה דורון\001 תיקון הכללי
160.0,128.0,32.0,0.8,0.0,0.0,0.27238638174643265,0.6974116257476615,0.4250252440012288,0.0,0.6974116257476615,0.6974116257476615,0.0,0.0,0.0,0.0,0.0,0.5233318996558598,0.443168178887929,0.0,0.0,0.0,0.0,0.24242424242424243,0.0,0.4390256075479243,0.0,0.0,0.0,2.0,algo_low_certainty_sampled,D:\בעלי תשובה\אהרון רזאל\אהרן רזאל - זמן הגאולה,D:\בעלי תשובה\חיות  הקודש
128.0,160.0,32.0,0.8,0.0,0.0,0.26316833264670075,0.27238638174643265,0.009218049099731895,0.26316833264670075,0.27238638174643265,0.009218049099731895,0.0,0.0,0.0,0.0,0.0,0.600782216030836,0.45020568648128684,0.24882602951656657,0.0,0.0,0.0,0.4,0.0,0.27741192190078284,0.0,1.0,1.0,2.0,algo_low_certainty_sampled,D:\בעלי תשובה\ירמיהו\כנגן המנגן,D:\בעלי תשובה\אהרון רזאל\זמן הגאולה
128.0,128.0,0.0,1.0,0.0,0.0,0.8534650546662002,0.4601311768377076,0.39333387782849255,0.8788867414094268,0.4601311768377076,0.4187555645717192,0.0,0.0,0.0,0.0,0.0,0.6174286723247602,0.19043371319419974,0.1466781054953644,0.0,0.0,0.0,0.4615384615384615,0.0,0.41077360015169856,0.0,1.0,1.0,2.0,algo_low_certainty_sampled,D:\בעלי תשובה\סיני תור,D:\בעלי תשובה\יונתן
32.0,128.0,96.0,0.25,0.0,1.0,0.0,1.0,1.0,0.0,1.0,1.0,0.0,0.0,0.0,0.0,0.0,0.14797854588431145,0.23157894736842105,0.039999999999999994,0.0,0.0,0.0,0.3076923076923077,0.0,0.17621538064326087,0.0,0.0,0.0,2.0,algo_low_certainty_sampled,D:\בעלי תשובה\ארז משה דורון\002 בעל תפילה,D:\בעלי תשובה\רונן  חזיזה\שמחה של מצווה
128.0,320.0,192.0,0.4,0.0,0.0,1.0,0.2328732027030505,0.7671267972969495,1.0,0.23477009369085064,0.7652299063091493,0.0,0.0,0.0,0.0,0.0,0.21739315492403047,0.2922354297498768,0.11152302390717277,0.0,0.0,0.0,0.36065573770491793,0.0,0.49369451033693823,0.0,0.0,0.0,2.0,algo_low_certainty_sampled,D:\בעלי תשובה\אודי דוידי\אודי דוידי דבר אליו,D:\בעלי תשובה\צמאה - אומנים שרים את ניגוני הרבי מילובביץ
32.0,32.0,0.0,1.0,1.0,1.0,0.0,0.0,0.0,0.0,0.0,0.0,0.0,0.0,0.0,0.0,0.0,0.6031654573755196,0.8571428571428573,0.6666666666666667,0.0,0.0,0.0,0.32432432432432434,0.0,0.5663544170433503,0.0,1.0,1.0,2.0,algo_low_certainty_sampled,D:\בעלי תשובה\ארז משה דורון\012 אסור להיות זקן,D:\בעלי תשובה\ארז משה דורון\000[023] מעלת השמחה
128.0,128.0,0.0,1.0,0.0,0.0,0.2809753868055855,0.4261133624252772,0.14513797561969172,0.2555969699945765,0.4261133624252772,0.17051639243070071,0.0,0.0,0.0,0.0,0.0,0.7559613580515809,0.49101587911161654,0.3822555310302345,0.0,0.015810276679841896,0.0,0.6666666666666667,0.0,0.685009815904443,0.0,0.0,0.0,2.0,algo_low_certainty_sampled,D:\בעלי תשובה\יוסף קרדונר\בחירה,D:\בעלי תשובה\יוסף (גלעד) קרדונר\בחירה - 03
128.0,128.0,0.0,1.0,0.0,0.0,0.40582510542562483,0.4395813988062998,0.033756293380674984,0.2226164249693661,0.4395813988062998,0.21696497383693372,0.0,0.0,0.0,0.0,0.0,0.448689480146992,0.40162947659015036,0.2255755204547774,0.0,0.0,0.0,0.2142857142857143,0.0,0.17634887252282927,0.0,0.0,0.0,2.0,algo_low_certainty_sampled,D:\בעלי תשובה\יוסף (גלעד) קרדונר\סימנים בדרך - 01,D:\בעלי תשובה\ישראל דגן\ראש השנה שלי
128.0,48.0,80.0,0.375,1.0,1.0,0.2499528889962427,0.3657312505730815,0.11577836157683877,0.2499528889962427,0.1783519691265463,0.07160091986969641,0.0,0.0,0.0,0.0,0.0,0.19170972419425952,0.4223929701234407,0.1900400038557933,0.0,0.0,0.0,0.16000000000000003,0.0,0.21723282234694036,0.0,1.0,1.0,2.0,algo_low_certainty_sampled,D:\בעלי תשובה\דני,D:\בעלי תשובה\עמיר בניון\עמיר בניון - עומד בשער
32.0,32.0,0.0,1.0,1.0,1.0,0.0,0.0,0.0,0.0,0.0,0.0,0.0,0.0,0.0,0.0,0.0,0.6864539229900867,0.7142857142857143,0.3333333333333334,0.0,0.0,0.0,0.34285714285714286,0.0,0.2953223003326422,0.0,1.0,1.0,2.0,algo_low_certainty_sampled,D:\בעלי תשובה\ארז משה דורון\017 מדטציה יהודית,D:\בעלי תשובה\ארז משה דורון\020 להדבק באין סוף
128.0,128.0,0.0,1.0,0.0,1.0,0.7648210459606535,0.2963361711896721,0.4684848747709814,0.635970973660645,0.2792337495532713,0.35673722410737374,0.0,0.0,0.0,0.0,0.0,0.49137188198364323,0.28785188981859483,0.36879486407470713,0.0,0.2034041394335512,0.0,0.19999999999999996,0.0,0.25734616269491783,0.0,1.0,1.0,2.0,algo_low_certainty_sampled,D:\בעלי תשובה\הלוים,D:\בעלי תשובה\נסתרות דרכי האל
128.0,128.0,0.0,1.0,0.0,0.0,0.3462975584756755,0.6847330038265858,0.33843544535091025,0.3462975584756755,0.22257521613042763,0.12372234234524787,0.0,0.0,0.0,0.0,0.0,0.5547238220662901,0.5327522483853343,0.21609352466623832,0.0,0.0,0.0,0.23529411764705888,0.0,0.4045923797193919,0.0,1.0,1.0,2.0,algo_low_certainty_sampled,D:\בעלי תשובה\ישראל דגן\נפשי החזקה,D:\בעלי תשובה\אורן ארנון\עלי באר
128.0,192.0,64.0,0.6666666666666666,0.0,0.0,0.26316833264670075,0.3067488807297329,0.04358054808303213,0.26316833264670075,0.3067488807297329,0.04358054808303213,0.0,1.0,0.0,0.0,0.0,0.0,0.0,0.0,0.0,0.0,0.0,0.0,0.0,0.0,0.0,0.0,0.0,2.0,algo_no_comparison_result_sampled,D:\בעלי תשובה\ירמיהו\כנגן המנגן,D:\בעלי תשובה\אהרון רזאל\אהרן רזאל - קבעתי את מושבי\אהרן רזאל - קבעתי את מושבי
128.0,160.0,32.0,0.8,0.0,0.0,0.8333333333333334,0.25237744776806564,0.5809558855652677,0.23579977126416757,0.25237744776806564,0.016577676503898076,0.0,0.0,0.0,0.0,0.0,0.0,0.0,0.0,0.0,0.0,0.0,0.0,0.0,0.0,0.0,0.0,0.0,2.0,algo_no_comparison_result_sampled,D:\בעלי תשובה\אודי דוידי\אודי דודי 2\no title,D:\בעלי תשובה\עדי רן\עדי רן מה יש לכם לדאוג
128.0,128.0,0.0,1.0,0.0,0.0,0.8181818181818182,0.27700884219937516,0.5411729759824431,0.0,0.27700884219937516,0.27700884219937516,0.0,0.0,0.0,0.0,0.0,0.5868178790645263,0.2364883700684808,0.010101010101010105,0.0,0.018181818181818177,0.0,0.22857142857142854,0.0,0.21704974074529035,0.0,0.09090909090909091,0.0,2.0,algo_low_certainty_sampled,D:\בעלי תשובה\חיים דוד סרצ'יק\היום\1-זה כפול נא לסדר,D:\בעלי תשובה\עדי רן\עדי רן והגיטרה - 1
128.0,128.0,0.0,1.0,0.0,0.0,0.2755814301892734,0.264503876615915,0.011077553573358379,0.2755814301892734,1.0,0.7244185698107266,0.0,0.0,0.0,0.0,0.0,0.7055034390731852,0.6321444253542721,0.10528004616542777,0.0,0.0,0.0,0.0,0.0,0.5410919844072866,0.0,1.0,1.0,2.0,algo_low_certainty_sampled,D:\בעלי תשובה\יהודה גלאנץ\Phinar,D:\בעלי תשובה\אסף נגל\אדיר במרום
128.0,320.0,192.0,0.4,0.0,0.0,0.6974116257476615,0.21162859691843153,0.48578302882922997,0.6974116257476615,1.0,0.30258837425233853,0.0,0.0,0.0,0.0,0.0,0.12621300221924622,0.4129493874063833,0.105750329433715,0.0,0.0,0.0,0.27586206896551724,0.0,0.2197482102793799,0.0,1.0,1.0,2.0,algo_low_certainty_sampled,D:\בעלי תשובה\חיות  הקודש,D:\בעלי תשובה\שולי רנד\שולי רנד בקיסריה 2
32.0,153.6,121.6,0.20833333333333334,1.0,1.0,0.0,0.7400588508887702,0.7400588508887702,0.0,0.7400588508887702,0.7400588508887702,0.0,0.0,0.0,0.0,0.0,0.5815928351514358,0.15794174825775442,0.019024752393987224,0.0,0.0,0.0,0.13793103448275867,0.0,0.0,0.0,0.0,0.0,2.0,algo_low_certainty_sampled,D:\בעלי תשובה\ארז משה דורון\052 אין כל חדש תחת השמש,D:\בעלי תשובה\אבולוף
64.0,128.0,64.0,0.5,0.0,0.0,0.24337572331410295,0.6847330038265858,0.4413572805124828,0.4669122431312358,0.22257521613042763,0.24433702700080817,0.0,0.0,0.0,0.0,0.0,0.4081911529630868,0.4016658129913712,0.15321778790469492,0.0,0.0,0.0,0.19999999999999996,0.0,0.3689810217790629,0.0,1.0,1.0,2.0,algo_low_certainty_sampled,D:\בעלי תשובה\אודי טופלברג\מים,D:\בעלי תשובה\אורן ארנון\עלי באר
128.0,128.0,0.0,1.0,0.0,0.0,0.2280134555390086,0.2000802777784875,0.027933177760521094,0.25332720690615423,0.0,0.25332720690615423,0.0,0.0,0.0,0.0,0.0,0.48958551131188394,0.5004035938518697,0.0,0.033844942935852024,0.07655502392344497,0.0,0.18181818181818177,0.0,0.23845510827353156,0.0,0.0,0.0,2.0,algo_low_certainty_sampled,D:\בעלי תשובה\למען שמו באהבה,D:\בעלי תשובה\אודי אולמן\דברי שיר
128.0,128.0,0.0,1.0,0.0,0.0,0.4395813988062998,0.21116393582337853,0.2284174629829213,0.4395813988062998,0.21116393582337853,0.2284174629829213,0.0,0.0,0.0,0.0,0.0,0.5884164202811786,0.4066096681389036,0.20311843711843708,0.0,0.0,0.0,0.38095238095238093,0.0,0.41462799566832265,0.0,1.0,1.0,2.0,algo_low_certainty_sampled,D:\בעלי תשובה\ישראל דגן\ראש השנה שלי,D:\בעלי תשובה\סנדי שמואלי\בעזרת השם
128.0,128.0,0.0,1.0,0.0,1.0,0.2026569618223385,0.6474081690747675,0.444751207252429,0.2026569618223385,0.6474081690747675,0.444751207252429,0.0,0.0,0.0,0.0,0.0,0.5423951513633971,0.45366761287064894,0.2672808969313658,0.0,0.0,0.0,0.23529411764705888,0.0,0.35749913531861743,0.0,1.0,1.0,2.0,algo_low_certainty_sampled,D:\בעלי תשובה\להבה,D:\בעלי תשובה\ברלינגר\משה לוי - טוב
128.0,166.4,38.400000000000006,0.7692307692307692,0.0,0.0,1.0,0.2594066150567698,0.7405933849432302,1.0,0.2594066150567698,0.7405933849432302,0.0,1.0,0.0,0.0,0.0,0.0,0.0,0.0,0.0,0.0,0.0,0.0,0.0,0.0,0.0,0.0,0.0,2.0,algo_no_comparison_result_sampled,D:\בעלי תשובה\נפתלי גולד,D:\בעלי תשובה\עדי רן\עדי רן - גלגל של הצלה
128.0,32.0,96.0,0.25,0.0,0.0,0.2981899040147123,0.0,0.2981899040147123,0.28165144247625074,0.0,0.28165144247625074,0.0,0.0,0.0,0.0,0.0,0.5446935272857154,0.39814825735362364,0.0,0.0,0.0,0.0,0.09523809523809523,0.0,0.0,0.0,0.0,0.0,2.0,algo_low_certainty_sampled,D:\בעלי תשובה\הזמיר\נ נח,D:\בעלי תשובה\ארז משה דורון\007 המסיבה הגדולה
128.0,320.0,192.0,0.4,0.0,0.0,0.27114163132912755,0.2328732027030505,0.038268428626077045,0.27114163132912755,0.23477009369085064,0.03637153763827691,0.0,0.0,0.0,0.0,0.0,0.2323052827166162,0.45940977944402,0.23992777479267768,0.0,0.0,0.0,0.16666666666666663,0.0,0.4013077030884786,0.0,0.0,0.0,2.0,algo_low_certainty_sampled,D:\בעלי תשובה\דב אינדיג\בת קול,D:\בעלי תשובה\צמאה - אומנים שרים את ניגוני הרבי מילובביץ
32.0,32.0,0.0,1.0,1.0,1.0,0.0,0.0,0.0,0.0,0.0,0.0,0.0,0.0,0.0,0.0,0.0,0.6899842599847852,0.8,0.5714285714285714,0.0,0.0,0.0,0.35,0.0,0.5549836168457387,0.0,1.0,1.0,2.0,algo_low_certainty_sampled,D:\בעלי תשובה\ארז משה דורון\028 חינוך ילדים,D:\בעלי תשובה\ארז משה דורון\062 להוציא מהכוח אל הפועל
128.0,128.0,0.0,1.0,0.0,1.0,0.3893982783358661,0.7599515654402101,0.37055328710434404,0.3893982783358661,0.9852941176470589,0.5958958393111928,0.0,0.0,0.0,0.0,0.0,0.15596349334371354,0.24776577430503766,0.12304899665098445,0.0,0.0,0.0,0.11111111111111116,0.0,0.0,0.0,1.0,1.0,2.0,algo_low_certainty_sampled,D:\בעלי תשובה\אילן כהן צדק\אילן שלום 2,D:\בעלי תשובה\ישראל דגן\מחרוזות
56.0,128.0,72.0,0.4375,0.0,0.0,0.7537098401213115,0.6387530961627489,0.11495674395856259,0.2459984041872587,0.2787580723284634,0.03275966814120468,0.0,0.0,0.0,0.0,0.0,0.20270377822321298,0.23841119130002358,0.23462605658352054,0.0,0.0,0.0,0.4,0.0,0.33586554432172944,0.0,1.0,1.0,2.0,algo_low_certainty_sampled,D:\בעלי תשובה\סנדי שמואלי\עד מתי,D:\בעלי תשובה\ישראל דגן\עדיין יש תקווה
128.0,160.0,32.0,0.8,0.0,0.0,1.0,0.3707724849592341,0.6292275150407659,0.2601616418210846,0.3707724849592341,0.1106108431381495,0.0,0.0,0.0,0.0,0.0,0.0,0.0,0.0,0.0,0.0,0.0,0.0,0.0,0.0,0.0,0.0,0.0,2.0,algo_no_comparison_result_sampled,D:\בעלי תשובה\נקודה טובה,D:\בעלי תשובה\תיקון הכללי
96.0,128.0,32.0,0.75,0.0,0.0,0.7141580422083057,0.8534650546662002,0.13930701245789445,0.26794241943258684,0.8788867414094268,0.61094432197684,0.0,0.0,0.0,0.0,0.0,0.0,0.0,0.0,0.0,0.0,0.0,0.0,0.0,0.0,0.0,0.0,0.0,2.0,algo_no_comparison_result_sampled,D:\בעלי תשובה\אודי אולמן\אגודה אחת,D:\בעלי תשובה\סיני תור
128.0,320.0,192.0,0.4,0.0,0.0,0.2873753124937582,0.21162859691843153,0.07574671557532667,0.2873753124937582,1.0,0.7126246875062419,0.0,0.0,0.0,0.0,0.0,0.0,0.0,0.0,0.0,0.0,0.0,0.0,0.0,0.0,0.0,0.0,0.0,2.0,algo_no_comparison_result_sampled,D:\בעלי תשובה\אברהם אבוטבול\בית הקדושה,D:\בעלי תשובה\שולי רנד\שולי רנד בקיסריה 2
128.0,192.0,64.0,0.6666666666666666,0.0,0.0,0.27622047176536346,0.3067488807297329,0.030528408964369425,0.27622047176536346,0.3067488807297329,0.030528408964369425,0.0,1.0,0.0,0.0,0.0,0.3796073857495021,0.5027193813003848,0.3061385520454639,0.0,0.0,0.0,0.22857142857142854,0.0,0.7440342992177134,0.0,1.0,1.0,2.0,algo_low_certainty_sampled,D:\בעלי תשובה\עקיבא מרגליות\לאורו נלך,D:\בעלי תשובה\אהרון רזאל\אהרן רזאל - קבעתי את מושבי\אהרן רזאל - קבעתי את מושבי
128.0,128.0,0.0,1.0,0.0,0.0,0.21116393582337853,0.29698772961930864,0.08582379379593011,0.21116393582337853,1.0,0.7888360641766214,0.0,0.0,0.0,0.0,0.0,0.0,0.0,0.0,0.0,0.0,0.0,0.0,0.0,0.0,0.0,0.0,0.0,2.0,algo_no_comparison_result_sampled,D:\בעלי תשובה\סנדי שמואלי\בעזרת השם,D:\בעלי תשובה\אחישנה\לך ה' אלוקי
320.0,128.0,192.0,0.4,0.0,0.0,0.4637226853878569,0.8534650546662002,0.38974236927834327,0.4626829626472544,0.8788867414094268,0.4162037787621724,0.0,0.0,0.0,0.0,0.0,0.0,0.0,0.0,0.0,0.0,0.0,0.0,0.0,0.0,0.0,0.0,0.0,2.0,algo_no_comparison_result_sampled,D:\בעלי תשובה\יאיר כלב\עצם הנשמה 3,D:\בעלי תשובה\סיני תור
160.0,160.0,0.0,1.0,0.0,0.0,0.21497468337814524,0.25237744776806564,0.037402764389920407,0.21497468337814524,0.25237744776806564,0.037402764389920407,0.0,0.0,0.0,0.0,0.0,0.5051963909408572,0.5319366041491933,0.36734181372288793,0.0,0.0,0.0,0.2962962962962963,0.0,0.275974257768375,0.0,1.0,2.0,2.0,algo_low_certainty_sampled,D:\בעלי תשובה\מים 2,D:\בעלי תשובה\עדי רן\עדי רן מה יש לכם לדאוג
128.0,160.0,32.0,0.8,0.0,0.0,0.7648210459606535,0.25237744776806564,0.5124435981925879,0.635970973660645,0.25237744776806564,0.3835935258925794,0.0,0.0,0.0,0.0,0.0,0.5817211502009881,0.2572335720125935,0.2870243380586999,0.0,0.1666666666666666,0.0,0.2222222222222222,0.0,0.47725110238327967,0.0,1.0,1.0,2.0,algo_low_certainty_sampled,D:\בעלי תשובה\הלוים,D:\בעלי תשובה\עדי רן\עדי רן מה יש לכם לדאוג
160.0,128.0,32.0,0.8,0.0,0.0,0.27238638174643265,1.0,0.7276136182535673,0.0,0.2601616418210846,0.2601616418210846,0.0,0.0,0.0,0.0,0.0,0.0,0.0,0.0,0.0,0.0,0.0,0.0,0.0,0.0,0.0,0.0,0.0,2.0,algo_no_comparison_result_sampled,D:\בעלי תשובה\אהרון רזאל\אהרן רזאל - זמן הגאולה,D:\בעלי תשובה\נקודה טובה
128.0,128.0,0.0,1.0,1.0,1.0,0.2941560623287137,0.2889764430020933,0.005179619326620422,0.0,0.2889764430020933,0.2889764430020933,0.0,0.0,0.0,0.0,0.0,0.5722608639144251,0.5290154625068418,0.0,0.0,0.0,0.0,0.33333333333333337,0.0,0.3277172636602506,0.0,0.0,0.0,2.0,algo_low_certainty_sampled,D:\בעלי תשובה\עדי רן\אל תכה בסלע,D:\בעלי תשובה\דני גולן\דני גולן והחברים\לב טהור
32.0,128.0,96.0,0.25,1.0,1.0,0.0,0.306539294039294,0.306539294039294,0.0,0.306539294039294,0.306539294039294,0.0,0.0,0.0,0.0,0.0,0.7571348451362758,0.42925942306747256,0.0,0.0,0.0,0.0,0.2857142857142857,0.0,0.0,0.0,0.0,0.0,2.0,algo_low_certainty_sampled,D:\בעלי תשובה\ארז משה דורון\053 להשתנות,D:\בעלי תשובה\בהרוז אהרוני\שירת השבים
128.0,128.0,0.0,1.0,0.0,0.0,0.2280134555390086,0.27622047176536346,0.04820701622635487,0.25332720690615423,0.27622047176536346,0.022893264859209228,0.0,0.0,0.0,0.0,0.0,0.5416747276040487,0.46477007663610537,0.15419743655037774,0.0,0.0,0.0,0.26086956521739135,0.0,0.22222910692866724,0.0,0.0,0.0,2.0,algo_low_certainty_sampled,D:\בעלי תשובה\למען שמו באהבה,D:\בעלי תשובה\עקיבא מרגליות\לאורו נלך
32.0,32.0,0.0,1.0,1.0,1.0,0.0,0.0,0.0,0.0,0.0,0.0,0.0,0.0,0.0,0.0,0.0,0.6252574671289475,0.8,0.5714285714285714,0.0,0.0,0.0,0.5,0.0,0.330007203649608,0.0,1.0,1.0,2.0,algo_low_certainty_sampled,D:\בעלי תשובה\ארז משה דורון\093 ישוב הדעת,D:\בעלי תשובה\ארז משה דורון\013 צא אל השדות
32.0,32.0,0.0,1.0,1.0,1.0,0.0,0.0,0.0,0.0,0.0,0.0,0.0,0.0,0.0,0.0,0.0,0.672004815318739,0.8,0.5714285714285714,0.0,0.0,0.0,0.41025641025641024,0.0,0.5738810028170352,0.0,1.0,1.0,2.0,algo_low_certainty_sampled,D:\בעלי תשובה\ארז משה דורון\000[023] מעלת השמחה,D:\בעלי תשובה\ארז משה דורון\038 לשלוט על המלאכים
32.0,64.0,32.0,0.5,0.0,0.0,0.0,0.27853859442082746,0.27853859442082746,0.0,0.2705358574406193,0.2705358574406193,0.0,0.0,0.0,0.0,0.0,0.5162581168957073,0.3821870353909138,0.0,0.0,0.0,0.0,0.2222222222222222,0.0,0.12782988566439268,0.0,0.0,0.0,2.0,algo_low_certainty_sampled,D:\בעלי תשובה\ארז משה דורון\101 מעשה מברגר ועני ב,D:\בעלי תשובה\ישראל דגן\אשרינו
128.0,128.0,0.0,1.0,0.0,0.0,1.0,0.2873753124937582,0.7126246875062419,0.2601616418210846,0.2873753124937582,0.027213670672673607,0.0,0.0,0.0,0.0,0.0,0.0,0.0,0.0,0.0,0.0,0.0,0.0,0.0,0.0,0.0,0.0,0.0,2.0,algo_no_comparison_result_sampled,D:\בעלי תשובה\נקודה טובה,D:\בעלי תשובה\אברהם אבוטבול\בית הקדושה
128.0,128.0,0.0,1.0,0.0,1.0,0.7648210459606535,0.4601311768377076,0.3046898691229459,0.635970973660645,0.4601311768377076,0.17583979682293743,0.0,0.0,0.0,0.0,0.0,0.5377466086029455,0.3034926669523598,0.33752802870974125,0.0,0.0,0.0,0.19999999999999996,0.0,0.3000690368948055,0.0,1.0,1.0,2.0,algo_low_certainty_sampled,D:\בעלי תשובה\הלוים,D:\בעלי תשובה\יונתן
128.0,128.0,0.0,1.0,0.0,1.0,1.0,0.6596002478820621,0.34039975211793794,1.0,0.8333333333333334,0.16666666666666663,0.0,0.0,0.0,0.0,0.0,0.5293300102865263,0.21155837406916717,0.11837928153717626,0.0,0.2309324447482342,0.0,0.125,0.0,0.20074709800874146,0.0,1.0,1.0,2.0,algo_low_certainty_sampled,D:\בעלי תשובה\יחיא אזולאי,D:\בעלי תשובה\המושב
160.0,166.4,6.400000000000006,0.9615384615384615,0.0,0.0,0.22423017210857654,0.2594066150567698,0.035176442948193276,0.22423017210857654,0.2594066150567698,0.035176442948193276,0.0,1.0,0.0,0.0,0.0,0.42159832097789474,0.4146433317543375,0.19873492559399142,0.0,0.0,0.0,0.15384615384615385,0.0,0.32413657944295443,0.0,1.0,1.0,2.0,algo_low_certainty_sampled,D:\בעלי תשובה\מים 1,D:\בעלי תשובה\עדי רן\עדי רן - גלגל של הצלה
320.0,320.0,0.0,1.0,0.09090909090909091,0.0,0.2328732027030505,0.2184054305612374,0.014467772141813107,0.23477009369085064,0.2184054305612374,0.01636466312961324,0.0,1.0,0.0,0.0,0.0,0.0,0.0,0.0,0.0,0.0,0.0,0.0,0.0,0.0,0.0,0.0,0.0,2.0,algo_no_comparison_result_sampled,D:\בעלי תשובה\צמאה - אומנים שרים את ניגוני הרבי מילובביץ,D:\בעלי תשובה\ישי ריבו\שטח אפור
128.0,128.0,0.0,1.0,0.0,1.0,0.6024884106308767,0.26464376267485507,0.3378446479560216,0.2075569358178054,1.0,0.7924430641821946,0.0,0.0,0.0,0.0,0.0,0.7126976575419376,0.37170466641635985,0.007241822206432926,0.0,0.0,0.0,0.4,0.0,0.06987919473334761,0.0,0.13043478260869565,0.0,2.0,algo_low_certainty_sampled,D:\בעלי תשובה\אודי דוידי,D:\בעלי תשובה\עדי רן\אלבום כפול
128.0,128.0,0.0,1.0,0.0,1.0,0.27114163132912755,0.3022111170984259,0.031069485769298355,0.27114163132912755,0.3022111170984259,0.031069485769298355,0.0,0.0,0.0,0.0,0.0,0.13796323696755214,0.3660901162228394,0.07468736892350446,0.0,0.0,0.0,0.1333333333333333,0.0,0.05888923805151344,0.0,1.0,1.0,2.0,algo_low_certainty_sampled,D:\בעלי תשובה\דב אינדיג\בת קול,D:\בעלי תשובה\ישראל דגן\דגן חתונות\משה אטיאס
128.0,128.0,0.0,1.0,0.0,0.0,0.2409177614286613,1.0,0.7590822385713387,0.2393952727002871,1.0,0.760604727299713,0.0,0.0,0.0,0.0,0.0,0.47728424437529865,0.23168188448219756,0.08936021288531175,0.0,0.0,0.0,0.4117647058823529,0.0,0.3291119809219538,0.0,1.0,1.0,2.0,algo_low_certainty_sampled,D:\בעלי תשובה\שולי רנד\שולי רנד קיסריה,D:\בעלי תשובה\אודי דוידי\אודי דוידי דבר אליו
160.0,128.0,32.0,0.8,0.0,0.0,0.25237744776806564,0.5556271404987482,0.30324969273068253,0.25237744776806564,0.309324224284178,0.05694677651611235,0.0,0.0,0.0,0.0,0.0,0.0,0.0,0.0,0.0,0.0,0.0,0.0,0.0,0.0,0.0,0.0,0.0,2.0,algo_no_comparison_result_sampled,D:\בעלי תשובה\עדי רן\עדי רן מה יש לכם לדאוג,D:\בעלי תשובה\הזמיר\נוסע לאומן
128.0,128.0,0.0,1.0,0.0,0.0,0.2809753868055855,0.2280134555390086,0.05296193126657689,0.2555969699945765,0.25332720690615423,0.0022697630884222497,0.0,0.0,0.0,0.0,0.0,0.549630898886523,0.4829400298845888,0.14589158847532052,0.0,0.0,0.0,0.21052631578947367,0.0,0.3105159560510467,0.0,0.0,0.0,2.0,algo_low_certainty_sampled,D:\בעלי תשובה\יוסף קרדונר\בחירה,D:\בעלי תשובה\למען שמו באהבה
128.0,128.0,0.0,1.0,0.0,0.0,1.0,0.22711722683296007,0.7728827731670399,1.0,0.22711722683296007,0.7728827731670399,0.0,0.0,0.0,0.0,0.0,0.6849382957572979,0.3039733000077827,0.10149320493747739,0.0,0.0,0.0,0.4285714285714286,0.0,0.4851071586809303,0.0,1.0,1.0,2.0,algo_low_certainty_sampled,D:\בעלי תשובה\אודי דוידי\אודי דוידי דבר אליו,D:\בעלי תשובה\יניב\קומי אורי
32.0,32.0,0.0,1.0,1.0,1.0,0.0,0.0,0.0,0.0,0.0,0.0,0.0,0.0,0.0,0.0,0.0,0.7151541296829608,0.7142857142857143,0.33333333333333337,0.0,0.0,0.0,0.4,0.0,0.5034519666409981,0.0,1.0,1.0,2.0,algo_low_certainty_sampled,D:\בעלי תשובה\ארז משה דורון\004 זוגיות רוחנית,D:\בעלי תשובה\ארז משה דורון\093 ישוב הדעת
192.0,128.0,64.0,0.6666666666666666,0.0,0.0,0.3067488807297329,0.2280134555390086,0.0787354251907243,0.3067488807297329,0.25332720690615423,0.05342167382357865,1.0,0.0,0.0,0.0,0.0,0.3166781290441746,0.44992477756660176,0.1311339502248593,0.06613756613756613,0.060606060606060615,0.0,0.30000000000000004,0.0,0.41794443226695094,0.0,0.0,0.0,2.0,algo_low_certainty_sampled,D:\בעלי תשובה\אהרון רזאל\אהרן רזאל - קבעתי את מושבי\אהרן רזאל - קבעתי את מושבי,D:\בעלי תשובה\למען שמו באהבה
32.0,32.0,0.0,1.0,1.0,1.0,0.0,0.0,0.0,0.0,0.0,0.0,0.0,0.0,0.0,0.0,0.0,0.674761696272943,0.75,0.5,0.0,0.0,0.0,0.4,0.0,0.5321056462847512,0.0,1.0,1.0,2.0,algo_low_certainty_sampled,D:\בעלי תשובה\ארז משה דורון\034 אש רוח מים עפר,D:\בעלי תשובה\ארז משה דורון\065 שכל פנמי ושכל מקיף
128.0,128.0,0.0,1.0,0.0,0.0,0.21966512044689707,0.8333333333333334,0.6136682128864364,0.29173991200759963,0.23579977126416757,0.055940140743432065,0.0,0.0,0.0,0.0,0.0,0.5646299834249108,0.20052381837646926,0.13129052675088482,0.044466403162055336,0.05263157894736842,0.0,0.09090909090909094,0.0,0.35701014200360665,0.0,1.0,1.0,2.0,algo_low_certainty_sampled,D:\בעלי תשובה\ישראל דגן\למען שמו באהבה,D:\בעלי תשובה\אודי דוידי\אודי דודי 2\no title
192.0,320.0,128.0,0.6,0.0,0.0,0.3693793107610762,0.4637226853878569,0.09434337462678066,0.22502142268352276,0.4626829626472544,0.23766153996373163,1.0,0.0,0.0,0.0,0.0,0.0,0.0,0.0,0.0,0.0,0.0,0.0,0.0,0.0,0.0,0.0,0.0,2.0,algo_no_comparison_result_sampled,D:\בעלי תשובה\שולי רנד\הופעה בקיסריה\שולי רנד - בקיסריה\דיסק 1,D:\בעלי תשובה\יאיר כלב\עצם הנשמה 3
128.0,320.0,192.0,0.4,0.0,1.0,0.3022111170984259,0.269820031736722,0.03239108536170393,0.3022111170984259,0.269820031736722,0.03239108536170393,0.0,0.0,0.0,0.0,0.0,0.32883202584981536,0.35254021646604317,0.047427558878384284,0.0,0.0,0.0,0.3076923076923077,0.0,0.0,0.0,1.0,1.0,2.0,algo_low_certainty_sampled,D:\בעלי תשובה\ישראל דגן\דגן חתונות\משה אטיאס,D:\בעלי תשובה\חיים דוד סרצ'יק\היום
128.0,128.0,0.0,1.0,0.0,0.0,0.4261133624252772,0.27622047176536346,0.14989289065991374,0.4261133624252772,0.27622047176536346,0.14989289065991374,0.0,0.0,0.0,0.0,0.0,0.6567374699498354,0.43550003494637457,0.21911282731716167,0.0,0.0,0.0,0.21052631578947367,0.0,0.47211290270425543,0.0,0.0,0.0,2.0,algo_low_certainty_sampled,D:\בעלי תשובה\יוסף (גלעד) קרדונר\בחירה - 03,D:\בעלי תשובה\עקיבא מרגליות\לאורו נלך
128.0,128.0,0.0,1.0,0.0,1.0,0.2889764430020933,0.2727991566036579,0.01617728639843541,0.2889764430020933,0.27455635043139537,0.014420092570697929,0.0,0.0,0.0,0.0,0.0,0.7096777411210936,0.4816516723913831,0.26729429640018704,0.0,0.0,0.0,0.0,0.0,0.5753014726047846,0.0,1.0,1.0,2.0,algo_low_certainty_sampled,D:\בעלי תשובה\דני גולן\דני גולן והחברים\לב טהור,D:\בעלי תשובה\ישעיה חסיד\אחד
128.0,128.0,0.0,1.0,0.0,0.0,0.26464376267485507,0.28075109256921893,0.016107329894363864,1.0,0.28075109256921893,0.7192489074307811,0.0,0.0,0.0,0.0,0.0,0.2655692398852238,0.4734691090061787,0.03159432733038084,0.0,0.0,0.0,0.2857142857142857,0.0,0.10178067306720893,0.0,0.0,0.0,2.0,algo_low_certainty_sampled,D:\בעלי תשובה\עדי רן\אלבום כפול,D:\בעלי תשובה\עדי רן\שים שלום - עדי רן ושרוליק הרשטיק
32.0,32.0,0.0,1.0,1.0,1.0,0.0,0.0,0.0,0.0,0.0,0.0,0.0,0.0,0.0,0.0,0.0,0.7925172028737167,0.7142857142857143,0.33333333333333337,0.0,0.0,0.0,0.4,0.0,0.6763086305800093,0.0,1.0,1.0,2.0,algo_low_certainty_sampled,D:\בעלי תשובה\ארז משה דורון\014 אין שום יאוש בעולם כלל,D:\בעלי תשובה\ארז משה דורון\025 שלוש אהבות
320.0,166.4,153.6,0.52,0.0,0.0,0.31856504208855146,0.2594066150567698,0.059158427031781646,0.31856504208855146,0.2594066150567698,0.059158427031781646,0.0,1.0,0.0,0.0,0.0,0.31633897732520755,0.4090603803629751,0.18036930380408642,0.0,0.0,0.0,0.3125,0.0,0.37803597085439433,0.0,1.0,1.0,2.0,algo_low_certainty_sampled,D:\בעלי תשובה\אהוד בר לוי,D:\בעלי תשובה\עדי רן\עדי רן - גלגל של הצלה
128.0,128.0,0.0,1.0,0.0,1.0,1.0,0.306539294039294,0.6934607059607061,1.0,0.306539294039294,0.6934607059607061,0.0,0.0,0.0,0.0,0.0,0.46978598084916595,0.18255824505824503,0.09360893350047968,0.0,0.0,0.0,0.2857142857142857,0.0,0.16423459210588806,0.0,1.0,1.0,2.0,algo_low_certainty_sampled,D:\בעלי תשובה\יחיא אזולאי,D:\בעלי תשובה\בהרוז אהרוני\שירת השבים
128.0,192.0,64.0,0.6666666666666666,0.0,0.0,0.2139713364504999,0.3602569865901291,0.14628565013962921,0.21586764519215973,0.20396713382961987,0.011900511362539862,0.0,1.0,0.0,0.0,0.0,0.0,0.0,0.0,0.0,0.0,0.0,0.0,0.0,0.0,0.0,0.0,0.0,2.0,algo_no_comparison_result_sampled,D:\בעלי תשובה\אנסמבל שם-טוב לוי\תחנות רוח,D:\בעלי תשובה\שולי רנד\הופעה בקיסריה\שולי רנד - בקיסריה\דיסק 2
192.0,128.0,64.0,0.6666666666666666,0.0,0.0,0.3693793107610762,0.22718027545586006,0.14219903530521616,0.22502142268352276,0.22718027545586006,0.002158852772337294,1.0,1.0,1.0,0.0,0.0,0.0,0.0,0.0,0.0,0.0,0.0,0.0,0.0,0.0,0.0,0.0,0.0,2.0,algo_no_comparison_result_sampled,D:\בעלי תשובה\שולי רנד\הופעה בקיסריה\שולי רנד - בקיסריה\דיסק 1,D:\בעלי תשובה\יונתן רזאל\יונתן רזאל - בין הצלילים
128.0,128.0,0.0,1.0,0.0,0.0,0.2000802777784875,0.3022111170984259,0.10213083931993841,0.0,0.3022111170984259,0.3022111170984259,0.0,0.0,0.0,0.0,0.0,0.09283182667123925,0.37499502070341656,0.0,0.0,0.06747672539813902,0.0,0.23529411764705888,0.0,0.0,0.0,0.0,0.0,2.0,algo_low_certainty_sampled,D:\בעלי תשובה\אודי אולמן\דברי שיר,D:\בעלי תשובה\ישראל דגן\דגן חתונות\משה אטיאס
128.0,128.0,0.0,1.0,0.0,0.0,0.2409177614286613,0.4261133624252772,0.1851956009966159,0.2393952727002871,0.4261133624252772,0.1867180897249901,0.0,0.0,0.0,0.0,0.0,0.0,0.0,0.0,0.0,0.0,0.0,0.0,0.0,0.0,0.0,0.0,0.0,2.0,algo_no_comparison_result_sampled,D:\בעלי תשובה\שולי רנד\שולי רנד קיסריה,D:\בעלי תשובה\יוסף (גלעד) קרדונר\בחירה - 03
160.0,128.0,32.0,0.8,0.0,0.0,0.21497468337814524,0.24746292294408634,0.0324882395659411,0.21497468337814524,0.24746292294408634,0.0324882395659411,0.0,0.0,0.0,0.0,0.0,0.6173804023251163,0.42511039590177346,0.24550229182582126,0.0,0.0,0.0,0.26086956521739135,0.0,0.5092177279194559,0.0,0.0,0.0,2.0,algo_low_certainty_sampled,D:\בעלי תשובה\מים 2,D:\בעלי תשובה\עדי רן\עדי רן והגיטרה - 2
32.0,32.0,0.0,1.0,1.0,1.0,0.0,0.0,0.0,0.0,0.0,0.0,0.0,0.0,0.0,0.0,0.0,0.7566426587725772,0.6666666666666667,0.2857142857142857,0.0,0.0,0.0,0.36363636363636365,0.0,0.6290044669628009,0.0,1.0,1.0,2.0,algo_low_certainty_sampled,D:\בעלי תשובה\ארז משה דורון\034 אש רוח מים עפר,D:\בעלי תשובה\ארז משה דורון\028 חינוך ילדים
32.0,32.0,0.0,1.0,1.0,1.0,0.0,0.0,0.0,0.0,0.0,0.0,0.0,0.0,0.0,0.0,0.0,0.7302034634928878,0.7692307692307692,0.4,0.0,0.0,0.0,0.3529411764705882,0.0,0.7302020516417337,0.0,1.0,1.0,2.0,algo_low_certainty_sampled,D:\בעלי תשובה\ארז משה דורון\000[023] מעלת השמחה,D:\בעלי תשובה\ארז משה דורון\001 תיקון הכללי
153.6,32.0,121.6,0.20833333333333334,1.0,1.0,0.7400588508887702,0.0,0.7400588508887702,0.7400588508887702,0.0,0.7400588508887702,0.0,0.0,0.0,0.0,0.0,0.5981080780661603,0.15074208454854737,0.0096918549931633,0.0,0.0,0.0,0.08333333333333337,0.0,0.0,0.0,0.0,0.0,2.0,algo_low_certainty_sampled,D:\בעלי תשובה\אבולוף,D:\בעלי תשובה\ארז משה דורון\032 להמתיק את הדין
128.0,32.0,96.0,0.25,0.0,0.0,1.0,0.0,1.0,1.0,0.0,1.0,1.0,0.0,0.0,0.0,0.0,0.4655527212943669,0.23809523809523805,0.033333333333333326,0.0,0.0,0.0,0.09999999999999998,0.0,0.0,0.0,0.0,0.0,2.0,algo_low_certainty_sampled,D:\בעלי תשובה\יצחק מאיר\נשמות חדשות\חלק 1,D:\בעלי תשובה\ארז משה דורון\030 הגשמה עצמית
56.0,128.0,72.0,0.4375,0.0,1.0,0.7537098401213115,1.0,0.24629015987868852,0.2459984041872587,1.0,0.7540015958127413,0.0,0.0,0.0,0.0,0.0,0.3390280837562129,0.15952202030054483,0.04375405425328026,0.0,0.0,0.0,0.1333333333333333,0.0,0.49409108576975075,0.0,1.0,1.0,2.0,algo_low_certainty_sampled,D:\בעלי תשובה\סנדי שמואלי\עד מתי,D:\בעלי תשובה\יצחק שדהו
128.0,32.0,96.0,0.25,0.0,1.0,0.6596002478820621,0.0,0.6596002478820621,0.8333333333333334,0.0,0.8333333333333334,0.0,0.0,0.0,0.0,0.0,0.7533223880711365,0.25096563818081785,0.03431372549019608,0.0,0.0,0.0,0.17391304347826086,0.0,0.0,0.0,0.0,0.0,2.0,algo_low_certainty_sampled,D:\בעלי תשובה\המושב,D:\בעלי תשובה\ארז משה דורון\063 מנהיגות יהודית
160.0,128.0,32.0,0.8,0.0,0.0,0.2150137524440931,1.0,0.7849862475559068,0.18847562874257065,1.0,0.8115243712574294,0.0,0.0,0.0,0.0,0.0,0.43678045052548253,0.203422901491867,0.057955345881042494,0.0,0.2580645161290322,0.0,0.10526315789473684,0.0,0.23195665779359054,0.0,1.0,1.0,2.0,algo_low_certainty_sampled,D:\בעלי תשובה\ברק כהן\ברק כהן עם דובי גינז\עונג,D:\בעלי תשובה\ברלינגר\משה לוי והלויים
128.0,128.0,0.0,1.0,0.0,0.0,0.2918023180740775,0.3409729108296054,0.049170592755527875,0.28317402612751363,0.3409729108296054,0.05779888470209177,0.0,0.0,0.0,0.0,0.0,0.28550831550359873,0.44503296260581465,0.2682403667108109,0.0,0.08286241423893247,0.0,0.09999999999999998,0.0,0.06656134569990325,0.0,1.0,1.0,2.0,algo_low_certainty_sampled,D:\בעלי תשובה\ק'ן ברג'ס\לא לבד במדבר,D:\בעלי תשובה\ישראל דגן\דגן חתונות\משה אונו
128.0,320.0,192.0,0.4,0.0,1.0,0.2809753868055855,0.269820031736722,0.011155355068863504,0.2555969699945765,0.269820031736722,0.014223061742145493,0.0,0.0,0.0,0.0,0.0,0.17699320458603385,0.5305464674145388,0.32138515337771323,0.0,0.0,0.0,0.2222222222222222,0.0,0.515923872257099,0.0,1.0,1.0,2.0,algo_low_certainty_sampled,D:\בעלי תשובה\יוסף קרדונר\בחירה,D:\בעלי תשובה\חיים דוד סרצ'יק\היום
32.0,32.0,0.0,1.0,1.0,1.0,0.0,0.0,0.0,0.0,0.0,0.0,0.0,0.0,0.0,0.0,0.0,0.6671164390890609,0.7692307692307692,0.4,0.0,0.0,0.0,0.4,0.0,0.6082535461957773,0.0,1.0,1.0,2.0,algo_low_certainty_sampled,D:\בעלי תשובה\ארז משה דורון\012 אסור להיות זקן,D:\בעלי תשובה\ארז משה דורון\004 זוגיות רוחנית
128.0,128.0,0.0,1.0,0.0,1.0,1.0,1.0,0.0,1.0,0.0,1.0,0.0,0.0,0.0,0.0,0.0,0.6178335891544133,0.38703703703703696,0.0,0.0,0.0,0.0,0.34782608695652173,0.0,0.4197066093967006,0.0,0.9,2.0,2.0,algo_low_certainty_sampled,D:\בעלי תשובה\ברלינגר\משה לוי והלויים,D:\בעלי תשובה\חיים דוד סרצ'יק\למעו שמו
32.0,32.0,0.0,1.0,1.0,1.0,0.0,0.0,0.0,0.0,0.0,0.0,0.0,0.0,0.0,0.0,0.0,0.667183748347823,0.784313725490196,0.5502645502645502,0.0,0.0,0.0,0.32558139534883723,0.0,0.5830156449018166,0.0,1.0,1.0,2.0,algo_low_certainty_sampled,D:\בעלי תשובה\ארז משה דורון\069 כח המושח וכח המכריח,D:\בעלי תשובה\ארז משה דורון\010 ארץ אוכלת יושביה
160.0,128.0,32.0,0.8,0.0,0.0,0.2726881529823451,0.8534650546662002,0.5807769016838551,0.27311707713779837,0.8788867414094268,0.6057696642716284,0.0,0.0,0.0,0.0,0.0,0.38124364658456306,0.1823950551887288,0.12281462318720053,0.0,0.05257936507936508,0.0,0.1428571428571429,0.0,0.39067279218619183,0.0,1.0,1.0,2.0,algo_low_certainty_sampled,D:\בעלי תשובה\שמעונה,D:\בעלי תשובה\סיני תור
32.0,32.0,0.0,1.0,1.0,1.0,0.0,0.0,0.0,0.0,0.0,0.0,0.0,0.0,0.0,0.0,0.0,0.8349814578162466,0.8,0.33333333333333337,0.0,0.0,0.0,0.375,0.0,0.8223794595530775,0.0,1.0,1.0,2.0,algo_low_certainty_sampled,D:\בעלי תשובה\ארז משה דורון\002 בעל תפילה,D:\בעלי תשובה\ארז משה דורון\079 הגיע זמן הגאולה
128.0,128.0,0.0,1.0,1.0,1.0,0.4601311768377076,1.0,0.5398688231622923,0.4601311768377076,1.0,0.5398688231622923,0.0,0.0,0.0,0.0,0.0,0.5415981904133401,0.1847342594103247,0.1004969094266962,0.0,0.0,0.0,0.09302325581395354,0.0,0.2750494206664669,0.0,1.0,1.0,2.0,algo_low_certainty_sampled,D:\בעלי תשובה\יונתן,D:\בעלי תשובה\יצחק פוקס\(באנו ביחד (כדאי לבדוק אם חסר איזה שיר
192.0,98.9090909090909,93.0909090909091,0.5151515151515151,0.0,0.0,0.3602569865901291,0.2270135150184752,0.13324347157165392,0.20396713382961987,0.2270135150184752,0.023046381188855325,1.0,0.0,0.0,0.0,0.0,0.21660572108508866,0.42581996486781326,0.2415938760460513,0.0,0.0,0.0,0.19999999999999996,0.0,0.0,0.0,0.0,0.0,2.0,algo_low_certainty_sampled,D:\בעלי תשובה\שולי רנד\הופעה בקיסריה\שולי רנד - בקיסריה\דיסק 2,D:\בעלי תשובה\יצחק פוקס\פוקס
320.0,32.0,288.0,0.1,0.0,0.0,0.22554713804713802,0.0,0.22554713804713802,0.22554713804713802,0.0,0.22554713804713802,1.0,0.0,0.0,0.0,0.0,0.13668415978520596,0.39272093276669934,0.0,0.0,0.0,0.0,0.21052631578947367,0.0,0.0,0.0,0.0,0.0,2.0,algo_low_certainty_sampled,D:\בעלי תשובה\יצחק מאיר\סיום השס מפעלות הציונות הדתית עם יצחק מאיר UP FOR DOSSINET.ME\סיום השס מפעלות הציונות הדתית עם יצחק מאיר UP FOR DOSSINET.ME,D:\בעלי תשובה\ארז משה דורון\028 חינוך ילדים
128.0,128.0,0.0,1.0,0.0,0.0,0.2280134555390086,0.3022111170984259,0.07419766155941732,0.25332720690615423,0.3022111170984259,0.04888391019227167,0.0,0.0,0.0,0.0,0.0,0.12235823180428915,0.374926874521195,0.04846801346801346,0.0,0.02002164502164502,0.0,0.34782608695652173,0.0,0.06121287925666891,0.0,0.0,0.0,2.0,algo_low_certainty_sampled,D:\בעלי תשובה\למען שמו באהבה,D:\בעלי תשובה\ישראל דגן\דגן חתונות\משה אטיאס
128.0,128.0,0.0,1.0,0.0,0.0,0.22711722683296007,1.0,0.7728827731670399,0.22711722683296007,1.0,0.7728827731670399,0.0,1.0,0.0,0.0,0.0,0.0,0.0,0.0,0.0,0.0,0.0,0.0,0.0,0.0,0.0,0.0,0.0,2.0,algo_no_comparison_result_sampled,D:\בעלי תשובה\יניב\קומי אורי,D:\בעלי תשובה\יצחק מאיר\נשמות חדשות\חלק 2
128.0,160.0,32.0,0.8,0.0,0.0,0.2000802777784875,0.3707724849592341,0.1706922071807466,0.0,0.3707724849592341,0.3707724849592341,0.0,0.0,0.0,0.0,0.0,0.0,0.0,0.0,0.0,0.0,0.0,0.0,0.0,0.0,0.0,0.0,0.0,2.0,algo_no_comparison_result_sampled,D:\בעלי תשובה\אודי אולמן\דברי שיר,D:\בעלי תשובה\תיקון הכללי
128.0,128.0,0.0,1.0,0.0,0.0,0.2859762415131112,0.24951725891354376,0.036458982599567424,1.0,0.24951725891354376,0.7504827410864563,1.0,0.0,0.0,0.0,0.0,0.7371413910374808,0.47019087532918463,0.09684188747269243,0.0,0.0,0.0,0.2222222222222222,0.0,0.5208679219846462,0.0,1.0,1.0,2.0,algo_low_certainty_sampled,D:\בעלי תשובה\עדי רן\התבוננות,D:\בעלי תשובה\דני ממן\זה שיר שבח
160.0,320.0,160.0,0.5,0.0,0.0,0.3707724849592341,0.269820031736722,0.10095245322251212,0.3707724849592341,0.269820031736722,0.10095245322251212,0.0,0.0,0.0,0.0,0.0,0.24242210711912218,0.3968580911439467,0.21180681353315622,0.0,0.0,0.0,0.2666666666666667,0.0,0.30667936320793987,0.0,1.0,1.0,2.0,algo_low_certainty_sampled,D:\בעלי תשובה\תיקון הכללי,D:\בעלי תשובה\חיים דוד סרצ'יק\היום
32.0,32.0,0.0,1.0,1.0,1.0,0.0,0.0,0.0,0.0,0.0,0.0,0.0,0.0,0.0,0.0,0.0,0.8691916572065548,0.7142857142857143,0.33333333333333337,0.0,0.0,0.0,0.3076923076923077,0.0,0.738305788672258,0.0,1.0,1.0,2.0,algo_low_certainty_sampled,D:\בעלי תשובה\ארז משה דורון\004 זוגיות רוחנית,D:\בעלי תשובה\ארז משה דורון\036 חנוכה
128.0,64.0,64.0,0.5,1.0,1.0,0.2755814301892734,0.24337572331410295,0.03220570687517044,0.2755814301892734,0.4669122431312358,0.1913308129419624,0.0,0.0,0.0,0.0,0.0,0.3655710431242264,0.43240645781995546,0.14190149286259127,0.0,0.0,0.0,0.0,0.0,0.46977146196248043,0.0,1.0,1.0,2.0,algo_low_certainty_sampled,D:\בעלי תשובה\יהודה גלאנץ\Phinar,D:\בעלי תשובה\אודי טופלברג\מים
32.0,32.0,0.0,1.0,1.0,1.0,0.0,0.0,0.0,0.0,0.0,0.0,0.0,0.0,0.0,0.0,0.0,0.7272262050196636,0.6666666666666667,0.2857142857142857,0.0,0.0,0.0,0.34782608695652173,0.0,0.6228127088962033,0.0,1.0,1.0,2.0,algo_low_certainty_sampled,D:\בעלי תשובה\ארז משה דורון\025 שלוש אהבות,D:\בעלי תשובה\ארז משה דורון\036 חנוכה
320.0,160.0,160.0,0.5,0.0,0.0,0.20824731826827425,0.2726881529823451,0.06444083471407086,1.0,0.27311707713779837,0.7268829228622016,0.0,0.0,0.0,0.0,0.0,0.22605190204389358,0.3973984977938172,0.1618092018633814,0.0,0.05341880341880342,0.0,0.33333333333333337,0.0,0.3290222385131177,0.0,1.0,1.0,2.0,algo_low_certainty_sampled,D:\בעלי תשובה\שולי רנד\שולי רנד בקיסריה 1,D:\בעלי תשובה\שמעונה
128.0,96.0,32.0,0.75,0.0,0.0,0.4028413437474495,0.24974139732911663,0.15309994641833288,0.2725157489002033,0.24974139732911663,0.022774351571086676,0.0,0.0,0.0,0.0,0.0,0.0,0.0,0.0,0.0,0.0,0.0,0.0,0.0,0.0,0.0,0.0,0.0,2.0,algo_no_comparison_result_sampled,D:\בעלי תשובה\מאיר בנאי\שמע קולי,D:\בעלי תשובה\קול אחי\השקיפה
32.0,32.0,0.0,1.0,1.0,1.0,0.0,0.0,0.0,0.0,0.0,0.0,0.0,0.0,0.0,0.0,0.0,0.7493376861081693,0.7142857142857143,0.33333333333333337,0.0,0.0,0.0,0.34285714285714286,0.0,0.7328365021696005,0.0,1.0,1.0,2.0,algo_low_certainty_sampled,D:\בעלי תשובה\ארז משה דורון\004 זוגיות רוחנית,D:\בעלי תשובה\ארז משה דורון\032 להמתיק את הדין
192.0,128.0,64.0,0.6666666666666666,1.0,1.0,1.0,0.2312279492899914,0.7687720507100086,0.0,0.2312279492899914,0.2312279492899914,0.0,0.0,0.0,0.0,0.0,0.32438825825647905,0.17490778590484374,0.0,0.0,0.0,0.0,0.09523809523809523,0.0,0.196799597096374,0.0,1.0,1.0,2.0,algo_low_certainty_sampled,D:\בעלי תשובה\סיני תור\סיני חדש,D:\בעלי תשובה\יהודה גלאנץ\רק לצעוק אל ה
32.0,128.0,96.0,0.25,1.0,1.0,0.0,0.30459474003409925,0.30459474003409925,0.0,0.30459474003409925,0.30459474003409925,0.0,0.0,0.0,0.0,0.0,0.5925118382955056,0.36379494190020506,0.0,0.0,0.0,0.0,0.24242424242424243,0.0,0.0,0.0,0.0,0.0,2.0,algo_low_certainty_sampled,D:\בעלי תשובה\ארז משה דורון\014 אין שום יאוש בעולם כלל,D:\בעלי תשובה\אשר אלפסי\אתה הכל
128.0,128.0,0.0,1.0,0.0,0.0,0.2873753124937582,0.4261133624252772,0.138738049931519,0.2873753124937582,0.4261133624252772,0.138738049931519,0.0,0.0,0.0,0.0,0.0,0.0,0.0,0.0,0.0,0.0,0.0,0.0,0.0,0.0,0.0,0.0,0.0,2.0,algo_no_comparison_result_sampled,D:\בעלי תשובה\אברהם אבוטבול\בית הקדושה,D:\בעלי תשובה\יוסף (גלעד) קרדונר\בחירה - 03
128.0,128.0,0.0,1.0,1.0,1.0,0.2941560623287137,1.0,0.7058439376712863,0.0,0.0,0.0,0.0,0.0,0.0,0.0,0.0,0.6657551730888345,0.19621031746031742,0.0,0.0,0.0,0.0,0.2857142857142857,0.0,0.5034514962899506,0.0,0.0,0.0,2.0,algo_low_certainty_sampled,D:\בעלי תשובה\עדי רן\אל תכה בסלע,D:\בעלי תשובה\גיל עקביוב
128.0,128.0,0.0,1.0,1.0,1.0,0.26167062689250503,0.41880170358742175,0.15713107669491672,0.26167062689250503,0.41880170358742175,0.15713107669491672,0.0,0.0,0.0,0.0,0.0,0.5380799882900051,0.40618203704785416,0.20335515806104043,0.0,0.0,0.0,0.1333333333333333,0.0,0.3448882317141677,0.0,1.0,1.0,2.0,algo_low_certainty_sampled,D:\בעלי תשובה\קול אחי\בני,D:\בעלי תשובה\ישראל דגן\סמכו על כוחי
128.0,96.0,32.0,0.75,0.0,0.0,0.29722377157744806,1.0,0.7027762284225519,0.29722377157744806,1.0,0.7027762284225519,0.0,0.0,0.0,0.0,0.0,0.0,0.0,0.0,0.0,0.0,0.0,0.0,0.0,0.0,0.0,0.0,0.0,2.0,algo_no_comparison_result_sampled,D:\בעלי תשובה\ברלינגר\אהוד בנאי\שיר חדש,D:\בעלי תשובה\ברלינגר\אביתר בנאי
32.0,32.0,0.0,1.0,1.0,1.0,0.14285714285714285,0.0,0.14285714285714285,0.0,0.0,0.0,0.0,0.0,0.0,0.0,0.0,0.4084001585835772,0.619047619047619,0.20535714285714285,0.0,0.0,0.0,0.2962962962962963,0.0,0.0,0.0,1.0,1.0,2.0,algo_low_certainty_sampled,D:\בעלי תשובה\ארז משה דורון\043 לצאת לחופש,D:\בעלי תשובה\ארז משה דורון\019 לדבר עם ה
128.0,128.0,0.0,1.0,1.0,0.0,0.2016140369955885,0.2918023180740775,0.09018828107848903,0.2016140369955885,0.28317402612751363,0.08155998913192514,0.0,0.0,0.0,0.0,0.0,0.0,0.0,0.0,0.0,0.0,0.0,0.0,0.0,0.0,0.0,0.0,0.0,2.0,algo_no_comparison_result_sampled,D:\בעלי תשובה\ק'ן ברג'ס\בנה מלכותו,D:\בעלי תשובה\ק'ן ברג'ס\לא לבד במדבר
128.0,128.0,0.0,1.0,0.0,1.0,0.8181818181818182,0.3022111170984259,0.5159707010833923,0.0,0.3022111170984259,0.3022111170984259,0.0,0.0,0.0,0.0,0.0,0.12197041649118233,0.24256794921400296,0.0,0.0,0.013468013468013467,0.0,0.3076923076923077,0.0,0.0,0.0,1.0,1.0,2.0,algo_low_certainty_sampled,D:\בעלי תשובה\חיים דוד סרצ'יק\היום\1-זה כפול נא לסדר,D:\בעלי תשובה\ישראל דגן\דגן חתונות\משה אטיאס
320.0,128.0,192.0,0.4,0.0,0.0,0.4255032201276181,0.2016140369955885,0.2238891831320296,0.4242520955212302,0.2016140369955885,0.22263805852564172,0.0,0.0,0.0,0.0,0.0,0.0,0.0,0.0,0.0,0.0,0.0,0.0,0.0,0.0,0.0,0.0,0.0,2.0,algo_no_comparison_result_sampled,D:\בעלי תשובה\יאיר כלב\עצם הנשמה 2,D:\בעלי תשובה\ק'ן ברג'ס\בנה מלכותו
128.0,128.0,0.0,1.0,0.0,0.0,1.0,0.21116393582337853,0.7888360641766214,1.0,0.21116393582337853,0.7888360641766214,0.0,0.0,0.0,0.0,0.0,0.6629707729548537,0.2167573821314451,0.03504901960784314,0.0,0.0,0.0,0.2222222222222222,0.0,0.4936464480345772,0.0,1.0,1.0,2.0,algo_low_certainty_sampled,D:\בעלי תשובה\יצחק שדהו,D:\בעלי תשובה\סנדי שמואלי\בעזרת השם
128.0,128.0,0.0,1.0,1.0,0.0,1.0,0.3569665526970235,0.6430334473029765,0.27844605035436915,0.2755814301892734,0.002864620165095755,0.0,0.0,0.0,0.0,0.0,0.642145635391369,0.20073468246164392,0.2830690235690235,0.0,0.0,0.0,0.18181818181818177,0.0,0.3486132419406139,0.0,1.0,2.0,2.0,algo_low_certainty_sampled,D:\בעלי תשובה\סנדי שמואלי\מחכים,D:\בעלי תשובה\יהודה גלאנץ\פיונרו
320.0,320.0,0.0,1.0,0.0,0.0,0.269820031736722,0.2328732027030505,0.03694682903367147,0.269820031736722,0.23477009369085064,0.03504993804587134,0.0,0.0,0.0,0.0,0.0,0.6131956485249371,0.4658118455757137,0.238993636281989,0.0,0.0,0.0,0.13043478260869568,0.0,0.30377295194951653,0.0,0.0,0.0,2.0,algo_low_certainty_sampled,D:\בעלי תשובה\חיים דוד סרצ'יק\היום,D:\בעלי תשובה\צמאה - אומנים שרים את ניגוני הרבי מילובביץ
160.0,128.0,32.0,0.8,0.0,0.0,0.2150137524440931,0.2499528889962427,0.03493913655214961,0.18847562874257065,0.2499528889962427,0.06147726025367206,0.0,0.0,0.0,0.0,0.0,0.2941923056674093,0.4516019527123286,0.19035334915980076,0.0,0.0,0.0,0.2857142857142857,0.0,0.22697657315322384,0.0,1.0,1.0,2.0,algo_low_certainty_sampled,D:\בעלי תשובה\ברק כהן\ברק כהן עם דובי גינז\עונג,D:\בעלי תשובה\דני
32.0,32.0,0.0,1.0,1.0,1.0,0.0,0.0,0.0,0.0,0.0,0.0,0.0,0.0,0.0,0.0,0.0,0.37407351262108396,0.8333333333333336,0.5,0.0,0.0,0.0,0.5517241379310345,0.0,0.13291594098571533,0.0,1.0,1.0,2.0,algo_low_certainty_sampled,D:\בעלי תשובה\ארז משה דורון\001 תיקון הכללי,D:\בעלי תשובה\ארז משה דורון\005 ניקוי הראש
128.0,128.0,0.0,1.0,0.0,1.0,0.21375031402530595,1.0,0.786249685974694,0.20957560723347943,1.0,0.7904243927665205,0.0,0.0,0.0,0.0,0.0,0.5029981103494049,0.2192113434130556,0.09293077414760298,0.0,0.0,0.0,0.26086956521739135,0.0,0.33155700835042684,0.0,1.0,1.0,2.0,algo_low_certainty_sampled,D:\בעלי תשובה\חיים דוד סרצ'יק\בית כנסת קרליבך,D:\בעלי תשובה\ברלינגר\מתתיהו 1
320.0,160.0,160.0,0.5,0.0,0.0,0.20824731826827425,0.25237744776806564,0.04413012949979139,1.0,0.25237744776806564,0.7476225522319344,0.0,0.0,0.0,0.0,0.0,0.0,0.0,0.0,0.0,0.0,0.0,0.0,0.0,0.0,0.0,0.0,0.0,2.0,algo_no_comparison_result_sampled,D:\בעלי תשובה\שולי רנד\שולי רנד בקיסריה 1,D:\בעלי תשובה\עדי רן\עדי רן מה יש לכם לדאוג
128.0,128.0,0.0,1.0,0.0,1.0,0.6606431894230039,1.0,0.33935681057699607,0.8222222222222222,0.0,0.8222222222222222,0.0,0.0,0.0,0.0,0.0,0.8117491631515387,0.16906445034154013,0.0,0.0,0.0,0.0,0.19047619047619047,0.0,0.6954337714980804,0.0,1.0,1.0,2.0,algo_low_certainty_sampled,D:\בעלי תשובה\המדרגות\המדרגות חדש,D:\בעלי תשובה\גיל עקביוב
128.0,128.0,0.0,1.0,0.0,0.0,0.2963361711896721,0.5556271404987482,0.2592909693090761,0.2792337495532713,0.309324224284178,0.030090474730906702,0.0,0.0,0.0,0.0,0.0,0.36287078578053666,0.36220647863435323,0.27114633335181243,0.0,0.0,0.0,0.31999999999999995,0.0,0.18438547124353297,0.0,1.0,1.0,2.0,algo_low_certainty_sampled,D:\בעלי תשובה\נסתרות דרכי האל,D:\בעלי תשובה\הזמיר\נוסע לאומן
140.8,112.0,28.80000000000001,0.7954545454545454,0.0,0.0,0.0,0.33110121955480315,0.33110121955480315,0.0,0.2588312282270321,0.2588312282270321,0.0,0.0,0.0,0.0,0.0,0.38241466637327076,0.34914405745347554,0.0,0.0,0.0,0.0,0.09523809523809523,0.0,0.09551252590133233,0.0,0.0,0.0,2.0,algo_low_certainty_sampled,D:\בעלי תשובה\רענן,D:\בעלי תשובה\איירה הלר\איירה הלר - אגודה
128.0,128.0,0.0,1.0,0.0,0.0,0.264503876615915,0.36207277452891484,0.09756889791299983,1.0,1.0,0.0,0.0,0.0,0.0,0.0,0.0,0.8040717134852278,0.3924763124272952,0.40374999999999994,0.0,0.0,0.0,0.33333333333333337,0.0,0.6411842838097603,0.0,1.0,1.0,2.0,algo_low_certainty_sampled,D:\בעלי תשובה\אסף נגל\אדיר במרום,D:\בעלי תשובה\ברק כהן\יש תקווה
128.0,128.0,0.0,1.0,0.0,0.0,1.0,0.264503876615915,0.735496123384085,1.0,1.0,0.0,0.0,0.0,0.0,0.0,0.0,0.0,0.0,0.0,0.0,0.0,0.0,0.0,0.0,0.0,0.0,0.0,0.0,2.0,algo_no_comparison_result_sampled,D:\בעלי תשובה\נפתלי גולד,D:\בעלי תשובה\אסף נגל\אדיר במרום
320.0,128.0,192.0,0.4,0.0,0.0,0.269820031736722,0.22711722683296007,0.04270280490376191,0.269820031736722,0.22711722683296007,0.04270280490376191,0.0,0.0,0.0,0.0,0.0,0.15031419479289942,0.5068258313298256,0.2822271608367864,0.0,0.0,0.0,0.3076923076923077,0.0,0.4665148253275305,0.0,1.0,1.0,2.0,algo_low_certainty_sampled,D:\בעלי תשובה\חיים דוד סרצ'יק\היום,D:\בעלי תשובה\יניב\קומי אורי
98.9090909090909,157.0909090909091,58.18181818181819,0.6296296296296297,0.0,0.0,0.2270135150184752,0.3433230563582517,0.11630954133977653,0.2270135150184752,0.2387152837785005,0.011701768760025294,0.0,0.0,0.0,0.0,0.0,0.3131125715788838,0.26363748000943765,0.2331286342965547,0.0,0.0,0.0,0.0,0.0,0.22754079035005612,0.0,1.0,1.0,2.0,algo_low_certainty_sampled,D:\בעלי תשובה\יצחק פוקס\פוקס,D:\בעלי תשובה\מאיר בנאי\לך אלי
128.0,320.0,192.0,0.4,0.0,0.0,0.7874080873534178,0.2328732027030505,0.5545348846503673,0.7874080873534178,0.23477009369085064,0.5526379936625672,0.0,0.0,0.0,0.0,0.0,0.20059961106770044,0.23209270281270591,0.14450800445827372,0.0,0.19542908072319837,0.0,0.20408163265306123,0.0,0.541745555608477,0.0,0.0,0.0,2.0,algo_low_certainty_sampled,D:\בעלי תשובה\המדרגות,D:\בעלי תשובה\צמאה - אומנים שרים את ניגוני הרבי מילובביץ
32.0,320.0,288.0,0.1,1.0,1.0,0.0,0.21379310344827585,0.21379310344827585,0.0,0.21379310344827585,0.21379310344827585,0.0,0.0,0.0,0.0,0.0,0.2746119874844108,0.3867367415193502,0.0,0.0,0.0,0.0,0.19047619047619047,0.0,0.0,0.0,0.0,0.0,2.0,algo_low_certainty_sampled,D:\בעלי תשובה\ארז משה דורון\003 שמחה מתוך צער,D:\בעלי תשובה\בנגי רפאל\משיח
128.0,128.0,0.0,1.0,0.0,0.0,0.6974116257476615,0.4261133624252772,0.27129826332238427,0.6974116257476615,0.4261133624252772,0.27129826332238427,0.0,0.0,0.0,0.0,0.0,0.5515286870080633,0.4450480463165453,0.2742994617994618,0.0,0.0,0.0,0.38095238095238093,0.0,0.21345354436413777,0.0,0.0,0.0,2.0,algo_low_certainty_sampled,D:\בעלי תשובה\חיות  הקודש,D:\בעלי תשובה\יוסף (גלעד) קרדונר\בחירה - 03
128.0,128.0,0.0,1.0,1.0,1.0,0.26167062689250503,0.30704742811940955,0.04537680122690452,0.26167062689250503,0.30704742811940955,0.04537680122690452,0.0,0.0,0.0,0.0,0.0,0.667161695610599,0.5667160541429548,0.40904955992675296,0.0,0.0,0.0,0.16666666666666663,0.0,0.46200040287824273,0.0,1.0,1.0,2.0,algo_low_certainty_sampled,D:\בעלי תשובה\קול אחי\בני,D:\בעלי תשובה\דני ממן\נהר המטהר
128.0,128.0,0.0,1.0,0.0,0.0,0.4028413437474495,0.2727991566036579,0.13004218714379162,0.2725157489002033,0.27455635043139537,0.0020406015311920656,0.0,0.0,0.0,0.0,0.0,0.8098547749476491,0.4386357305114171,0.30503893665449733,0.0,0.018181818181818177,0.0,0.0,0.0,0.625479522032962,0.0,1.0,1.0,2.0,algo_low_certainty_sampled,D:\בעלי תשובה\מאיר בנאי\שמע קולי,D:\בעלי תשובה\ישעיה חסיד\אחד
128.0,32.0,96.0,0.25,1.0,1.0,0.30459474003409925,0.0,0.30459474003409925,0.30459474003409925,0.0,0.30459474003409925,0.0,0.0,0.0,0.0,0.0,0.4435516078565446,0.3813112491373361,0.0,0.0,0.0,0.0,0.19047619047619047,0.0,0.0,0.0,0.0,0.0,2.0,algo_low_certainty_sampled,D:\בעלי תשובה\אשר אלפסי\אתה הכל,D:\בעלי תשובה\ארז משה דורון\005 ניקוי הראש
32.0,32.0,0.0,1.0,1.0,1.0,0.0,0.0,0.0,0.0,0.0,0.0,0.0,0.0,0.0,0.0,0.0,0.620638553186971,0.8571428571428573,0.6666666666666667,0.0,0.0,0.0,0.40909090909090906,0.0,0.4689964609288193,0.0,1.0,1.0,2.0,algo_low_certainty_sampled,D:\בעלי תשובה\ארז משה דורון\014 אין שום יאוש בעולם כלל,D:\בעלי תשובה\ארז משה דורון\012 אסור להיות זקן
128.0,320.0,192.0,0.4,0.0,0.0,0.8333333333333334,0.4637226853878569,0.3696106479454765,0.23579977126416757,0.4626829626472544,0.22688319138308682,0.0,0.0,0.0,0.0,0.0,0.0,0.0,0.0,0.0,0.0,0.0,0.0,0.0,0.0,0.0,0.0,0.0,2.0,algo_no_comparison_result_sampled,D:\בעלי תשובה\אודי דוידי\אודי דודי 2\no title,D:\בעלי תשובה\יאיר כלב\עצם הנשמה 3
128.0,128.0,0.0,1.0,0.0,0.0,0.37977690175096385,0.27114163132912755,0.1086352704218363,0.23290542901652928,0.27114163132912755,0.03823620231259828,0.0,0.0,0.0,0.0,0.0,0.5503494387299833,0.40670652880937036,0.21078242828294835,0.0,0.0,0.0,0.3157894736842105,0.0,0.2166989929224484,0.0,0.0,0.0,2.0,algo_low_certainty_sampled,D:\בעלי תשובה\יוסף (גלעד) קרדונר\כל העולם - 02,D:\בעלי תשובה\דב אינדיג\בת קול
320.0,128.0,192.0,0.4,0.0,0.0,0.2328732027030505,0.25729658680382567,0.02442338410077516,0.23477009369085064,0.25645829152593796,0.021688197835087325,0.0,0.0,0.0,0.0,0.0,0.18534156636893903,0.4412252915082146,0.257970917970918,0.0,0.03463203463203463,0.0,0.42105263157894735,0.0,0.29015640722686,0.0,0.0,0.0,2.0,algo_low_certainty_sampled,D:\בעלי תשובה\צמאה - אומנים שרים את ניגוני הרבי מילובביץ,D:\בעלי תשובה\צבי זלבסקי\פה ושם אני רוקד
128.0,128.0,0.0,1.0,1.0,1.0,0.36207277452891484,1.0,0.6379272254710852,1.0,0.0,1.0,0.0,0.0,0.0,0.0,0.0,0.6832763360769352,0.33609098228663453,0.0,0.0,0.0,0.0,0.25,0.0,0.44233247395013553,0.0,1.0,1.0,2.0,algo_low_certainty_sampled,D:\בעלי תשובה\ברק כהן\יש תקווה,D:\בעלי תשובה\חיים דוד סרצ'יק\למעו שמו
128.0,128.0,0.0,1.0,0.0,1.0,0.30459474003409925,1.0,0.6954052599659007,0.30459474003409925,1.0,0.6954052599659007,0.0,0.0,0.0,0.0,0.0,0.1592415840467348,0.18498133411926515,0.042225829725829736,0.0,0.0,0.0,0.30000000000000004,0.0,0.0,0.0,1.0,1.0,2.0,algo_low_certainty_sampled,D:\בעלי תשובה\אשר אלפסי\אתה הכל,D:\בעלי תשובה\רונן  חזיזה\שמחה של מצווה
320.0,128.0,192.0,0.4,0.0,0.0,0.2184054305612374,0.6974116257476615,0.47900619518642407,0.2184054305612374,0.6974116257476615,0.47900619518642407,1.0,0.0,0.0,0.0,0.0,0.18370287285254844,0.4164607931758567,0.25186622114117313,0.0,0.0,0.0,0.3157894736842105,0.0,0.5485554483682358,0.0,0.0,0.0,2.0,algo_low_certainty_sampled,D:\בעלי תשובה\ישי ריבו\שטח אפור,D:\בעלי תשובה\חיות  הקודש
128.0,128.0,0.0,1.0,0.0,0.0,0.23306579697939106,0.22711722683296007,0.005948570146430993,0.23306579697939106,0.22711722683296007,0.005948570146430993,0.0,0.0,0.0,0.0,0.0,0.0,0.0,0.0,0.0,0.0,0.0,0.0,0.0,0.0,0.0,0.0,0.0,2.0,algo_no_comparison_result_sampled,D:\בעלי תשובה\אודי אולמן\אודי - 3,D:\בעלי תשובה\יניב\קומי אורי
128.0,128.0,0.0,1.0,0.0,0.0,0.4261133624252772,0.3022111170984259,0.12390224532685129,0.4261133624252772,0.3022111170984259,0.12390224532685129,0.0,0.0,0.0,0.0,0.0,0.1330245894666647,0.4971331220524769,0.12861591867677058,0.0,0.09789116952179894,0.0,0.21052631578947367,0.0,0.0,0.0,0.0,0.0,2.0,algo_low_certainty_sampled,D:\בעלי תשובה\יוסף (גלעד) קרדונר\בחירה - 03,D:\בעלי תשובה\ישראל דגן\דגן חתונות\משה אטיאס
128.0,128.0,0.0,1.0,0.0,0.0,0.3022111170984259,0.2139713364504999,0.08823978064792601,0.3022111170984259,0.21586764519215973,0.08634347190626618,0.0,0.0,0.0,0.0,0.0,0.16122028466801816,0.3414057434508645,0.033822238367692915,0.0,0.1013526442209828,0.0,0.11111111111111116,0.0,0.08305671775090678,0.0,0.0,0.0,2.0,algo_low_certainty_sampled,D:\בעלי תשובה\ישראל דגן\דגן חתונות\משה אטיאס,D:\בעלי תשובה\אנסמבל שם-טוב לוי\תחנות רוח
320.0,128.0,192.0,0.4,0.0,0.0,0.2184054305612374,0.23306579697939106,0.014660366418153659,0.2184054305612374,0.23306579697939106,0.014660366418153659,1.0,0.0,0.0,0.0,0.0,0.0,0.0,0.0,0.0,0.0,0.0,0.0,0.0,0.0,0.0,0.0,0.0,2.0,algo_no_comparison_result_sampled,D:\בעלי תשובה\ישי ריבו\שטח אפור,D:\בעלי תשובה\אודי אולמן\אודי - 3
128.0,98.9090909090909,29.090909090909093,0.7727272727272727,1.0,1.0,0.27622047176536346,0.2270135150184752,0.04920695674688827,0.27622047176536346,0.2270135150184752,0.04920695674688827,0.0,0.0,0.0,0.0,0.0,0.6182143610969466,0.5106123020472297,0.28444429221067813,0.0,0.0,0.0,0.15384615384615385,0.0,0.5595012358942245,0.0,1.0,1.0,2.0,algo_low_certainty_sampled,D:\בעלי תשובה\עקיבא מרגליות\לאורו נלך,D:\בעלי תשובה\יצחק פוקס\פוקס
128.0,48.0,80.0,0.375,0.0,0.0,0.29698772961930864,0.3657312505730815,0.06874352095377284,1.0,0.1783519691265463,0.8216480308734537,0.0,0.0,0.0,0.0,0.0,0.17519436420422685,0.5804321702752707,0.03407331832254433,0.0,0.0,0.0,0.18181818181818177,0.0,0.3179028961811232,0.0,1.0,2.0,2.0,algo_low_certainty_sampled,D:\בעלי תשובה\אחישנה\לך ה' אלוקי,D:\בעלי תשובה\עמיר בניון\עמיר בניון - עומד בשער
128.0,128.0,0.0,1.0,0.0,1.0,0.6474081690747675,1.0,0.3525918309252325,0.6474081690747675,0.0,0.6474081690747675,0.0,0.0,0.0,0.0,0.0,0.19498987282527913,0.15303531209207996,0.0,0.0,0.0,0.0,0.2222222222222222,0.0,0.07758937451046997,0.0,1.0,1.0,2.0,algo_low_certainty_sampled,D:\בעלי תשובה\ברלינגר\משה לוי - טוב,D:\בעלי תשובה\ישראל דגן\דגן חתונות\יוחנן
160.0,128.0,32.0,0.8,0.0,0.0,0.27238638174643265,0.7874080873534178,0.5150217056069852,0.0,0.7874080873534178,0.7874080873534178,0.0,0.0,0.0,0.0,0.0,0.6355219550916996,0.25148483867405363,0.0,0.0,0.25,0.0,0.27586206896551724,0.0,0.6419075783862955,0.0,0.0,0.0,2.0,algo_low_certainty_sampled,D:\בעלי תשובה\אהרון רזאל\אהרן רזאל - זמן הגאולה,D:\בעלי תשובה\המדרגות
160.0,128.0,32.0,0.8,0.0,0.0,0.2150137524440931,0.4395813988062998,0.22456764636220672,0.18847562874257065,0.4395813988062998,0.25110577006372914,0.0,0.0,0.0,0.0,0.0,0.4051191274507545,0.3889187944629121,0.17387483110758972,0.0,0.0,0.0,0.125,0.0,0.25371886599540183,0.0,1.0,1.0,2.0,algo_low_certainty_sampled,D:\בעלי תשובה\ברק כהן\ברק כהן עם דובי גינז\עונג,D:\בעלי תשובה\ישראל דגן\ראש השנה שלי
32.0,32.0,0.0,1.0,1.0,1.0,0.0,0.0,0.0,0.0,0.0,0.0,0.0,0.0,0.0,0.0,0.0,0.5914468733566584,0.7692307692307692,0.4,0.0,0.0,0.0,0.2857142857142857,0.0,0.4282293645264185,0.0,1.0,1.0,2.0,algo_low_certainty_sampled,D:\בעלי תשובה\ארז משה דורון\029 לראות טוב,D:\בעלי תשובה\ארז משה דורון\001 תיקון הכללי
128.0,128.0,0.0,1.0,0.0,1.0,1.0,0.36207277452891484,0.6379272254710852,1.0,1.0,0.0,0.0,0.0,0.0,0.0,0.0,0.6355506092646722,0.30570291777188335,0.3490196078431373,0.0,0.0,0.0,0.43478260869565216,0.0,0.35137332098118845,0.0,1.0,1.0,2.0,algo_low_certainty_sampled,D:\בעלי תשובה\ברלינגר\משה לוי והלויים,D:\בעלי תשובה\ברק כהן\יש תקווה
128.0,128.0,0.0,1.0,0.0,0.0,1.0,0.2809753868055855,0.7190246131944145,0.2601616418210846,0.2555969699945765,0.004564671826508104,0.0,0.0,0.0,0.0,0.0,0.6155840143397151,0.2565734324232347,0.21782473395745708,0.0,0.0,0.0,0.2666666666666667,0.0,0.3064810462451623,0.0,0.0,0.0,2.0,algo_low_certainty_sampled,D:\בעלי תשובה\נקודה טובה,D:\בעלי תשובה\יוסף קרדונר\בחירה
128.0,32.0,96.0,0.25,1.0,1.0,0.16483886483886487,0.0,0.16483886483886487,0.0,0.0,0.0,1.0,0.0,0.0,0.0,0.0,0.7808373545814048,0.5266381766381766,0.0,0.0,0.0,0.0,0.29268292682926833,0.0,0.0,0.0,0.0,0.0,2.0,algo_low_certainty_sampled,D:\בעלי תשובה\עמיר בניון\עמיר בניון - כוונה תחילה,D:\בעלי תשובה\ארז משה דורון\017 מדטציה יהודית
48.0,128.0,80.0,0.375,0.0,0.0,0.3657312505730815,0.40024241465807686,0.03451116408499538,0.1783519691265463,0.29184619831127967,0.11349422918473337,0.0,0.0,0.0,0.0,0.0,0.17452570606284898,0.6052702296330483,0.24575360821757747,0.0,0.0,0.0,0.2727272727272727,0.0,0.295779974098902,0.0,0.0,0.0,2.0,algo_low_certainty_sampled,D:\בעלי תשובה\עמיר בניון\עמיר בניון - עומד בשער,D:\בעלי תשובה\אלטרנטיבי\להקת המדרגות-בפתח הדלת
128.0,128.0,0.0,1.0,0.0,0.0,0.2727991566036579,0.6847330038265858,0.41193384722292786,0.27455635043139537,0.22257521613042763,0.051981134300967735,0.0,0.0,0.0,0.0,0.0,0.5611007049223952,0.40515810751730646,0.24419392265502107,0.0,0.016666666666666663,0.0,0.19999999999999996,0.0,0.18981761083131193,0.0,1.0,1.0,2.0,algo_low_certainty_sampled,D:\בעלי תשובה\ישעיה חסיד\אחד,D:\בעלי תשובה\אורן ארנון\עלי באר
160.0,96.0,64.0,0.6,0.0,0.0,0.22423017210857654,0.24974139732911663,0.025511225220540085,0.22423017210857654,0.24974139732911663,0.025511225220540085,0.0,0.0,0.0,0.0,0.0,0.26297098441768996,0.4504419348973154,0.23012874234842196,0.0,0.0,0.0,0.18181818181818177,0.0,0.5871324074310439,0.0,1.0,1.0,2.0,algo_low_certainty_sampled,D:\בעלי תשובה\מים 1,D:\בעלי תשובה\קול אחי\השקיפה
128.0,128.0,0.0,1.0,0.0,0.0,0.7648210459606535,0.8534650546662002,0.08864400870554667,0.635970973660645,0.8788867414094268,0.24291576774878176,0.0,0.0,0.0,0.0,0.0,0.587150375698087,0.2185983664955058,0.12833692340968927,0.0,0.11458333333333333,0.0,0.15384615384615385,0.0,0.33832470739282705,0.0,1.0,1.0,2.0,algo_low_certainty_sampled,D:\בעלי תשובה\הלוים,D:\בעלי תשובה\סיני תור
128.0,128.0,0.0,1.0,0.0,0.0,0.40024241465807686,0.2755814301892734,0.12466098446880347,0.29184619831127967,0.2755814301892734,0.01626476812200628,0.0,0.0,0.0,0.0,0.0,0.6581879586432273,0.5388050682054819,0.2784007585773892,0.0,0.0,0.0,0.0,0.0,0.3925514169084404,0.0,0.0,0.0,2.0,algo_low_certainty_sampled,D:\בעלי תשובה\אלטרנטיבי\להקת המדרגות-בפתח הדלת,D:\בעלי תשובה\יהודה גלאנץ\Phinar
128.0,128.0,0.0,1.0,1.0,1.0,1.0,0.3569665526970235,0.6430334473029765,0.0,0.2755814301892734,0.2755814301892734,0.0,0.0,0.0,0.0,0.0,0.6576500189767903,0.20073468246164392,0.0,0.0,0.0,0.0,0.25,0.0,0.3384398905155644,0.0,1.0,2.0,2.0,algo_low_certainty_sampled,D:\בעלי תשובה\גיל עקביוב,D:\בעלי תשובה\יהודה גלאנץ\פיונרו
128.0,32.0,96.0,0.25,0.0,0.0,0.6499881692003374,0.0,0.6499881692003374,0.6499881692003374,0.0,0.6499881692003374,0.0,0.0,0.0,0.0,0.0,0.32492884577025916,0.2594187675070028,0.018518518518518517,0.0,0.0,0.0,0.2142857142857143,0.0,0.0,0.0,0.0,0.0,2.0,algo_low_certainty_sampled,D:\בעלי תשובה\ישראל דגן\לכבוד רשב'י,D:\בעלי תשובה\ארז משה דורון\003 שמחה מתוך צער
128.0,120.0,8.0,0.9375,0.0,1.0,0.675501164221651,0.22741860360456187,0.44808256061708907,0.675501164221651,0.2902449004652799,0.38525626375637106,0.0,0.0,0.0,0.0,0.0,0.5219293271106517,0.42931147683037385,0.30060531788472966,0.0,0.0,0.0,0.34782608695652173,0.0,0.2864815342972302,0.0,1.0,1.0,2.0,algo_low_certainty_sampled,D:\בעלי תשובה\ניסים גרמה,D:\בעלי תשובה\ישראל גריזולט
32.0,128.0,96.0,0.25,1.0,1.0,0.0,0.4407025534851622,0.4407025534851622,0.0,0.4407025534851622,0.4407025534851622,0.0,0.0,0.0,0.0,0.0,0.20120032873750118,0.3527272727272727,0.021052631578947368,0.0,0.0,0.0,0.16666666666666663,0.0,0.277060611021062,0.0,0.0,0.0,2.0,algo_low_certainty_sampled,D:\בעלי תשובה\ארז משה דורון\029 לראות טוב,D:\בעלי תשובה\ישראל דגן\מחול צדיקים
128.0,48.0,80.0,0.375,1.0,1.0,0.2889764430020933,0.3657312505730815,0.07675480757098818,0.2889764430020933,0.1783519691265463,0.110624473875547,0.0,0.0,0.0,0.0,0.0,0.17659553989133367,0.40758056396532416,0.15367889420521003,0.0,0.0,0.0,0.27586206896551724,0.0,0.611076309853624,0.0,1.0,1.0,2.0,algo_low_certainty_sampled,D:\בעלי תשובה\דני גולן\דני גולן והחברים\לב טהור,D:\בעלי תשובה\עמיר בניון\עמיר בניון - עומד בשער
128.0,128.0,0.0,1.0,0.0,0.0,0.3262137946659981,0.39271008922891665,0.06649629456291856,0.3193192458712951,0.24409440945116195,0.07522483642013317,0.0,1.0,0.0,0.0,0.0,0.0,0.0,0.0,0.0,0.0,0.0,0.0,0.0,0.0,0.0,0.0,0.0,2.0,algo_no_comparison_result_sampled,D:\בעלי תשובה\אהרון רזאל\מים רבים,D:\בעלי תשובה\שולי רנד\נקודה טובה
128.0,128.0,0.0,1.0,0.0,0.0,0.6202184291388099,1.0,0.37978157086119013,0.27770914861101964,1.0,0.7222908513889803,0.0,0.0,0.0,0.0,0.0,0.0,0.0,0.0,0.0,0.0,0.0,0.0,0.0,0.0,0.0,0.0,0.0,2.0,algo_no_comparison_result_sampled,D:\בעלי תשובה\אחיה רובין\ונזכה,D:\בעלי תשובה\נפתלי גולד
128.0,160.0,32.0,0.8,0.0,0.0,0.2000802777784875,0.27238638174643265,0.07230610396794515,0.0,0.0,0.0,0.0,0.0,0.0,0.0,0.0,0.0,0.0,0.0,0.0,0.0,0.0,0.0,0.0,0.0,0.0,0.0,0.0,2.0,algo_no_comparison_result_sampled,D:\בעלי תשובה\אודי אולמן\דברי שיר,D:\בעלי תשובה\אהרון רזאל\אהרן רזאל - זמן הגאולה
320.0,128.0,192.0,0.4,0.0,0.0,0.45042736031577224,0.4249225978542701,0.02550476246150213,0.45042736031577224,0.4249225978542701,0.02550476246150213,0.0,1.0,0.0,0.0,0.0,0.0,0.0,0.0,0.0,0.0,0.0,0.0,0.0,0.0,0.0,0.0,0.0,2.0,algo_no_comparison_result_sampled,D:\בעלי תשובה\יאיר כלב\הרב יאיר כלב ולהקת א גרויסע מציאה\עצם הנשמה,D:\בעלי תשובה\ניצן חן רזאל מוצא מקום
128.0,64.0,64.0,0.5,1.0,1.0,0.2941560623287137,0.24337572331410295,0.050780339014610765,0.0,0.4669122431312358,0.4669122431312358,0.0,0.0,0.0,0.0,0.0,0.2286885178137435,0.48423569364014263,0.0,0.0,0.0,0.0,0.0,0.0,0.583769395045955,0.0,0.0,0.0,2.0,algo_low_certainty_sampled,D:\בעלי תשובה\עדי רן\אל תכה בסלע,D:\בעלי תשובה\אודי טופלברג\מים
160.0,128.0,32.0,0.8,0.0,0.0,0.3707724849592341,0.23306579697939106,0.13770668797984303,0.3707724849592341,0.23306579697939106,0.13770668797984303,0.0,0.0,0.0,0.0,0.0,0.0,0.0,0.0,0.0,0.0,0.0,0.0,0.0,0.0,0.0,0.0,0.0,2.0,algo_no_comparison_result_sampled,D:\בעלי תשובה\תיקון הכללי,D:\בעלי תשובה\אודי אולמן\אודי - 3
128.0,128.0,0.0,1.0,1.0,1.0,0.2026569618223385,0.41880170358742175,0.21614474176508325,0.2026569618223385,0.41880170358742175,0.21614474176508325,0.0,0.0,0.0,0.0,0.0,0.5367851818918954,0.4263011063011063,0.17554621848739496,0.0,0.0,0.0,0.125,0.0,0.35857983267760396,0.0,1.0,1.0,2.0,algo_low_certainty_sampled,D:\בעלי תשובה\להבה,D:\בעלי תשובה\ישראל דגן\סמכו על כוחי
160.0,128.0,32.0,0.8,0.0,0.0,0.2150137524440931,0.4028413437474495,0.1878275913033564,0.18847562874257065,0.2725157489002033,0.08404012015763265,0.0,0.0,0.0,0.0,0.0,0.0,0.0,0.0,0.0,0.0,0.0,0.0,0.0,0.0,0.0,0.0,0.0,2.0,algo_no_comparison_result_sampled,D:\בעלי תשובה\ברק כהן\ברק כהן עם דובי גינז\עונג,D:\בעלי תשובה\מאיר בנאי\שמע קולי
128.0,160.0,32.0,0.8,0.0,0.0,0.6847330038265858,0.2150137524440931,0.46971925138249265,0.22257521613042763,0.18847562874257065,0.03409958738785698,0.0,0.0,0.0,0.0,0.0,0.0,0.0,0.0,0.0,0.0,0.0,0.0,0.0,0.0,0.0,0.0,0.0,2.0,algo_no_comparison_result_sampled,D:\בעלי תשובה\אורן ארנון\עלי באר,D:\בעלי תשובה\ברק כהן\ברק כהן עם דובי גינז\עונג
128.0,128.0,0.0,1.0,0.0,0.0,0.2499528889962427,0.264503876615915,0.014550987619672301,0.2499528889962427,1.0,0.7500471110037573,0.0,0.0,0.0,0.0,0.0,0.7061335386357089,0.42563211951447244,0.029433334260699995,0.0,0.0,0.0,0.3076923076923077,0.0,0.6120590351539377,0.0,1.0,1.0,2.0,algo_low_certainty_sampled,D:\בעלי תשובה\דני,D:\בעלי תשובה\אסף נגל\אדיר במרום
32.0,32.0,0.0,1.0,1.0,1.0,0.0,0.0,0.0,0.0,0.0,0.0,0.0,0.0,0.0,0.0,0.0,0.8526656638316836,0.75,0.5,0.0,0.0,0.0,0.12903225806451613,0.0,0.8526646326516001,0.0,1.0,1.0,2.0,algo_low_certainty_sampled,D:\בעלי תשובה\ארז משה דורון\000[066] כסף,D:\בעלי תשובה\ארז משה דורון\079 הגיע זמן הגאולה
128.0,192.0,64.0,0.6666666666666666,0.0,0.0,1.0,0.7029066585588325,0.2970933414411675,1.0,0.28324915824915825,0.7167508417508417,0.0,0.0,0.0,0.0,0.0,0.593741891238333,0.24605328522498496,0.09288194444444443,0.0,0.4,0.0,0.3157894736842105,0.0,0.22835576717269937,0.0,0.0,0.0,2.0,algo_low_certainty_sampled,D:\בעלי תשובה\יחיא אזולאי,D:\בעלי תשובה\אהוד בנאי\טיפ טיפה
320.0,128.0,192.0,0.4,0.0,1.0,0.31856504208855146,0.6606431894230039,0.34207814733445246,0.31856504208855146,0.8222222222222222,0.5036571801336707,0.0,0.0,0.0,0.0,0.0,0.21899316725872425,0.3893616347079413,0.14573752111191723,0.0,0.0,0.0,0.36363636363636365,0.0,0.4463665530969051,0.0,1.0,1.0,2.0,algo_low_certainty_sampled,D:\בעלי תשובה\אהוד בר לוי,D:\בעלי תשובה\המדרגות\המדרגות חדש
128.0,128.0,0.0,1.0,0.0,0.0,0.22718027545586006,0.24746292294408634,0.02028264748822628,0.22718027545586006,0.24746292294408634,0.02028264748822628,1.0,0.0,0.0,0.0,0.0,0.0,0.0,0.0,0.0,0.0,0.0,0.0,0.0,0.0,0.0,0.0,0.0,2.0,algo_no_comparison_result_sampled,D:\בעלי תשובה\יונתן רזאל\יונתן רזאל - בין הצלילים,D:\בעלי תשובה\עדי רן\עדי רן והגיטרה - 2
128.0,32.0,96.0,0.25,0.0,0.0,0.6499881692003374,0.0,0.6499881692003374,0.6499881692003374,1.0,0.3500118307996626,0.0,0.0,0.0,0.0,0.0,0.10637876465947418,0.23782060233673136,0.06751393008692787,0.0,0.0,0.0,0.2666666666666667,0.0,0.3320787407151143,0.0,0.0,0.0,2.0,algo_low_certainty_sampled,D:\בעלי תשובה\ישראל דגן\לכבוד רשב'י,D:\בעלי תשובה\ארז משה דורון\000[096] סוד הויתור
128.0,128.0,0.0,1.0,0.0,0.0,0.2499528889962427,0.2859762415131112,0.03602335251686847,0.2499528889962427,1.0,0.7500471110037573,0.0,1.0,0.0,0.0,0.0,0.5682846361557368,0.4310839538517527,0.11288729386555471,0.0,0.0,0.0,0.18181818181818177,0.0,0.4026080545462765,0.0,1.0,1.0,2.0,algo_low_certainty_sampled,D:\בעלי תשובה\דני,D:\בעלי תשובה\עדי רן\התבוננות
128.0,128.0,0.0,1.0,0.0,0.0,0.264503876615915,1.0,0.735496123384085,1.0,0.0,1.0,0.0,0.0,0.0,0.0,0.0,0.6361096252494848,0.21005062810116168,0.0,0.0,0.0,0.0,0.33333333333333337,0.0,0.40846202237588364,0.0,0.55,1.0,2.0,algo_low_certainty_sampled,D:\בעלי תשובה\אסף נגל\אדיר במרום,D:\בעלי תשובה\חיים דוד סרצ'יק\למעו שמו
56.0,128.0,72.0,0.4375,0.0,0.0,0.7537098401213115,0.264503876615915,0.48920596350539647,0.2459984041872587,1.0,0.7540015958127413,0.0,0.0,0.0,0.0,0.0,0.32072738652918426,0.2796172895461475,0.04375405425328026,0.0,0.07407407407407407,0.0,0.375,0.0,0.39612005908822956,0.0,1.0,1.0,2.0,algo_low_certainty_sampled,D:\בעלי תשובה\סנדי שמואלי\עד מתי,D:\בעלי תשובה\אסף נגל\אדיר במרום
128.0,128.0,0.0,1.0,0.0,1.0,0.3893982783358661,1.0,0.610601721664134,0.3893982783358661,0.2991702741702742,0.0902280041655919,0.0,0.0,0.0,0.0,0.0,0.6013369696044897,0.19339716086657133,0.24800577938685356,0.0,0.0,0.0,0.34782608695652173,0.0,0.31149843473443506,0.0,1.0,1.0,2.0,algo_low_certainty_sampled,D:\בעלי תשובה\אילן כהן צדק\אילן שלום 2,D:\בעלי תשובה\ישראל אזרחי\כל הליל מאבק
48.0,128.0,80.0,0.375,0.0,0.0,0.3657312505730815,0.6847330038265858,0.31900175325350427,0.1783519691265463,0.22257521613042763,0.04422324700388133,0.0,0.0,0.0,0.0,0.0,0.2030696092051823,0.5364743527315485,0.1716425120772947,0.0,0.0,0.0,0.3448275862068966,0.0,0.4100699745142215,0.0,1.0,2.0,2.0,algo_low_certainty_sampled,D:\בעלי תשובה\עמיר בניון\עמיר בניון - עומד בשער,D:\בעלי תשובה\אורן ארנון\עלי באר
128.0,128.0,0.0,1.0,0.0,0.0,1.0,0.6387530961627489,0.3612469038372511,1.0,0.2787580723284634,0.7212419276715366,0.0,0.0,0.0,0.0,0.0,0.0,0.0,0.0,0.0,0.0,0.0,0.0,0.0,0.0,0.0,0.0,0.0,2.0,algo_no_comparison_result_sampled,D:\בעלי תשובה\נפתלי גולד,D:\בעלי תשובה\ישראל דגן\עדיין יש תקווה
98.9090909090909,320.0,221.0909090909091,0.3090909090909091,1.0,1.0,0.2270135150184752,0.269820031736722,0.042806516718246784,0.2270135150184752,0.269820031736722,0.042806516718246784,0.0,0.0,0.0,0.0,0.0,0.10851346022981957,0.5373836689626164,0.30587846496937404,0.0,0.0,0.0,0.25,0.0,0.32523403089993574,0.0,1.0,1.0,2.0,algo_low_certainty_sampled,D:\בעלי תשובה\יצחק פוקס\פוקס,D:\בעלי תשובה\חיים דוד סרצ'יק\היום
128.0,192.0,64.0,0.6666666666666666,0.0,0.0,0.27700884219937516,0.3067488807297329,0.029740038530357726,0.27700884219937516,0.3067488807297329,0.029740038530357726,0.0,1.0,0.0,0.0,0.0,0.0,0.0,0.0,0.0,0.0,0.0,0.0,0.0,0.0,0.0,0.0,0.0,2.0,algo_no_comparison_result_sampled,D:\בעלי תשובה\עדי רן\עדי רן והגיטרה - 1,D:\בעלי תשובה\אהרון רזאל\אהרן רזאל - קבעתי את מושבי\אהרן רזאל - קבעתי את מושבי
128.0,48.0,80.0,0.375,1.0,1.0,1.0,0.3657312505730815,0.6342687494269186,0.0,0.1783519691265463,0.1783519691265463,0.0,0.0,0.0,0.0,0.0,0.17774963291004986,0.21050293671845396,0.0,0.0,0.0,0.0,0.375,0.0,0.36884225623873884,0.0,0.55,1.0,2.0,algo_low_certainty_sampled,D:\בעלי תשובה\גיל עקביוב,D:\בעלי תשובה\עמיר בניון\עמיר בניון - עומד בשער
128.0,32.0,96.0,0.25,1.0,1.0,0.16483886483886487,0.0,0.16483886483886487,0.0,0.0,0.0,1.0,0.0,0.0,0.0,0.0,0.7239794461278747,0.5266381766381766,0.0,0.0,0.0,0.0,0.31818181818181823,0.0,0.0,0.0,0.0,0.0,2.0,algo_low_certainty_sampled,D:\בעלי תשובה\עמיר בניון\עמיר בניון - כוונה תחילה,D:\בעלי תשובה\ארז משה דורון\010 ארץ אוכלת יושביה
157.0909090909091,128.0,29.090909090909093,0.8148148148148148,0.0,0.0,0.3433230563582517,0.23306579697939106,0.11025725937886066,0.2387152837785005,0.23306579697939106,0.005649486799109427,0.0,0.0,0.0,0.0,0.0,0.0,0.0,0.0,0.0,0.0,0.0,0.0,0.0,0.0,0.0,0.0,0.0,2.0,algo_no_comparison_result_sampled,D:\בעלי תשובה\מאיר בנאי\לך אלי,D:\בעלי תשובה\אודי אולמן\אודי - 3
128.0,128.0,0.0,1.0,0.0,0.0,0.6202184291388099,1.0,0.37978157086119013,0.27770914861101964,0.27844605035436915,0.0007369017433495051,0.0,0.0,0.0,0.0,0.0,0.0,0.0,0.0,0.0,0.0,0.0,0.0,0.0,0.0,0.0,0.0,0.0,2.0,algo_no_comparison_result_sampled,D:\בעלי תשובה\אחיה רובין\ונזכה,D:\בעלי תשובה\סנדי שמואלי\מחכים
128.0,160.0,32.0,0.8,0.0,1.0,0.6606431894230039,0.22423017210857654,0.4364130173144274,0.8222222222222222,0.22423017210857654,0.5979920501136456,0.0,0.0,0.0,0.0,0.0,0.3606604074871083,0.4389326328749685,0.15993074092324466,0.0,0.0,0.0,0.25,0.0,0.23571727927359465,0.0,1.0,1.0,2.0,algo_low_certainty_sampled,D:\בעלי תשובה\המדרגות\המדרגות חדש,D:\בעלי תשובה\מים 1
32.0,32.0,0.0,1.0,1.0,1.0,0.0,0.0,0.0,0.0,0.0,0.0,0.0,0.0,0.0,0.0,0.0,0.9401996124236416,0.5714285714285714,0.33333333333333337,0.0,0.0,0.0,0.3529411764705882,0.0,0.9401993774721956,0.0,1.0,1.0,2.0,algo_low_certainty_sampled,D:\בעלי תשובה\ארז משה דורון\060 לבטל את היסורים,D:\בעלי תשובה\ארז משה דורון\032 תשובה מאהבה
96.0,128.0,32.0,0.75,0.0,0.0,0.24974139732911663,1.0,0.7502586026708834,0.24974139732911663,0.27844605035436915,0.02870465302525252,0.0,0.0,0.0,0.0,0.0,0.0,0.0,0.0,0.0,0.0,0.0,0.0,0.0,0.0,0.0,0.0,0.0,2.0,algo_no_comparison_result_sampled,D:\בעלי תשובה\קול אחי\השקיפה,D:\בעלי תשובה\סנדי שמואלי\מחכים
128.0,32.0,96.0,0.25,0.0,1.0,1.0,0.0,1.0,1.0,0.0,1.0,0.0,0.0,0.0,0.0,0.0,0.14476408506037003,0.21999999999999997,0.033333333333333326,0.0,0.0,0.0,0.2777777777777778,0.0,0.2719248372328336,0.0,0.0,0.0,2.0,algo_low_certainty_sampled,D:\בעלי תשובה\רונן  חזיזה\שמחה של מצווה,D:\בעלי תשובה\ארז משה דורון\052 אין כל חדש תחת השמש
153.6,32.0,121.6,0.20833333333333334,1.0,1.0,0.7400588508887702,0.0,0.7400588508887702,0.7400588508887702,0.0,0.7400588508887702,0.0,0.0,0.0,0.0,0.0,0.591947010590361,0.15074208454854737,0.0096918549931633,0.0,0.0,0.0,0.2222222222222222,0.0,0.0,0.0,0.0,0.0,2.0,algo_low_certainty_sampled,D:\בעלי תשובה\אבולוף,D:\בעלי תשובה\ארז משה דורון\000[068] להאמין בעצמו
128.0,320.0,192.0,0.4,1.0,0.0,1.0,0.21162859691843153,0.7883714030815685,0.2601616418210846,1.0,0.7398383581789154,0.0,0.0,0.0,0.0,0.0,0.0,0.0,0.0,0.0,0.0,0.0,0.0,0.0,0.0,0.0,0.0,0.0,2.0,algo_no_comparison_result_sampled,D:\בעלי תשובה\נקודה טובה,D:\בעלי תשובה\שולי רנד\שולי רנד בקיסריה 2
128.0,128.0,0.0,1.0,0.0,0.0,0.3022111170984259,0.2873753124937582,0.014835804604667713,0.3022111170984259,0.2873753124937582,0.014835804604667713,0.0,0.0,0.0,0.0,0.0,0.20046595972676895,0.4675260796395117,0.08002770653240873,0.0,0.05905600146979457,0.0,0.21052631578947367,0.0,0.0,0.0,1.0,1.0,2.0,algo_low_certainty_sampled,D:\בעלי תשובה\ישראל דגן\דגן חתונות\משה אטיאס,D:\בעלי תשובה\אברהם אבוטבול\בית הקדושה
32.0,128.0,96.0,0.25,0.0,1.0,0.0,1.0,1.0,0.0,1.0,1.0,0.0,0.0,0.0,0.0,0.0,0.1290222361523956,0.23157894736842105,0.036363636363636355,0.0,0.0,0.0,0.3076923076923077,0.0,0.2,0.0,0.0,0.0,2.0,algo_low_certainty_sampled,D:\בעלי תשובה\ארז משה דורון\029 לראות טוב,D:\בעלי תשובה\רונן  חזיזה\שמחה של מצווה
128.0,32.0,96.0,0.25,1.0,1.0,0.30459474003409925,0.0,0.30459474003409925,0.30459474003409925,0.0,0.30459474003409925,0.0,0.0,0.0,0.0,0.0,0.7023224846745759,0.3813112491373361,0.0,0.0,0.0,0.0,0.4545454545454546,0.0,0.0,0.0,0.0,0.0,2.0,algo_low_certainty_sampled,D:\בעלי תשובה\אשר אלפסי\אתה הכל,D:\בעלי תשובה\ארז משה דורון\001 תיקון הכללי
166.4,160.0,6.400000000000006,0.9615384615384615,0.0,0.0,0.2594066150567698,0.2150137524440931,0.04439286261267672,0.2594066150567698,0.18847562874257065,0.07093098631419917,1.0,0.0,0.0,0.0,0.0,0.0,0.0,0.0,0.0,0.0,0.0,0.0,0.0,0.0,0.0,0.0,0.0,2.0,algo_no_comparison_result_sampled,D:\בעלי תשובה\עדי רן\עדי רן - גלגל של הצלה,D:\בעלי תשובה\ברק כהן\ברק כהן עם דובי גינז\עונג
128.0,128.0,0.0,1.0,1.0,1.0,0.2499528889962427,0.36207277452891484,0.11211988553267213,0.2499528889962427,1.0,0.7500471110037573,0.0,0.0,0.0,0.0,0.0,0.5543197912351011,0.3957241532976827,0.030627796116926547,0.0,0.0,0.0,0.18181818181818177,0.0,0.356733730815553,0.0,1.0,1.0,2.0,algo_low_certainty_sampled,D:\בעלי תשובה\דני,D:\בעלי תשובה\ברק כהן\יש תקווה
32.0,32.0,0.0,1.0,1.0,1.0,0.0,0.0,0.0,0.0,0.0,0.0,0.0,0.0,0.0,0.0,0.0,0.82099250035126,0.7692307692307692,0.4,0.0,0.0,0.0,0.4,0.0,0.7150162306855463,0.0,1.0,1.0,2.0,algo_low_certainty_sampled,D:\בעלי תשובה\ארז משה דורון\004 זוגיות רוחנית,D:\בעלי תשובה\ארז משה דורון\029 לראות טוב
320.0,32.0,288.0,0.1,1.0,1.0,0.21379310344827585,0.0,0.21379310344827585,0.21379310344827585,0.0,0.21379310344827585,0.0,0.0,0.0,0.0,0.0,0.2602591454734794,0.36766381766381767,0.0,0.0,0.0,0.0,0.08695652173913049,0.0,0.0,0.0,0.0,0.0,2.0,algo_low_certainty_sampled,D:\בעלי תשובה\בנגי רפאל\משיח,D:\בעלי תשובה\ארז משה דורון\060 לבטל את היסורים
128.0,128.0,0.0,1.0,1.0,1.0,0.41880170358742175,1.0,0.5811982964125783,0.41880170358742175,1.0,0.5811982964125783,0.0,0.0,0.0,0.0,0.0,0.5199143483790871,0.14115363521489724,0.03427467149689371,0.0,0.0,0.0,0.4545454545454546,0.0,0.2677797455127294,0.0,1.0,1.0,2.0,algo_low_certainty_sampled,D:\בעלי תשובה\ישראל דגן\סמכו על כוחי,D:\בעלי תשובה\ברק כהן\כי לא ינום
128.0,128.0,0.0,1.0,1.0,1.0,0.3893982783358661,0.24716295043511743,0.14223532790074866,0.3893982783358661,0.24716295043511743,0.14223532790074866,0.0,0.0,0.0,0.0,0.0,0.5203680343860725,0.450311125477038,0.24086368951633688,0.0,0.0,0.0,0.2727272727272727,0.0,0.30935557680204717,0.0,1.0,1.0,2.0,algo_low_certainty_sampled,D:\בעלי תשובה\אילן כהן צדק\אילן שלום 2,D:\בעלי תשובה\ישראל אזרחי\יכירו וידעו
160.0,128.0,32.0,0.8,0.0,0.0,0.2726881529823451,0.21966512044689707,0.053023032535448045,0.27311707713779837,0.29173991200759963,0.018622834869801264,0.0,0.0,0.0,0.0,0.0,0.41413322334787656,0.4362808030105479,0.26477455293244767,0.0,0.0,0.0,0.4,0.0,0.3474272319459373,0.0,1.0,1.0,2.0,algo_low_certainty_sampled,D:\בעלי תשובה\שמעונה,D:\בעלי תשובה\ישראל דגן\למען שמו באהבה
128.0,128.0,0.0,1.0,0.0,0.0,0.2000802777784875,0.6974116257476615,0.497331347969174,0.0,0.6974116257476615,0.6974116257476615,0.0,0.0,0.0,0.0,0.0,0.5908800633472177,0.42559519384233463,0.0,0.0,0.0,0.0,0.3157894736842105,0.0,0.3486405485310733,0.0,0.0,0.0,2.0,algo_low_certainty_sampled,D:\בעלי תשובה\אודי אולמן\דברי שיר,D:\בעלי תשובה\חיות  הקודש
128.0,157.0909090909091,29.090909090909093,0.8148148148148148,0.0,0.0,0.37977690175096385,0.3433230563582517,0.036453845392712125,0.23290542901652928,0.2387152837785005,0.0058098547619712115,0.0,0.0,0.0,0.0,0.0,0.0,0.0,0.0,0.0,0.0,0.0,0.0,0.0,0.0,0.0,0.0,0.0,2.0,algo_no_comparison_result_sampled,D:\בעלי תשובה\יוסף (גלעד) קרדונר\כל העולם - 02,D:\בעלי תשובה\מאיר בנאי\לך אלי
32.0,32.0,0.0,1.0,1.0,1.0,0.0,0.0,0.0,0.0,0.0,0.0,0.0,0.0,0.0,0.0,0.0,0.5547620795531968,0.6535947712418301,0.2751322751322751,0.0,0.0,0.0,0.3076923076923077,0.0,0.2272049461785678,0.0,1.0,1.0,2.0,algo_low_certainty_sampled,D:\בעלי תשובה\ארז משה דורון\000[022] איך זוכים לחיות באמת,D:\בעלי תשובה\ארז משה דורון\069 כח המושח וכח המכריח
128.0,128.0,0.0,1.0,1.0,1.0,0.2026569618223385,0.30704742811940955,0.10439046629707105,0.2026569618223385,0.30704742811940955,0.10439046629707105,0.0,0.0,0.0,0.0,0.0,0.7703406843382228,0.4862769173497143,0.24026264126883323,0.0,0.0,0.0,0.3076923076923077,0.0,0.4786836813166644,0.0,1.0,1.0,2.0,algo_low_certainty_sampled,D:\בעלי תשובה\להבה,D:\בעלי תשובה\דני ממן\נהר המטהר
128.0,128.0,0.0,1.0,0.0,0.0,0.27622047176536346,0.23306579697939106,0.0431546747859724,0.27622047176536346,0.23306579697939106,0.0431546747859724,0.0,0.0,0.0,0.0,0.0,0.6072480437033263,0.5140534165035073,0.3137485716897482,0.0,0.0,0.0,0.3529411764705882,0.0,0.3891022605983125,0.0,0.0,0.0,2.0,algo_low_certainty_sampled,D:\בעלי תשובה\עקיבא מרגליות\לאורו נלך,D:\בעלי תשובה\אודי אולמן\אודי - 3
128.0,128.0,0.0,1.0,0.0,1.0,0.2499528889962427,1.0,0.7500471110037573,0.2499528889962427,1.0,0.7500471110037573,0.0,0.0,0.0,0.0,0.0,0.640167309239942,0.17450794639093872,0.0488837633429285,0.0,0.0,0.0,0.11111111111111116,0.0,0.5392670783253453,0.0,1.0,1.0,2.0,algo_low_certainty_sampled,D:\בעלי תשובה\דני,D:\בעלי תשובה\ברלינגר\משה לוי והלויים
320.0,32.0,288.0,0.1,0.0,0.0,0.22554713804713802,0.0,0.22554713804713802,0.22554713804713802,0.0,0.22554713804713802,1.0,0.0,0.0,0.0,0.0,0.1984196361979795,0.39272093276669934,0.0,0.0,0.0,0.0,0.1842105263157895,0.0,0.0,0.0,0.0,0.0,2.0,algo_low_certainty_sampled,D:\בעלי תשובה\יצחק מאיר\סיום השס מפעלות הציונות הדתית עם יצחק מאיר UP FOR DOSSINET.ME\סיום השס מפעלות הציונות הדתית עם יצחק מאיר UP FOR DOSSINET.ME,D:\בעלי תשובה\ארז משה דורון\032 תשובה מאהבה
32.0,32.0,0.0,1.0,1.0,1.0,0.0,0.0,0.0,0.0,0.0,0.0,0.0,0.0,0.0,0.0,0.0,0.6328081724992244,0.7142857142857143,0.33333333333333337,0.0,0.0,0.0,0.4444444444444444,0.0,0.5846645505180867,0.0,1.0,1.0,2.0,algo_low_certainty_sampled,D:\בעלי תשובה\ארז משה דורון\005 ניקוי הראש,D:\בעלי תשובה\ארז משה דורון\093 ישוב הדעת
320.0,128.0,192.0,0.4,0.0,0.0,0.269820031736722,0.2280134555390086,0.041806576197713385,0.269820031736722,0.25332720690615423,0.016492824830567743,0.0,0.0,0.0,0.0,0.0,0.11887532976566616,0.5051568821055165,0.1176520847573479,0.0,0.0,0.0,0.11111111111111116,0.0,0.2462726879201715,0.0,0.0,0.0,2.0,algo_low_certainty_sampled,D:\בעלי תשובה\חיים דוד סרצ'יק\היום,D:\בעלי תשובה\למען שמו באהבה
128.0,128.0,0.0,1.0,0.0,0.0,0.2409177614286613,0.2809753868055855,0.04005762537692417,0.2393952727002871,0.2555969699945765,0.016201697294289386,0.0,0.0,0.0,0.0,0.0,0.4610666904471982,0.42832895327154275,0.23464573008690656,0.0,0.027972027972027972,0.0,0.30000000000000004,0.0,0.2260039077757227,0.0,1.0,1.0,2.0,algo_low_certainty_sampled,D:\בעלי תשובה\שולי רנד\שולי רנד קיסריה,D:\בעלי תשובה\יוסף קרדונר\בחירה
128.0,128.0,0.0,1.0,0.0,0.0,0.40024241465807686,1.0,0.5997575853419231,0.29184619831127967,1.0,0.7081538016887203,0.0,0.0,0.0,0.0,0.0,0.6184684563565084,0.1830020894839992,0.06753494088084881,0.0,0.0,0.0,0.25806451612903225,0.0,0.35738977592262683,0.0,0.0,0.0,2.0,algo_low_certainty_sampled,D:\בעלי תשובה\אלטרנטיבי\להקת המדרגות-בפתח הדלת,D:\בעלי תשובה\יצחק שדהו
160.0,128.0,32.0,0.8,0.0,0.0,0.21497468337814524,0.8534650546662002,0.638490371288055,0.21497468337814524,0.8788867414094268,0.6639120580312816,0.0,0.0,0.0,0.0,0.0,0.4780496507214346,0.16307798115411462,0.1189122160318034,0.0,0.0,0.0,0.3076923076923077,0.0,0.48947224158946184,0.0,1.0,1.0,2.0,algo_low_certainty_sampled,D:\בעלי תשובה\מים 2,D:\בעלי תשובה\סיני תור
128.0,128.0,0.0,1.0,0.0,1.0,0.2330104184381377,0.6974116257476615,0.4644012073095238,0.18359844124657437,0.6974116257476615,0.5138131845010872,0.0,0.0,0.0,0.0,0.0,0.5400773137684811,0.4549821159886624,0.25866278042553237,0.0,0.0,0.0,0.2727272727272727,0.0,0.32447970822272937,0.0,1.0,1.0,2.0,algo_low_certainty_sampled,D:\בעלי תשובה\יוסף קרדונר\סימנים בדרך,D:\בעלי תשובה\חיות  הקודש
128.0,128.0,0.0,1.0,0.0,0.0,0.264503876615915,0.6202184291388099,0.35571455252289486,1.0,0.27770914861101964,0.7222908513889803,0.0,0.0,0.0,0.0,0.0,0.0,0.0,0.0,0.0,0.0,0.0,0.0,0.0,0.0,0.0,0.0,0.0,2.0,algo_no_comparison_result_sampled,D:\בעלי תשובה\אסף נגל\אדיר במרום,D:\בעלי תשובה\אחיה רובין\ונזכה
128.0,128.0,0.0,1.0,0.0,0.0,1.0,0.27700884219937516,0.7229911578006248,0.0,0.27700884219937516,0.27700884219937516,0.0,0.0,0.0,0.0,0.0,0.6834306367047771,0.19390719679666113,0.0,0.0,0.0,0.0,0.23076923076923073,0.0,0.5075816265723929,0.0,0.09090909090909091,0.0,2.0,algo_low_certainty_sampled,D:\בעלי תשובה\חיים דוד סרצ'יק\מצור דבש,D:\בעלי תשובה\עדי רן\עדי רן והגיטרה - 1
128.0,160.0,32.0,0.8,0.0,0.0,0.27622047176536346,0.3707724849592341,0.09455201319387063,0.27622047176536346,0.3707724849592341,0.09455201319387063,0.0,0.0,0.0,0.0,0.0,0.5786007873473537,0.41917160354242466,0.2595700083676491,0.0,0.0,0.0,0.30000000000000004,0.0,0.20804142362430744,0.0,1.0,1.0,2.0,algo_low_certainty_sampled,D:\בעלי תשובה\עקיבא מרגליות\לאורו נלך,D:\בעלי תשובה\תיקון הכללי
320.0,128.0,192.0,0.4,0.0,0.0,0.2328732027030505,0.23306579697939106,0.00019259427634055193,0.23477009369085064,0.23306579697939106,0.0017042967114595797,0.0,0.0,0.0,0.0,0.0,0.0,0.0,0.0,0.0,0.0,0.0,0.0,0.0,0.0,0.0,0.0,0.0,2.0,algo_no_comparison_result_sampled,D:\בעלי תשובה\צמאה - אומנים שרים את ניגוני הרבי מילובביץ,D:\בעלי תשובה\אודי אולמן\אודי - 3
128.0,128.0,0.0,1.0,0.0,0.0,0.2963361711896721,0.8333333333333334,0.5369971621436613,0.2792337495532713,0.23579977126416757,0.043433978289103725,0.0,0.0,0.0,0.0,0.0,0.4747862127772469,0.17341353301831242,0.1310312090896064,0.0,0.19299933782692402,0.0,0.08695652173913049,0.0,0.1173788398151419,0.0,0.5416666666666666,1.0,2.0,algo_low_certainty_sampled,D:\בעלי תשובה\נסתרות דרכי האל,D:\בעלי תשובה\אודי דוידי\אודי דודי 2\no title
128.0,128.0,0.0,1.0,0.0,1.0,0.24951725891354376,1.0,0.7504827410864563,0.24951725891354376,1.0,0.7504827410864563,0.0,0.0,0.0,0.0,0.0,0.6104299511383099,0.1833030873285746,0.03172612904811047,0.0,0.0,0.0,0.31999999999999995,0.0,0.36204773699074044,0.0,1.0,1.0,2.0,algo_low_certainty_sampled,D:\בעלי תשובה\דני ממן\זה שיר שבח,D:\בעלי תשובה\ברלינגר\משה לוי והלויים
128.0,128.0,0.0,1.0,0.0,0.0,0.7648210459606535,0.8333333333333334,0.06851228737267989,0.635970973660645,0.23579977126416757,0.40017120239647747,0.0,0.0,0.0,0.0,0.0,0.6383600785373146,0.16779774250349969,0.17050144300144301,0.0,0.24444444444444444,0.0,0.0,0.0,0.3646169912268715,0.0,1.0,1.0,2.0,algo_low_certainty_sampled,D:\בעלי תשובה\הלוים,D:\בעלי תשובה\אודי דוידי\אודי דודי 2\no title
128.0,128.0,0.0,1.0,1.0,1.0,0.25256305214732394,0.3462975584756755,0.09373450632835156,0.25256305214732394,0.3462975584756755,0.09373450632835156,0.0,0.0,0.0,0.0,0.0,0.378257268223536,0.43547533708824027,0.25001791919412064,0.0,0.0,0.0,0.29268292682926833,0.0,0.08528575218170713,0.0,1.0,1.0,2.0,algo_low_certainty_sampled,D:\בעלי תשובה\יערות דבש-יצחק אזולאי\יערות דבש השיר והשבחלחי העולמים,D:\בעלי תשובה\ישראל דגן\נפשי החזקה
56.0,128.0,72.0,0.4375,0.0,0.0,0.7537098401213115,0.6847330038265858,0.06897683629472573,0.2459984041872587,0.22257521613042763,0.02342318805683108,0.0,0.0,0.0,0.0,0.0,0.386557001377262,0.2915692783795961,0.19684775149171435,0.0,0.19047619047619047,0.0,0.3076923076923077,0.0,0.3187190473095818,0.0,1.0,1.0,2.0,algo_low_certainty_sampled,D:\בעלי תשובה\סנדי שמואלי\עד מתי,D:\בעלי תשובה\אורן ארנון\עלי באר
128.0,128.0,0.0,1.0,0.0,0.0,0.2873753124937582,0.37977690175096385,0.09240158925720565,0.2873753124937582,0.23290542901652928,0.05446988347722892,0.0,0.0,0.0,0.0,0.0,0.0,0.0,0.0,0.0,0.0,0.0,0.0,0.0,0.0,0.0,0.0,0.0,2.0,algo_no_comparison_result_sampled,D:\בעלי תשובה\אברהם אבוטבול\בית הקדושה,D:\בעלי תשובה\יוסף (גלעד) קרדונר\כל העולם - 02
320.0,192.0,128.0,0.6,0.0,0.0,0.416959409862627,0.260760428742324,0.15619898112030295,0.31644553061421565,0.260760428742324,0.05568510187189163,1.0,1.0,1.0,0.0,0.0,0.0,0.0,0.0,0.0,0.0,0.0,0.0,0.0,0.0,0.0,0.0,0.0,2.0,algo_no_comparison_result_sampled,D:\בעלי תשובה\עמיר בניון\עמיר בניון שירי ארץ אהבה\עמיר בניון - שירי ארץ-אהבה,D:\בעלי תשובה\יצחק פוקס\ממעמקים יצחק פוקס
160.0,128.0,32.0,0.8,0.0,0.0,0.27238638174643265,1.0,0.7276136182535673,0.0,1.0,1.0,0.0,0.0,0.0,0.0,0.0,0.7081836935012483,0.23072390693990455,0.0,0.0,0.0,0.0,0.29268292682926833,0.0,0.5967239355694596,0.0,0.0,0.0,2.0,algo_low_certainty_sampled,D:\בעלי תשובה\אהרון רזאל\אהרן רזאל - זמן הגאולה,D:\בעלי תשובה\אודי דוידי\אודי דוידי דבר אליו
32.0,32.0,0.0,1.0,1.0,1.0,0.0,0.0,0.0,0.0,0.0,0.0,0.0,0.0,0.0,0.0,0.0,0.6002497317968878,0.7692307692307692,0.39999999999999997,0.0,0.0,0.0,0.3783783783783784,0.0,0.47234058261322454,0.0,1.0,1.0,2.0,algo_low_certainty_sampled,D:\בעלי תשובה\ארז משה דורון\007 המסיבה הגדולה,D:\בעלי תשובה\ארז משה דורון\010 ארץ אוכלת יושביה
192.0,128.0,64.0,0.6666666666666666,0.0,0.0,0.3602569865901291,0.23306579697939106,0.12719118961073805,0.20396713382961987,0.23306579697939106,0.029098663149771192,1.0,0.0,0.0,0.0,0.0,0.0,0.0,0.0,0.0,0.0,0.0,0.0,0.0,0.0,0.0,0.0,0.0,2.0,algo_no_comparison_result_sampled,D:\בעלי תשובה\שולי רנד\הופעה בקיסריה\שולי רנד - בקיסריה\דיסק 2,D:\בעלי תשובה\אודי אולמן\אודי - 3
192.0,160.0,32.0,0.8333333333333334,0.0,0.0,0.3693793107610762,0.2726881529823451,0.09669115777873111,0.22502142268352276,0.27311707713779837,0.048095654454275605,1.0,0.0,0.0,0.0,0.0,0.5026844308873811,0.3880913467091595,0.21000485288576443,0.0,0.05341880341880342,0.0,0.0,0.0,0.32878329968465597,0.0,0.0,0.0,2.0,algo_low_certainty_sampled,D:\בעלי תשובה\שולי רנד\הופעה בקיסריה\שולי רנד - בקיסריה\דיסק 1,D:\בעלי תשובה\שמעונה
128.0,128.0,0.0,1.0,0.0,0.0,0.27114163132912755,0.27700884219937516,0.005867210870247608,0.27114163132912755,0.27700884219937516,0.005867210870247608,0.0,0.0,0.0,0.0,0.0,0.5938926254879884,0.45530869056932627,0.28349100493485513,0.0,0.0,0.0,0.16666666666666663,0.0,0.33162592434435906,0.0,0.0,0.0,2.0,algo_low_certainty_sampled,D:\בעלי תשובה\דב אינדיג\בת קול,D:\בעלי תשובה\עדי רן\עדי רן והגיטרה - 1
128.0,128.0,0.0,1.0,0.0,0.0,0.2499528889962427,1.0,0.7500471110037573,0.2499528889962427,1.0,0.7500471110037573,0.0,0.0,0.0,0.0,0.0,0.6477663039815178,0.17013956829065938,0.029433334260699995,0.0,0.0,0.0,0.3076923076923077,0.0,0.4930381315607101,0.0,1.0,1.0,2.0,algo_low_certainty_sampled,D:\בעלי תשובה\דני,D:\בעלי תשובה\נפתלי גולד
320.0,32.0,288.0,0.1,1.0,1.0,0.21379310344827585,0.0,0.21379310344827585,0.21379310344827585,0.0,0.21379310344827585,0.0,0.0,0.0,0.0,0.0,0.26828836651744536,0.3505026455026455,0.0,0.0,0.0,0.0,0.11764705882352944,0.0,0.0,0.0,0.0,0.0,2.0,algo_low_certainty_sampled,D:\בעלי תשובה\בנגי רפאל\משיח,D:\בעלי תשובה\ארז משה דורון\000[074] שלום
128.0,128.0,0.0,1.0,0.0,1.0,0.314852760634035,0.2016140369955885,0.1132387236384465,0.19920827968857835,0.2016140369955885,0.002405757307010148,0.0,0.0,0.0,0.0,0.0,0.6225486401075794,0.3623426256186495,0.20067909194717656,0.9230769230769231,0.8687728937728939,0.0,0.6896551724137931,0.0,0.3194445515249128,0.0,0.0,0.0,2.0,algo_low_certainty_sampled,D:\בעלי תשובה\קן ברג'ס\קן ברג'ס-בנה מלכותו,D:\בעלי תשובה\ק'ן ברג'ס\בנה מלכותו
128.0,128.0,0.0,1.0,0.0,0.0,0.27622047176536346,0.2409177614286613,0.03530271033670215,0.27622047176536346,0.2393952727002871,0.036825199065076364,0.0,0.0,0.0,0.0,0.0,0.42221278461500694,0.4612888936076285,0.28368135519960674,0.0,0.0,0.0,0.25,0.0,0.23786577306878334,0.0,1.0,1.0,2.0,algo_low_certainty_sampled,D:\בעלי תשובה\עקיבא מרגליות\לאורו נלך,D:\בעלי תשובה\שולי רנד\שולי רנד קיסריה
128.0,32.0,96.0,0.25,0.0,1.0,1.0,0.0,1.0,1.0,0.0,1.0,0.0,0.0,0.0,0.0,0.0,0.3873124147616679,0.125,0.009615384615384609,0.0,0.0,0.0,0.24242424242424243,0.0,0.0,0.0,0.0,0.0,2.0,algo_low_certainty_sampled,D:\בעלי תשובה\יחיא אזולאי,D:\בעלי תשובה\ארז משה דורון\061 אמת לרחק ואמת לקרב
320.0,128.0,192.0,0.4,1.0,0.0,0.31856504208855146,1.0,0.6814349579114485,0.31856504208855146,0.27844605035436915,0.04011899173418232,0.0,0.0,0.0,0.0,0.0,0.23250565920584484,0.19249117267192906,0.30607792207792206,0.0,0.0,0.0,0.125,0.0,0.4797386101723621,0.0,1.0,1.0,2.0,algo_low_certainty_sampled,D:\בעלי תשובה\אהוד בר לוי,D:\בעלי תשובה\סנדי שמואלי\מחכים
128.0,128.0,0.0,1.0,0.0,0.0,0.2755814301892734,0.6387530961627489,0.3631716659734755,0.2755814301892734,0.2787580723284634,0.00317664213919,0.0,0.0,0.0,0.0,0.0,0.5330558017572364,0.43840013975083425,0.25882767232767234,0.0,0.0,0.0,0.0,0.0,0.24884278204008167,0.0,1.0,1.0,2.0,algo_low_certainty_sampled,D:\בעלי תשובה\יהודה גלאנץ\Phinar,D:\בעלי תשובה\ישראל דגן\עדיין יש תקווה
320.0,128.0,192.0,0.4,0.0,0.0,0.21162859691843153,0.4261133624252772,0.21448476550684567,1.0,0.4261133624252772,0.5738866375747228,0.0,0.0,0.0,0.0,0.0,0.0,0.0,0.0,0.0,0.0,0.0,0.0,0.0,0.0,0.0,0.0,0.0,2.0,algo_no_comparison_result_sampled,D:\בעלי תשובה\שולי רנד\שולי רנד בקיסריה 2,D:\בעלי תשובה\יוסף (גלעד) קרדונר\בחירה - 03
128.0,128.0,0.0,1.0,0.0,0.0,0.2139713364504999,0.25729658680382567,0.04332525035332577,0.21586764519215973,0.25645829152593796,0.040590646333778235,0.0,0.0,0.0,0.0,0.0,0.47250238253656424,0.4691938869211596,0.23406723213928393,0.0,0.029325513196480944,0.0,0.33333333333333337,0.0,0.1640308717369815,0.0,0.0,0.0,2.0,algo_low_certainty_sampled,D:\בעלי תשובה\אנסמבל שם-טוב לוי\תחנות רוח,D:\בעלי תשובה\צבי זלבסקי\פה ושם אני רוקד
320.0,128.0,192.0,0.4,0.0,0.0,0.21162859691843153,0.26316833264670075,0.051539735728269226,1.0,0.26316833264670075,0.7368316673532993,0.0,0.0,0.0,0.0,0.0,0.0,0.0,0.0,0.0,0.0,0.0,0.0,0.0,0.0,0.0,0.0,0.0,2.0,algo_no_comparison_result_sampled,D:\בעלי תשובה\שולי רנד\שולי רנד בקיסריה 2,D:\בעלי תשובה\ירמיהו\כנגן המנגן
320.0,192.0,128.0,0.6,0.0,0.0,0.45042736031577224,0.260760428742324,0.18966693157344822,0.45042736031577224,0.260760428742324,0.18966693157344822,0.0,1.0,0.0,0.0,0.0,0.0,0.0,0.0,0.0,0.0,0.0,0.0,0.0,0.0,0.0,0.0,0.0,2.0,algo_no_comparison_result_sampled,D:\בעלי תשובה\יאיר כלב\הרב יאיר כלב ולהקת א גרויסע מציאה\עצם הנשמה,D:\בעלי תשובה\יצחק פוקס\ממעמקים יצחק פוקס
128.0,320.0,192.0,0.4,0.0,0.0,0.27700884219937516,0.21162859691843153,0.06538024528094363,0.27700884219937516,1.0,0.7229911578006248,0.0,0.0,0.0,0.0,0.0,0.0,0.0,0.0,0.0,0.0,0.0,0.0,0.0,0.0,0.0,0.0,0.0,2.0,algo_no_comparison_result_sampled,D:\בעלי תשובה\עדי רן\עדי רן והגיטרה - 1,D:\בעלי תשובה\שולי רנד\שולי רנד בקיסריה 2
128.0,320.0,192.0,0.4,0.0,0.0,0.7648210459606535,0.45042736031577224,0.31439368564488124,0.635970973660645,0.45042736031577224,0.1855436133448728,0.0,0.0,0.0,0.0,0.0,0.10564974411355739,0.26752204890201353,0.31477793416916156,0.0,0.1929824561403509,0.0,0.1428571428571429,0.0,0.3367579593491823,0.0,0.0,0.0,2.0,algo_low_certainty_sampled,D:\בעלי תשובה\הלוים,D:\בעלי תשובה\יאיר כלב\הרב יאיר כלב ולהקת א גרויסע מציאה\עצם הנשמה
128.0,128.0,0.0,1.0,0.0,0.0,0.2889764430020933,0.29698772961930864,0.00801128661721534,0.2889764430020933,1.0,0.7110235569979066,0.0,0.0,0.0,0.0,0.0,0.5998768085864595,0.4370785954650379,0.05121095407860114,0.0,0.0,0.0,0.4444444444444444,0.0,0.28795437248532807,0.0,1.0,1.0,2.0,algo_low_certainty_sampled,D:\בעלי תשובה\דני גולן\דני גולן והחברים\לב טהור,D:\בעלי תשובה\אחישנה\לך ה' אלוקי
128.0,32.0,96.0,0.25,0.0,1.0,1.0,0.0,1.0,1.0,0.0,1.0,0.0,0.0,0.0,0.0,0.0,0.19249987816082756,0.25555555555555554,0.059999999999999984,0.0,0.0,0.0,0.19999999999999996,0.0,0.18278691272401335,0.0,0.0,0.0,2.0,algo_low_certainty_sampled,D:\בעלי תשובה\רונן  חזיזה\שמחה של מצווה,D:\בעלי תשובה\ארז משה דורון\004 זוגיות רוחנית
128.0,128.0,0.0,1.0,0.0,1.0,0.2809753868055855,0.6974116257476615,0.416436238942076,0.2555969699945765,0.6974116257476615,0.441814655753085,0.0,0.0,0.0,0.0,0.0,0.5881000002022988,0.46519396749118197,0.30852545879907195,0.0,0.0,0.0,0.375,0.0,0.40128239245547376,0.0,1.0,1.0,2.0,algo_low_certainty_sampled,D:\בעלי תשובה\יוסף קרדונר\בחירה,D:\בעלי תשובה\חיות  הקודש
128.0,166.4,38.400000000000006,0.7692307692307692,1.0,0.0,0.2859762415131112,0.2594066150567698,0.026569626456341366,1.0,0.2594066150567698,0.7405933849432302,1.0,1.0,1.0,0.0,0.0,0.0,0.0,0.0,0.0,0.0,0.0,0.0,0.0,0.0,0.0,0.0,0.0,2.0,algo_no_comparison_result_sampled,D:\בעלי תשובה\עדי רן\התבוננות,D:\בעלי תשובה\עדי רן\עדי רן - גלגל של הצלה
128.0,128.0,0.0,1.0,1.0,1.0,0.2755814301892734,1.0,0.7244185698107266,0.2755814301892734,0.0,0.2755814301892734,0.0,0.0,0.0,0.0,0.0,0.7283296583228329,0.20573682628731715,0.0,0.0,0.0,0.0,0.0,0.0,0.5126794921427857,0.0,1.0,1.0,2.0,algo_low_certainty_sampled,D:\בעלי תשובה\יהודה גלאנץ\Phinar,D:\בעלי תשובה\גיל עקביוב
128.0,128.0,0.0,1.0,0.0,1.0,0.6474081690747675,0.41880170358742175,0.22860646548734576,0.6474081690747675,0.41880170358742175,0.22860646548734576,0.0,0.0,0.0,0.0,0.0,0.44857212421229664,0.43075104719841567,0.27004973482097666,0.0,0.0,0.0,0.4,0.0,0.23188178206806073,0.0,1.0,1.0,2.0,algo_low_certainty_sampled,D:\בעלי תשובה\ברלינגר\משה לוי - טוב,D:\בעלי תשובה\ישראל דגן\סמכו על כוחי
128.0,128.0,0.0,1.0,0.0,0.0,0.39919417184261435,0.23094965439521678,0.16824451744739757,0.25183269050770285,0.23094965439521678,0.02088303611248607,0.0,0.0,0.0,0.0,0.0,0.0,0.0,0.0,0.0,0.0,0.0,0.0,0.0,0.0,0.0,0.0,0.0,2.0,algo_no_comparison_result_sampled,D:\בעלי תשובה\מיקי רוזנבאום\פסיפס-2,D:\בעלי תשובה\סיני\אספרה כבודך - סיני
128.0,32.0,96.0,0.25,0.0,1.0,0.6596002478820621,0.0,0.6596002478820621,0.8333333333333334,0.0,0.8333333333333334,0.0,0.0,0.0,0.0,0.0,0.5321017728343549,0.2210549238951036,0.0,0.0,0.0,0.0,0.18181818181818177,0.0,0.0,0.0,0.0,0.0,2.0,algo_low_certainty_sampled,D:\בעלי תשובה\המושב,D:\בעלי תשובה\ארז משה דורון\011 אחד היה אברהם
128.0,320.0,192.0,0.4,0.0,0.0,0.2280134555390086,0.2184054305612374,0.00960802497777119,0.25332720690615423,0.2184054305612374,0.03492177634491683,0.0,1.0,0.0,0.0,0.0,0.16553032561460868,0.4010790262460779,0.15306433317128504,0.050767414403778036,0.0641711229946524,0.0,0.2727272727272727,0.0,0.2711220231877991,0.0,0.0,0.0,2.0,algo_low_certainty_sampled,D:\בעלי תשובה\למען שמו באהבה,D:\בעלי תשובה\ישי ריבו\שטח אפור
128.0,128.0,0.0,1.0,0.0,0.0,1.0,0.40582510542562483,0.5941748945743752,0.0,0.2226164249693661,0.2226164249693661,0.0,0.0,0.0,0.0,0.0,0.5545000766748293,0.21001331466864426,0.0,0.0,0.0,0.0,0.23076923076923073,0.0,0.3192413584573434,0.0,0.1,0.0,2.0,algo_low_certainty_sampled,D:\בעלי תשובה\גיל עקביוב,D:\בעלי תשובה\יוסף (גלעד) קרדונר\סימנים בדרך - 01
128.0,128.0,0.0,1.0,0.0,1.0,0.27114163132912755,0.7874080873534178,0.5162664560242902,0.27114163132912755,0.7874080873534178,0.5162664560242902,0.0,0.0,0.0,0.0,0.0,0.695188613575807,0.2439068802352546,0.15788950937883134,0.0,0.0,0.0,0.15384615384615385,0.0,0.5237323163322212,0.0,1.0,1.0,2.0,algo_low_certainty_sampled,D:\בעלי תשובה\דב אינדיג\בת קול,D:\בעלי תשובה\המדרגות
128.0,128.0,0.0,1.0,0.0,0.0,1.0,0.4028413437474495,0.5971586562525505,1.0,0.2725157489002033,0.7274842510997968,0.0,0.0,0.0,0.0,0.0,0.6650173373537054,0.19438008489707276,0.06440308659348906,0.0,0.0,0.0,0.23529411764705888,0.0,0.4128627637944694,0.0,0.55,1.0,2.0,algo_low_certainty_sampled,D:\בעלי תשובה\יצחק שדהו,D:\בעלי תשובה\מאיר בנאי\שמע קולי
128.0,128.0,0.0,1.0,0.0,0.0,0.6387530961627489,0.3569665526970235,0.2817865434657254,0.2787580723284634,0.2755814301892734,0.00317664213919,0.0,0.0,0.0,0.0,0.0,0.5641772612022129,0.3637313329796744,0.2679703042055983,0.0,0.0,0.0,0.30000000000000004,0.0,0.3282463903432433,0.0,0.55,1.0,2.0,algo_low_certainty_sampled,D:\בעלי תשובה\ישראל דגן\עדיין יש תקווה,D:\בעלי תשובה\יהודה גלאנץ\פיונרו
128.0,128.0,0.0,1.0,0.0,0.0,0.2809753868055855,0.23306579697939106,0.04790958982619442,0.2555969699945765,0.23306579697939106,0.022531173015185424,0.0,0.0,0.0,0.0,0.0,0.5830015265794622,0.456990134904726,0.2306830596304281,0.0,0.024242424242424246,0.0,0.15384615384615385,0.0,0.41571434045288397,0.0,0.0,0.0,2.0,algo_low_certainty_sampled,D:\בעלי תשובה\יוסף קרדונר\בחירה,D:\בעלי תשובה\אודי אולמן\אודי - 3
128.0,32.0,96.0,0.25,1.0,1.0,0.675501164221651,0.0,0.675501164221651,0.675501164221651,0.0,0.675501164221651,0.0,0.0,0.0,0.0,0.0,0.31594316471728207,0.2374995550517372,0.0,0.0,0.0,0.0,0.26086956521739135,0.0,0.0,0.0,0.0,0.0,2.0,algo_low_certainty_sampled,D:\בעלי תשובה\ניסים גרמה,D:\בעלי תשובה\ארז משה דורון\019 לדבר עם ה
128.0,128.0,0.0,1.0,1.0,0.0,1.0,0.2941560623287137,0.7058439376712863,0.27844605035436915,0.0,0.27844605035436915,0.0,0.0,0.0,0.0,0.0,0.6402864388786751,0.19621031746031742,0.0,0.0,0.0,0.0,0.125,0.0,0.33527803003983864,0.0,0.0,0.0,2.0,algo_low_certainty_sampled,D:\בעלי תשובה\סנדי שמואלי\מחכים,D:\בעלי תשובה\עדי רן\אל תכה בסלע
128.0,166.4,38.400000000000006,0.7692307692307692,0.0,0.0,0.25256305214732394,0.2594066150567698,0.006843562909445877,0.25256305214732394,0.2594066150567698,0.006843562909445877,0.0,1.0,0.0,0.0,0.0,0.6321880209446439,0.4262205801860974,0.17115276794069365,0.0,0.0,0.0,0.3846153846153846,0.0,0.5847439895133751,0.0,1.0,1.0,2.0,algo_low_certainty_sampled,D:\בעלי תשובה\יערות דבש-יצחק אזולאי\יערות דבש השיר והשבחלחי העולמים,D:\בעלי תשובה\עדי רן\עדי רן - גלגל של הצלה
128.0,128.0,0.0,1.0,1.0,1.0,0.24951725891354376,0.25256305214732394,0.0030457932337801807,0.24951725891354376,0.25256305214732394,0.0030457932337801807,0.0,0.0,0.0,0.0,0.0,0.41536797929470615,0.4778023076373901,0.19264513264513267,0.0,0.0,0.0,0.3902439024390244,0.0,0.15627970519978693,0.0,1.0,1.0,2.0,algo_low_certainty_sampled,D:\בעלי תשובה\דני ממן\זה שיר שבח,D:\בעלי תשובה\יערות דבש-יצחק אזולאי\יערות דבש השיר והשבחלחי העולמים
32.0,32.0,0.0,1.0,1.0,1.0,0.0,0.0,0.0,0.0,0.0,0.0,0.0,0.0,0.0,0.0,0.0,0.514416273319201,0.7142857142857143,0.33333333333333337,0.0,0.0,0.0,0.23076923076923073,0.0,0.30940342951774236,0.0,1.0,1.0,2.0,algo_low_certainty_sampled,D:\בעלי תשובה\ארז משה דורון\005 ניקוי הראש,D:\בעלי תשובה\ארז משה דורון\000[066] כסף
128.0,128.0,0.0,1.0,0.0,0.0,0.675501164221651,0.29365193145651797,0.381849232765133,0.675501164221651,1.0,0.32449883577834904,0.0,0.0,0.0,0.0,0.0,0.548049893613178,0.40789322160993535,0.028020617165354013,0.0,0.0,0.0,0.36363636363636365,0.0,0.2663313792564171,0.0,1.0,1.0,2.0,algo_low_certainty_sampled,D:\בעלי תשובה\ניסים גרמה,D:\בעלי תשובה\ברלינגר\משה לוי - טוב\מים עמוקים-1
32.0,32.0,0.0,1.0,1.0,1.0,0.0,0.0,0.0,0.0,0.0,0.0,0.0,0.0,0.0,0.0,0.0,0.7266920291746994,0.7692307692307692,0.4,0.0,0.0,0.0,0.3125,0.0,0.6338176029850799,0.0,1.0,1.0,2.0,algo_low_certainty_sampled,D:\בעלי תשובה\ארז משה דורון\013 צא אל השדות,D:\בעלי תשובה\ארז משה דורון\004 זוגיות רוחנית
320.0,128.0,192.0,0.4,0.0,0.0,1.0,1.0,0.0,1.0,1.0,0.0,0.0,0.0,0.0,0.0,0.0,0.122209223494982,0.40193050193050184,0.06972789115646259,0.0,0.0,0.0,0.25,0.0,0.23285445263198962,0.0,1.0,1.0,2.0,algo_low_certainty_sampled,D:\בעלי תשובה\יצחק פוקס\יצחק פוקס בעת ההיא\בעת ההיא,D:\בעלי תשובה\ברלינגר\מתתיהו 1
128.0,128.0,0.0,1.0,0.0,1.0,0.25729658680382567,0.2809753868055855,0.023678800001759814,0.25645829152593796,0.2555969699945765,0.0008613215313614808,0.0,0.0,0.0,0.0,0.0,0.5654458195347172,0.4668509927735153,0.25412953060011884,0.0,0.0,0.0,0.19999999999999996,0.0,0.23861414161462707,0.0,1.0,1.0,2.0,algo_low_certainty_sampled,D:\בעלי תשובה\צבי זלבסקי\פה ושם אני רוקד,D:\בעלי תשובה\יוסף קרדונר\בחירה
128.0,128.0,0.0,1.0,0.0,0.0,0.37977690175096385,0.27622047176536346,0.10355642998560038,0.23290542901652928,0.27622047176536346,0.04331504274883419,0.0,0.0,0.0,0.0,0.0,0.626806260891046,0.4332237829710434,0.26450052004500785,0.0,0.0,0.0,0.2727272727272727,0.0,0.3811104383321389,0.0,0.0,0.0,2.0,algo_low_certainty_sampled,D:\בעלי תשובה\יוסף (גלעד) קרדונר\כל העולם - 02,D:\בעלי תשובה\עקיבא מרגליות\לאורו נלך
160.0,320.0,160.0,0.5,1.0,1.0,0.22423017210857654,0.31856504208855146,0.09433486997997492,0.22423017210857654,0.31856504208855146,0.09433486997997492,0.0,0.0,0.0,0.0,0.0,0.6252226210934672,0.44305608253423073,0.25334568304820027,0.0,0.0,0.0,0.125,0.0,0.1372320247648365,0.0,1.0,1.0,2.0,algo_low_certainty_sampled,D:\בעלי תשובה\מים 1,D:\בעלי תשובה\אהוד בר לוי
128.0,98.9090909090909,29.090909090909093,0.7727272727272727,1.0,1.0,1.0,0.2270135150184752,0.7729864849815248,0.0,0.2270135150184752,0.2270135150184752,0.0,0.0,0.0,0.0,0.0,0.33935356824376134,0.193207078384944,0.0,0.0,0.0,0.0,0.16666666666666663,0.0,0.3246960357286154,0.0,1.0,1.0,2.0,algo_low_certainty_sampled,D:\בעלי תשובה\חיים דוד סרצ'יק\מצור דבש,D:\בעלי תשובה\יצחק פוקס\פוקס
32.0,32.0,0.0,1.0,1.0,1.0,0.0,0.0,0.0,0.0,0.0,0.0,0.0,0.0,0.0,0.0,0.0,0.4467806411243369,0.7692307692307692,0.39999999999999997,0.0,0.0,0.0,0.30434782608695654,0.0,0.0,0.0,1.0,1.0,2.0,algo_low_certainty_sampled,D:\בעלי תשובה\ארז משה דורון\000[022] איך זוכים לחיות באמת,D:\בעלי תשובה\ארז משה דורון\007 המסיבה הגדולה
192.0,320.0,128.0,0.6,0.0,0.0,0.6993872645079584,0.2643842694212485,0.4350029950867099,0.27946841589077837,0.2643842694212485,0.01508414646952988,0.0,0.0,0.0,0.0,0.0,0.0,0.0,0.0,0.0,0.0,0.0,0.0,0.0,0.0,0.0,0.0,0.0,2.0,algo_no_comparison_result_sampled,D:\בעלי תשובה\אהרון רזאל\אהבת חינם,D:\בעלי תשובה\אהרון רזאל\להיות מחובר
128.0,128.0,0.0,1.0,0.0,0.0,1.0,0.2016140369955885,0.7983859630044114,0.0,0.2016140369955885,0.2016140369955885,0.0,0.0,0.0,0.0,0.0,0.6902725913126013,0.18568437176670616,0.0,0.0,0.21052631578947364,0.0,0.23076923076923073,0.0,0.5103195289875729,0.0,0.0,0.0,2.0,algo_low_certainty_sampled,D:\בעלי תשובה\אליך-יריב גולדמן,D:\בעלי תשובה\ק'ן ברג'ס\בנה מלכותו
128.0,128.0,0.0,1.0,0.0,0.0,0.40024241465807686,0.2889764430020933,0.11126597165598356,0.29184619831127967,0.2889764430020933,0.0028697553091863726,0.0,0.0,0.0,0.0,0.0,0.6299454052802436,0.4128266221675765,0.24785961859491273,0.0,0.0,0.0,0.27586206896551724,0.0,0.3836061514317887,0.0,0.0,0.0,2.0,algo_low_certainty_sampled,D:\בעלי תשובה\אלטרנטיבי\להקת המדרגות-בפתח הדלת,D:\בעלי תשובה\דני גולן\דני גולן והחברים\לב טהור
32.0,128.0,96.0,0.25,0.0,1.0,0.0,1.0,1.0,1.0,1.0,0.0,0.0,0.0,0.0,0.0,0.0,0.36590831879033314,0.12121212121212122,0.03448275862068967,0.0,0.0,0.0,0.19999999999999996,0.0,0.0,0.0,0.0,0.0,2.0,algo_low_certainty_sampled,D:\בעלי תשובה\ארז משה דורון\000[096] סוד הויתור,D:\בעלי תשובה\יחיא אזולאי
128.0,32.0,96.0,0.25,0.0,0.0,0.6499881692003374,0.0,0.6499881692003374,0.6499881692003374,0.0,0.6499881692003374,0.0,0.0,0.0,0.0,0.0,0.1508375934763734,0.2529721174882465,0.01999999999999999,0.0,0.0,0.0,0.23076923076923073,0.0,0.0,0.0,0.0,0.0,2.0,algo_low_certainty_sampled,D:\בעלי תשובה\ישראל דגן\לכבוד רשב'י,D:\בעלי תשובה\ארז משה דורון\028 חינוך ילדים
32.0,32.0,0.0,1.0,1.0,1.0,0.0,0.0,0.0,0.0,0.0,0.0,0.0,0.0,0.0,0.0,0.0,0.6115027007265932,0.6666666666666667,0.2857142857142857,0.0,0.0,0.0,0.5,0.0,0.568959478276631,0.0,1.0,1.0,2.0,algo_low_certainty_sampled,D:\בעלי תשובה\ארז משה דורון\000[023] מעלת השמחה,D:\בעלי תשובה\ארז משה דורון\000[068] להאמין בעצמו
32.0,32.0,0.0,1.0,1.0,1.0,0.0,0.0,0.0,0.0,0.0,0.0,0.0,0.0,0.0,0.0,0.0,0.8920554504437508,0.6666666666666667,0.3571428571428571,0.0,0.0,0.0,0.4,0.0,0.75,0.0,1.0,1.0,2.0,algo_low_certainty_sampled,D:\בעלי תשובה\ארז משה דורון\032 תשובה מאהבה,D:\בעלי תשובה\ארז משה דורון\062 להוציא מהכוח אל הפועל
32.0,32.0,0.0,1.0,1.0,1.0,0.0,0.0,0.0,0.0,0.0,0.0,0.0,0.0,0.0,0.0,0.0,0.703404497778013,0.8571428571428573,0.6666666666666667,0.0,0.0,0.0,0.3902439024390244,0.0,0.35187883600566383,0.0,1.0,1.0,2.0,algo_low_certainty_sampled,D:\בעלי תשובה\ארז משה דורון\013 צא אל השדות,D:\בעלי תשובה\ארז משה דורון\014 אין שום יאוש בעולם כלל
128.0,128.0,0.0,1.0,0.0,0.0,0.2727991566036579,0.29698772961930864,0.02418857301565075,0.27455635043139537,1.0,0.7254436495686046,0.0,0.0,0.0,0.0,0.0,0.6332509789397297,0.4221164194699848,0.0479576883384933,0.0,0.0,0.0,0.1428571428571429,0.0,0.39484342695940877,0.0,1.0,1.0,2.0,algo_low_certainty_sampled,D:\בעלי תשובה\ישעיה חסיד\אחד,D:\בעלי תשובה\אחישנה\לך ה' אלוקי
320.0,128.0,192.0,0.4,0.0,0.0,0.2184054305612374,0.2873753124937582,0.0689698819325208,0.2184054305612374,0.2873753124937582,0.0689698819325208,1.0,0.0,0.0,0.0,0.0,0.0,0.0,0.0,0.0,0.0,0.0,0.0,0.0,0.0,0.0,0.0,0.0,2.0,algo_no_comparison_result_sampled,D:\בעלי תשובה\ישי ריבו\שטח אפור,D:\בעלי תשובה\אברהם אבוטבול\בית הקדושה
128.0,32.0,96.0,0.25,1.0,1.0,0.24716295043511743,0.0,0.24716295043511743,0.24716295043511743,0.0,0.24716295043511743,0.0,0.0,0.0,0.0,0.0,0.33456091720749365,0.40567802080959975,0.0,0.0,0.0,0.0,0.25,0.0,0.0,0.0,0.0,0.0,2.0,algo_low_certainty_sampled,D:\בעלי תשובה\ישראל אזרחי\יכירו וידעו,D:\בעלי תשובה\ארז משה דורון\019 לדבר עם ה
112.0,128.0,16.0,0.875,0.0,0.0,0.33110121955480315,0.29722377157744806,0.03387744797735509,0.2588312282270321,0.29722377157744806,0.038392543350415975,0.0,0.0,0.0,0.0,0.0,0.4235740119816186,0.41616631407523447,0.27186937987853316,0.13333333333333328,0.3652287581699347,0.0,0.33333333333333337,0.0,0.15418682736185457,0.0,0.0,0.0,2.0,algo_low_certainty_sampled,D:\בעלי תשובה\איירה הלר\איירה הלר - אגודה,D:\בעלי תשובה\ברלינגר\אהוד בנאי\שיר חדש
128.0,128.0,0.0,1.0,0.0,0.0,0.2844109435360347,0.4601311768377076,0.1757202333016729,0.2844109435360347,0.4601311768377076,0.1757202333016729,1.0,0.0,0.0,0.0,0.0,0.6663525519942547,0.4054789933911797,0.2694983184505096,0.0,0.0,0.0,0.24,0.0,0.46383690508623127,0.0,1.0,1.0,2.0,algo_low_certainty_sampled,D:\בעלי תשובה\אודי דוידי\אודי דוידי - בן אהוב,D:\בעלי תשובה\יונתן
128.0,128.0,0.0,1.0,0.0,1.0,0.3022111170984259,0.2330104184381377,0.06920069866028822,0.3022111170984259,0.18359844124657437,0.11861267585185153,0.0,0.0,0.0,0.0,0.0,0.08913392460919674,0.36548376954794065,0.07447002730841251,0.0,0.0075757575757575794,0.0,0.19999999999999996,0.0,0.0,0.0,1.0,1.0,2.0,algo_low_certainty_sampled,D:\בעלי תשובה\ישראל דגן\דגן חתונות\משה אטיאס,D:\בעלי תשובה\יוסף קרדונר\סימנים בדרך
128.0,128.0,0.0,1.0,0.0,0.0,0.27622047176536346,0.2139713364504999,0.06224913531486356,0.27622047176536346,0.21586764519215973,0.06035282657320373,0.0,0.0,0.0,0.0,0.0,0.4875059531509667,0.5184182981416184,0.2883882301205689,0.0,0.0,0.0,0.33333333333333337,0.0,0.2689366758814216,0.0,0.0,0.0,2.0,algo_low_certainty_sampled,D:\בעלי תשובה\עקיבא מרגליות\לאורו נלך,D:\בעלי תשובה\אנסמבל שם-טוב לוי\תחנות רוח
32.0,32.0,0.0,1.0,1.0,1.0,0.0,0.0,0.0,0.0,0.0,0.0,0.0,0.0,0.0,0.0,0.0,0.5409005016291221,0.7692307692307692,0.4,0.0,0.0,0.0,0.3125,0.0,0.33439213558998476,0.0,1.0,1.0,2.0,algo_low_certainty_sampled,D:\בעלי תשובה\ארז משה דורון\005 ניקוי הראש,D:\בעלי תשובה\ארז משה דורון\012 אסור להיות זקן
320.0,128.0,192.0,0.4,0.0,0.0,0.45042736031577224,0.24746292294408634,0.2029644373716859,0.45042736031577224,0.24746292294408634,0.2029644373716859,0.0,0.0,0.0,0.0,0.0,0.0,0.0,0.0,0.0,0.0,0.0,0.0,0.0,0.0,0.0,0.0,0.0,2.0,algo_no_comparison_result_sampled,D:\בעלי תשובה\יאיר כלב\הרב יאיר כלב ולהקת א גרויסע מציאה\עצם הנשמה,D:\בעלי תשובה\עדי רן\עדי רן והגיטרה - 2
320.0,320.0,0.0,1.0,0.0,0.0,1.0,0.6733800968690087,0.3266199031309913,1.0,0.3065353641482236,0.6934646358517764,0.0,0.0,0.0,0.0,0.0,0.0,0.0,0.0,0.0,0.0,0.0,0.0,0.0,0.0,0.0,0.0,0.0,2.0,algo_no_comparison_result_sampled,D:\בעלי תשובה\יצחק פוקס\יצחק פוקס בעת ההיא\בעת ההיא,D:\בעלי תשובה\ברלינגר\אהוד בנאי\רסיסי לילה-אהוד בנאי
128.0,128.0,0.0,1.0,0.0,0.0,0.37977690175096385,0.26316833264670075,0.1166085691042631,0.23290542901652928,0.26316833264670075,0.030262903630171478,0.0,0.0,0.0,0.0,0.0,0.0,0.0,0.0,0.0,0.0,0.0,0.0,0.0,0.0,0.0,0.0,0.0,2.0,algo_no_comparison_result_sampled,D:\בעלי תשובה\יוסף (גלעד) קרדונר\כל העולם - 02,D:\בעלי תשובה\ירמיהו\כנגן המנגן
128.0,192.0,64.0,0.6666666666666666,0.0,0.0,0.26316833264670075,0.3602569865901291,0.09708865394342836,0.26316833264670075,0.20396713382961987,0.059201198817080886,0.0,1.0,0.0,0.0,0.0,0.0,0.0,0.0,0.0,0.0,0.0,0.0,0.0,0.0,0.0,0.0,0.0,2.0,algo_no_comparison_result_sampled,D:\בעלי תשובה\ירמיהו\כנגן המנגן,D:\בעלי תשובה\שולי רנד\הופעה בקיסריה\שולי רנד - בקיסריה\דיסק 2
128.0,128.0,0.0,1.0,0.0,0.0,0.23094965439521678,0.30704742811940955,0.07609777372419277,0.23094965439521678,0.30704742811940955,0.07609777372419277,0.0,0.0,0.0,0.0,0.0,0.7096526622557054,0.4962935689669098,0.25861709097003216,0.0,0.0,0.0,0.14814814814814814,0.0,0.5408176153980647,0.0,0.0,0.0,2.0,algo_low_certainty_sampled,D:\בעלי תשובה\סיני\אספרה כבודך - סיני,D:\בעלי תשובה\דני ממן\נהר המטהר
32.0,128.0,96.0,0.25,0.0,1.0,0.0,1.0,1.0,0.0,1.0,1.0,0.0,0.0,0.0,0.0,0.0,0.2305932279802921,0.25263157894736843,0.09454545454545453,0.0,0.0,0.0,0.2857142857142857,0.0,0.0,0.0,0.0,0.0,2.0,algo_low_certainty_sampled,D:\בעלי תשובה\ארז משה דורון\013 צא אל השדות,D:\בעלי תשובה\רונן  חזיזה\שמחה של מצווה
128.0,128.0,0.0,1.0,0.0,0.0,0.22711722683296007,0.27700884219937516,0.04989161536641509,0.22711722683296007,0.27700884219937516,0.04989161536641509,0.0,0.0,0.0,0.0,0.0,0.0,0.0,0.0,0.0,0.0,0.0,0.0,0.0,0.0,0.0,0.0,0.0,2.0,algo_no_comparison_result_sampled,D:\בעלי תשובה\יניב\קומי אורי,D:\בעלי תשובה\עדי רן\עדי רן והגיטרה - 1
160.0,128.0,32.0,0.8,0.0,0.0,0.27238638174643265,1.0,0.7276136182535673,0.27238638174643265,1.0,0.7276136182535673,0.0,1.0,0.0,0.0,0.0,0.5045054544032246,0.23072390693990455,0.1227612104722997,0.0,0.0,0.0,0.1333333333333333,0.0,0.11837140185859947,0.0,1.0,1.0,2.0,algo_low_certainty_sampled,D:\בעלי תשובה\אהרון רזאל\זמן הגאולה,D:\בעלי תשובה\יצחק מאיר\נשמות חדשות\חלק 2
32.0,128.0,96.0,0.25,1.0,1.0,0.0,0.4407025534851622,0.4407025534851622,0.0,0.4407025534851622,0.4407025534851622,0.0,0.0,0.0,0.0,0.0,0.30216931187082474,0.3709090909090909,0.049624060150375945,0.0,0.0,0.0,0.23076923076923073,0.0,0.2,0.0,0.0,0.0,2.0,algo_low_certainty_sampled,D:\בעלי תשובה\ארז משה דורון\013 צא אל השדות,D:\בעלי תשובה\ישראל דגן\מחול צדיקים
128.0,128.0,0.0,1.0,0.0,0.0,0.3462975584756755,0.29698772961930864,0.049309828856366866,0.3462975584756755,1.0,0.6537024415243244,0.0,0.0,0.0,0.0,0.0,0.5085932960972346,0.5602121721750204,0.08653681406312985,0.0,0.0,0.0,0.2857142857142857,0.0,0.2,0.0,1.0,1.0,2.0,algo_low_certainty_sampled,D:\בעלי תשובה\ישראל דגן\נפשי החזקה,D:\בעלי תשובה\אחישנה\לך ה' אלוקי
32.0,123.42857142857143,91.42857142857143,0.25925925925925924,0.0,1.0,0.0,0.660156550265895,0.660156550265895,0.0,0.8433164511595885,0.8433164511595885,0.0,0.0,0.0,0.0,0.0,0.17148112381925837,0.21882090832824522,0.04080722085350023,0.0,0.0,0.0,0.2857142857142857,0.0,0.0,0.0,0.0,0.0,2.0,algo_low_certainty_sampled,D:\בעלי תשובה\ארז משה דורון\101 מעשה מברגר ועני ב,D:\בעלי תשובה\ישראל דגן\דגן- הופעה חיה
32.0,32.0,0.0,1.0,1.0,1.0,0.0,0.0,0.0,0.0,0.0,0.0,0.0,0.0,0.0,0.0,0.0,0.5992173110741218,0.7142857142857143,0.4,0.0,0.0,0.0,0.3571428571428571,0.0,0.43085213862182864,0.0,1.0,1.0,2.0,algo_low_certainty_sampled,D:\בעלי תשובה\ארז משה דורון\002 בעל תפילה,D:\בעלי תשובה\ארז משה דורון\013 צא אל השדות
128.0,128.0,0.0,1.0,0.0,0.0,0.16695626115026194,0.2249296836256957,0.05797342247543377,0.3159297285377116,0.2249296836256957,0.09100004491201591,0.0,0.0,0.0,0.0,0.0,0.0,0.0,0.0,0.0,0.0,0.0,0.0,0.0,0.0,0.0,0.0,0.0,2.0,algo_no_comparison_result_sampled,D:\בעלי תשובה\אהרון רזאל\סנה בוער,D:\בעלי תשובה\שולי רנד\בצוותא
32.0,128.0,96.0,0.25,0.0,0.0,0.0,0.29365193145651797,0.29365193145651797,0.0,1.0,1.0,0.0,0.0,0.0,0.0,0.0,0.3212506790094256,0.3494582463630146,0.03125,0.0,0.0,0.0,0.24,0.0,0.11227861437691758,0.0,0.0,0.0,2.0,algo_low_certainty_sampled,D:\בעלי תשובה\ארז משה דורון\019 לדבר עם ה,D:\בעלי תשובה\ברלינגר\משה לוי - טוב\מים עמוקים-1
320.0,128.0,192.0,0.4,0.0,1.0,0.269820031736722,0.8181818181818182,0.5483617864450963,0.269820031736722,0.0,0.269820031736722,0.0,0.0,0.0,0.0,0.0,0.20412910949203414,0.23924265238494485,0.013986013986013986,0.0,0.0,0.0,0.19047619047619047,0.0,0.45309274640824443,0.0,1.0,1.0,2.0,algo_low_certainty_sampled,D:\בעלי תשובה\חיים דוד סרצ'יק\היום,D:\בעלי תשובה\חיים דוד סרצ'יק\היום\1-זה כפול נא לסדר
192.0,128.0,64.0,0.6666666666666666,0.0,0.0,0.6993872645079584,0.2918023180740775,0.4075849464338809,0.27946841589077837,0.28317402612751363,0.0037056102367352683,0.0,0.0,0.0,0.0,0.0,0.0,0.0,0.0,0.0,0.0,0.0,0.0,0.0,0.0,0.0,0.0,0.0,2.0,algo_no_comparison_result_sampled,D:\בעלי תשובה\אהרון רזאל\אהבת חינם,D:\בעלי תשובה\ק'ן ברג'ס\לא לבד במדבר
320.0,32.0,288.0,0.1,0.0,0.0,0.4266569804539248,0.0,0.4266569804539248,0.4266569804539248,0.0,0.4266569804539248,0.0,0.0,0.0,0.0,0.0,0.12372648327491909,0.4032267115600449,0.12147709961177454,0.0,0.0,0.0,0.26315789473684215,0.0,0.0,0.0,0.0,0.0,2.0,algo_low_certainty_sampled,D:\בעלי תשובה\עמיר בניון\עמיר בניון - המקלט,D:\בעלי תשובה\ארז משה דורון\010 ארץ אוכלת יושביה
32.0,32.0,0.0,1.0,1.0,1.0,0.0,0.0,0.0,0.0,0.0,0.0,0.0,0.0,0.0,0.0,0.0,0.6347667043466636,0.6666666666666667,0.2857142857142857,0.0,0.0,0.0,0.3555555555555555,0.0,0.4758068178002149,0.0,1.0,1.0,2.0,algo_low_certainty_sampled,D:\בעלי תשובה\ארז משה דורון\014 אין שום יאוש בעולם כלל,D:\בעלי תשובה\ארז משה דורון\079 הגיע זמן הגאולה
128.0,128.0,0.0,1.0,0.0,0.0,0.40582510542562483,0.25256305214732394,0.1532620532783009,0.2226164249693661,0.25256305214732394,0.029946627177957846,0.0,0.0,0.0,0.0,0.0,0.6508088135064982,0.4228871227356171,0.21144945697577278,0.0,0.0,0.0,0.25531914893617025,0.0,0.4691511933999645,0.0,0.0,0.0,2.0,algo_low_certainty_sampled,D:\בעלי תשובה\יוסף (גלעד) קרדונר\סימנים בדרך - 01,D:\בעלי תשובה\יערות דבש-יצחק אזולאי\יערות דבש השיר והשבחלחי העולמים
320.0,128.0,192.0,0.4,0.0,0.0,0.4637226853878569,0.24746292294408634,0.21625976244377054,0.4626829626472544,0.24746292294408634,0.21522003970316805,0.0,0.0,0.0,0.0,0.0,0.0,0.0,0.0,0.0,0.0,0.0,0.0,0.0,0.0,0.0,0.0,0.0,2.0,algo_no_comparison_result_sampled,D:\בעלי תשובה\יאיר כלב\עצם הנשמה 3,D:\בעלי תשובה\עדי רן\עדי רן והגיטרה - 2
128.0,160.0,32.0,0.8,0.0,0.0,0.7180435668882397,0.38524365674718647,0.3327999101410532,0.7180435668882397,0.38524365674718647,0.3327999101410532,0.0,0.0,0.0,0.0,0.0,0.8098309728431569,0.2584907924263778,0.1720520476018415,0.0,0.0,0.0,0.19354838709677424,0.0,0.29949497703508143,0.0,0.0,0.0,2.0,algo_low_certainty_sampled,D:\בעלי תשובה\מערבה מכאן,D:\בעלי תשובה\אלטרנטיבי\להקת נפקא מינה-גשר צר
128.0,128.0,0.0,1.0,0.0,1.0,1.0,1.0,0.0,0.3076843579947969,0.0,0.3076843579947969,0.0,0.0,0.0,0.0,0.0,0.2241525966964432,0.4379666227492315,0.0,0.0,0.0,0.0,0.19999999999999996,0.0,0.0,0.0,0.5555555555555556,1.0,2.0,algo_low_certainty_sampled,D:\בעלי תשובה\מיקי רוזנבאום\פסיפס,D:\בעלי תשובה\ישראל דגן\דגן חתונות\יוחנן
56.0,128.0,72.0,0.4375,0.0,1.0,0.7537098401213115,0.25256305214732394,0.5011467879739875,0.2459984041872587,0.25256305214732394,0.0065646479600652285,0.0,0.0,0.0,0.0,0.0,0.37441376853027075,0.2597962295812238,0.21621937312474399,0.0,0.0,0.0,0.2702702702702703,0.0,0.3444320919468965,0.0,1.0,1.0,2.0,algo_low_certainty_sampled,D:\בעלי תשובה\סנדי שמואלי\עד מתי,D:\בעלי תשובה\יערות דבש-יצחק אזולאי\יערות דבש השיר והשבחלחי העולמים
128.0,128.0,0.0,1.0,1.0,1.0,0.2941560623287137,0.2499528889962427,0.04420317333247101,0.0,0.2499528889962427,0.2499528889962427,0.0,0.0,0.0,0.0,0.0,0.6448197448301023,0.4893729616531658,0.0,0.0,0.0,0.0,0.0,0.0,0.4445156702640305,0.0,0.0,0.0,2.0,algo_low_certainty_sampled,D:\בעלי תשובה\עדי רן\אל תכה בסלע,D:\בעלי תשובה\דני
32.0,153.6,121.6,0.20833333333333334,1.0,1.0,0.0,0.7400588508887702,0.7400588508887702,0.0,0.7400588508887702,0.7400588508887702,0.0,0.0,0.0,0.0,0.0,0.5423289542431049,0.15516708381482905,0.010079529192889833,0.0,0.0,0.0,0.07999999999999996,0.0,0.0,0.0,0.0,0.0,2.0,algo_low_certainty_sampled,D:\בעלי תשובה\ארז משה דורון\000[023] מעלת השמחה,D:\בעלי תשובה\אבולוף
128.0,128.0,0.0,1.0,0.0,0.0,0.37977690175096385,0.8181818181818182,0.4384049164308544,0.23290542901652928,0.0,0.23290542901652928,0.0,0.0,0.0,0.0,0.0,0.48494991047061264,0.23464442098467272,0.0202020202020202,0.0,0.03409090909090909,0.0,0.33333333333333337,0.0,0.22595191940393,0.0,0.0,0.0,2.0,algo_low_certainty_sampled,D:\בעלי תשובה\יוסף (גלעד) קרדונר\כל העולם - 02,D:\בעלי תשובה\חיים דוד סרצ'יק\היום\1-זה כפול נא לסדר
128.0,96.0,32.0,0.75,0.0,0.0,0.5556271404987482,0.7141580422083057,0.15853090170955753,0.309324224284178,0.26794241943258684,0.04138180485159115,0.0,0.0,0.0,0.0,0.0,0.0,0.0,0.0,0.0,0.0,0.0,0.0,0.0,0.0,0.0,0.0,0.0,2.0,algo_no_comparison_result_sampled,D:\בעלי תשובה\הזמיר\נוסע לאומן,D:\בעלי תשובה\אודי אולמן\אגודה אחת
129.77777777777777,128.0,1.7777777777777715,0.9863013698630138,0.0,0.0,0.2639767313285904,0.16695626115026194,0.09702047017832846,0.16590077661212185,0.3159297285377116,0.15002895192558977,0.0,0.0,0.0,0.0,0.0,0.0,0.0,0.0,0.0,0.0,0.0,0.0,0.0,0.0,0.0,0.0,0.0,2.0,algo_no_comparison_result_sampled,D:\בעלי תשובה\עדי רן\האחרון שבעם,D:\בעלי תשובה\אהרון רזאל\סנה בוער
128.0,128.0,0.0,1.0,0.0,0.0,0.27700884219937516,0.2873753124937582,0.010366470294383034,0.27700884219937516,0.2873753124937582,0.010366470294383034,0.0,0.0,0.0,0.0,0.0,0.0,0.0,0.0,0.0,0.0,0.0,0.0,0.0,0.0,0.0,0.0,0.0,2.0,algo_no_comparison_result_sampled,D:\בעלי תשובה\עדי רן\עדי רן והגיטרה - 1,D:\בעלי תשובה\אברהם אבוטבול\בית הקדושה
128.0,128.0,0.0,1.0,0.0,0.0,0.22711722683296007,0.2409177614286613,0.013800534595701242,0.22711722683296007,0.2393952727002871,0.012278045867327031,0.0,0.0,0.0,0.0,0.0,0.0,0.0,0.0,0.0,0.0,0.0,0.0,0.0,0.0,0.0,0.0,0.0,2.0,algo_no_comparison_result_sampled,D:\בעלי תשובה\יניב\קומי אורי,D:\בעלי תשובה\שולי רנד\שולי רנד קיסריה
128.0,160.0,32.0,0.8,0.0,0.0,1.0,0.2150137524440931,0.7849862475559068,0.0,0.18847562874257065,0.18847562874257065,0.0,0.0,0.0,0.0,0.0,0.25980481781383186,0.21734861820102092,0.0,0.0,0.0,0.0,0.2857142857142857,0.0,0.15059813510994835,0.0,0.55,1.0,2.0,algo_low_certainty_sampled,D:\בעלי תשובה\גיל עקביוב,D:\בעלי תשובה\ברק כהן\ברק כהן עם דובי גינז\עונג
128.0,160.0,32.0,0.8,0.0,0.0,0.264503876615915,0.22423017210857654,0.04027370450733847,1.0,0.22423017210857654,0.7757698278914235,0.0,0.0,0.0,0.0,0.0,0.3136283837178065,0.4283993783993784,0.10673898281315161,0.0,0.0,0.0,0.2666666666666667,0.0,0.15941091827895765,0.0,1.0,1.0,2.0,algo_low_certainty_sampled,D:\בעלי תשובה\אסף נגל\אדיר במרום,D:\בעלי תשובה\מים 1
128.0,96.0,32.0,0.75,0.0,0.0,1.0,0.24974139732911663,0.7502586026708834,1.0,0.24974139732911663,0.7502586026708834,0.0,0.0,0.0,0.0,0.0,0.0,0.0,0.0,0.0,0.0,0.0,0.0,0.0,0.0,0.0,0.0,0.0,2.0,algo_no_comparison_result_sampled,D:\בעלי תשובה\נפתלי גולד,D:\בעלי תשובה\קול אחי\השקיפה
128.0,64.0,64.0,0.5,0.0,0.0,1.0,0.24337572331410295,0.756624276685897,1.0,0.4669122431312358,0.5330877568687642,0.0,0.0,0.0,0.0,0.0,0.3037347997741073,0.19656133144548477,0.026534802916381866,0.0,0.0,0.0,0.15384615384615385,0.0,0.561964158390232,0.0,1.0,1.0,2.0,algo_low_certainty_sampled,D:\בעלי תשובה\נפתלי גולד,D:\בעלי תשובה\אודי טופלברג\מים
98.9090909090909,128.0,29.090909090909093,0.7727272727272727,0.0,1.0,0.2270135150184752,0.3022111170984259,0.07519760207995071,0.2270135150184752,0.3022111170984259,0.07519760207995071,0.0,0.0,0.0,0.0,0.0,0.06380162058701741,0.3695539129267144,0.0632867132867133,0.0,0.0,0.0,0.15384615384615385,0.0,0.0,0.0,1.0,1.0,2.0,algo_low_certainty_sampled,D:\בעלי תשובה\יצחק פוקס\פוקס,D:\בעלי תשובה\ישראל דגן\דגן חתונות\משה אטיאס
128.0,128.0,0.0,1.0,0.0,0.0,0.7874080873534178,0.22711722683296007,0.5602908605204577,0.7874080873534178,0.22711722683296007,0.5602908605204577,0.0,0.0,0.0,0.0,0.0,0.8206675726437829,0.24151776095954638,0.1474163929936852,0.0,0.0,0.0,0.25,0.0,0.647827495353559,0.0,1.0,1.0,2.0,algo_low_certainty_sampled,D:\בעלי תשובה\המדרגות,D:\בעלי תשובה\יניב\קומי אורי
128.0,320.0,192.0,0.4,0.0,0.0,0.27700884219937516,0.269820031736722,0.0071888104626531835,0.27700884219937516,0.269820031736722,0.0071888104626531835,0.0,0.0,0.0,0.0,0.0,0.24321324820315685,0.4356078608211149,0.22305628326015264,0.0,0.0,0.0,0.18181818181818177,0.0,0.5961465297166689,0.0,0.0,0.0,2.0,algo_low_certainty_sampled,D:\בעלי תשובה\עדי רן\עדי רן והגיטרה - 1,D:\בעלי תשובה\חיים דוד סרצ'יק\היום
128.0,96.0,32.0,0.75,0.0,0.0,0.2941560623287137,0.22190442340597138,0.07225163892274233,0.0,0.22190442340597138,0.22190442340597138,0.0,0.0,0.0,0.0,0.0,0.40774106794292686,0.4724347542698368,0.0,0.0,0.0,0.0,0.2666666666666667,0.0,0.34924536195350875,0.0,0.0,0.0,2.0,algo_low_certainty_sampled,D:\בעלי תשובה\עדי רן\אל תכה בסלע,D:\בעלי תשובה\קול אחי\הללו
128.0,128.0,0.0,1.0,0.0,1.0,0.27622047176536346,0.7874080873534178,0.5111876155880544,0.27622047176536346,0.7874080873534178,0.5111876155880544,0.0,0.0,0.0,0.0,0.0,0.7546802222644199,0.23186464479334665,0.14287078399542788,0.0,0.0,0.0,0.25,0.0,0.7284594788793789,0.0,1.0,1.0,2.0,algo_low_certainty_sampled,D:\בעלי תשובה\עקיבא מרגליות\לאורו נלך,D:\בעלי תשובה\המדרגות
32.0,32.0,0.0,1.0,1.0,1.0,0.0,0.0,0.0,0.0,0.0,0.0,0.0,0.0,0.0,0.0,0.0,0.7158972300572041,0.7692307692307692,0.4,0.0,0.0,0.0,0.35,0.0,0.5029989442541073,0.0,1.0,1.0,2.0,algo_low_certainty_sampled,D:\בעלי תשובה\ארז משה דורון\009 סיפור אישי,D:\בעלי תשובה\ארז משה דורון\014 אין שום יאוש בעולם כלל
32.0,128.0,96.0,0.25,1.0,1.0,0.0,0.6364938904274454,0.6364938904274454,0.0,0.0,0.0,0.0,0.0,0.0,0.0,0.0,0.531786174870953,0.22115932130329827,0.0,0.0,0.0,0.0,0.2857142857142857,0.0,0.0,0.0,0.0,0.0,2.0,algo_low_certainty_sampled,D:\בעלי תשובה\ארז משה דורון\098 ציפצופים,D:\בעלי תשובה\עדי רן\עדי רן הופעה חיה
128.0,128.0,0.0,1.0,1.0,1.0,0.36207277452891484,0.2755814301892734,0.08649134433964145,1.0,0.2755814301892734,0.7244185698107266,0.0,0.0,0.0,0.0,0.0,0.6306576520246037,0.3966264090177134,0.055351716996453845,0.0,0.0,0.0,0.0,0.0,0.47704382177248633,0.0,1.0,1.0,2.0,algo_low_certainty_sampled,D:\בעלי תשובה\ברק כהן\יש תקווה,D:\בעלי תשובה\יהודה גלאנץ\Phinar
32.0,32.0,0.0,1.0,1.0,1.0,0.0,0.0,0.0,0.0,0.0,0.0,0.0,0.0,0.0,0.0,0.0,0.6831092006444883,0.7692307692307692,0.5,0.0,0.0,0.0,0.4285714285714286,0.0,0.6157794075886038,0.0,1.0,1.0,2.0,algo_low_certainty_sampled,D:\בעלי תשובה\ארז משה דורון\002 בעל תפילה,D:\בעלי תשובה\ארז משה דורון\001 תיקון הכללי
320.0,128.0,192.0,0.4,0.0,0.0,0.2184054305612374,0.27622047176536346,0.05781504120412606,0.2184054305612374,0.27622047176536346,0.05781504120412606,1.0,0.0,0.0,0.0,0.0,0.18668678774489497,0.4473674836135651,0.25688501556922605,0.0,0.0,0.0,0.3529411764705882,0.0,0.565220677066033,0.0,0.0,0.0,2.0,algo_low_certainty_sampled,D:\בעלי תשובה\ישי ריבו\שטח אפור,D:\בעלי תשובה\עקיבא מרגליות\לאורו נלך
32.0,128.0,96.0,0.25,1.0,1.0,0.0,0.4407025534851622,0.4407025534851622,0.0,0.4407025534851622,0.4407025534851622,0.0,0.0,0.0,0.0,0.0,0.264993614130025,0.3709090909090909,0.049624060150375945,0.0,0.0,0.0,0.27586206896551724,0.0,0.34688274865456836,0.0,0.0,0.0,2.0,algo_low_certainty_sampled,D:\בעלי תשובה\ארז משה דורון\012 אסור להיות זקן,D:\בעלי תשובה\ישראל דגן\מחול צדיקים
128.0,123.42857142857143,4.571428571428569,0.9642857142857143,0.0,1.0,0.5271101878244517,0.660156550265895,0.1330463624414433,0.3771430161161515,0.8433164511595885,0.46617343504343706,0.0,0.0,0.0,0.0,0.0,0.26147618139347706,0.4198449753415798,0.15094055429193354,0.0,0.03007518796992481,0.0,0.19999999999999996,0.0,0.1072357819403685,0.0,0.2857142857142857,0.0,2.0,algo_low_certainty_sampled,D:\בעלי תשובה\עדי רן\עדי רן,D:\בעלי תשובה\ישראל דגן\דגן- הופעה חיה
128.0,128.0,0.0,1.0,0.0,1.0,0.2026569618223385,1.0,0.7973430381776615,0.2026569618223385,0.0,0.2026569618223385,0.0,0.0,0.0,0.0,0.0,0.34902683367861287,0.19753937312416842,0.0,0.0,0.0,0.0,0.0,0.0,0.09486746566054176,0.0,1.0,1.0,2.0,algo_low_certainty_sampled,D:\בעלי תשובה\להבה,D:\בעלי תשובה\ישראל דגן\דגן חתונות\יוחנן
128.0,128.0,0.0,1.0,0.0,0.0,0.24951725891354376,0.6202184291388099,0.3707011702252661,0.24951725891354376,0.27770914861101964,0.02819188969747588,0.0,0.0,0.0,0.0,0.0,0.5870794969665568,0.38001923072743504,0.23248634406529148,0.0,0.0,0.0,0.2666666666666667,0.0,0.27614937441465603,0.0,1.0,1.0,2.0,algo_low_certainty_sampled,D:\בעלי תשובה\דני ממן\זה שיר שבח,D:\בעלי תשובה\אחיה רובין\ונזכה
128.0,128.0,0.0,1.0,0.0,0.0,1.0,0.29698772961930864,0.7030122703806914,0.0,1.0,1.0,0.0,0.0,0.0,0.0,0.0,0.8031417028169934,0.19754754160065618,0.0,0.0,0.0,0.0,0.38095238095238093,0.0,0.6935270220875079,0.0,0.55,1.0,2.0,algo_low_certainty_sampled,D:\בעלי תשובה\גיל עקביוב,D:\בעלי תשובה\אחישנה\לך ה' אלוקי
128.0,128.0,0.0,1.0,0.0,0.0,0.22711722683296007,0.2330104184381377,0.005893191605177622,0.22711722683296007,0.18359844124657437,0.043518785586385694,0.0,0.0,0.0,0.0,0.0,0.599339630578511,0.45255778765366084,0.1912714736244148,0.0,0.013986013986013986,0.0,0.4,0.0,0.4445815178475365,0.0,1.0,1.0,2.0,algo_low_certainty_sampled,D:\בעלי תשובה\יניב\קומי אורי,D:\בעלי תשובה\יוסף קרדונר\סימנים בדרך
32.0,128.0,96.0,0.25,1.0,1.0,0.0,0.306539294039294,0.306539294039294,0.0,0.306539294039294,0.306539294039294,0.0,0.0,0.0,0.0,0.0,0.8122587753388534,0.42925942306747256,0.0,0.0,0.0,0.0,0.2727272727272727,0.0,0.0,0.0,0.0,0.0,2.0,algo_low_certainty_sampled,D:\בעלי תשובה\ארז משה דורון\037 ליל הסדר,D:\בעלי תשובה\בהרוז אהרוני\שירת השבים
128.0,32.0,96.0,0.25,1.0,1.0,0.4407025534851622,0.0,0.4407025534851622,0.4407025534851622,0.0,0.4407025534851622,0.0,0.0,0.0,0.0,0.0,0.15849063898843332,0.37409577455344045,0.036363636363636355,0.0,0.0,0.0,0.31999999999999995,0.0,0.2,0.0,0.0,0.0,2.0,algo_low_certainty_sampled,D:\בעלי תשובה\ישראל דגן\מחול צדיקים,D:\בעלי תשובה\ארז משה דורון\005 ניקוי הראש
128.0,320.0,192.0,0.4,0.0,0.0,0.22711722683296007,0.2328732027030505,0.005755975870090441,0.22711722683296007,0.23477009369085064,0.007652866857890572,0.0,0.0,0.0,0.0,0.0,0.0,0.0,0.0,0.0,0.0,0.0,0.0,0.0,0.0,0.0,0.0,0.0,2.0,algo_no_comparison_result_sampled,D:\בעלי תשובה\יניב\קומי אורי,D:\בעלי תשובה\צמאה - אומנים שרים את ניגוני הרבי מילובביץ
128.0,128.0,0.0,1.0,0.0,0.0,0.4028413437474495,0.36207277452891484,0.04076856921853467,0.2725157489002033,1.0,0.7274842510997968,0.0,0.0,0.0,0.0,0.0,0.6304271777740565,0.3664250845345379,0.05285625923783819,0.0,0.0,0.0,0.5,0.0,0.26230704366747837,0.0,1.0,1.0,2.0,algo_low_certainty_sampled,D:\בעלי תשובה\מאיר בנאי\שמע קולי,D:\בעלי תשובה\ברק כהן\יש תקווה
128.0,128.0,0.0,1.0,0.0,1.0,0.2727991566036579,0.3569665526970235,0.0841673960933656,0.27455635043139537,0.2755814301892734,0.0010250797578780224,0.0,0.0,0.0,0.0,0.0,0.6837861430167448,0.4522426921737267,0.2555677852904936,0.0,0.0,0.0,0.0,0.0,0.5053751288545631,0.0,1.0,1.0,2.0,algo_low_certainty_sampled,D:\בעלי תשובה\ישעיה חסיד\אחד,D:\בעלי תשובה\יהודה גלאנץ\פיונרו
128.0,160.0,32.0,0.8,0.0,0.0,0.21116393582337853,0.22423017210857654,0.013066236285198013,0.21116393582337853,0.22423017210857654,0.013066236285198013,0.0,0.0,0.0,0.0,0.0,0.46948754817711275,0.4506465571248208,0.2091942196290022,0.0,0.0,0.0,0.1428571428571429,0.0,0.4669038513407859,0.0,1.0,1.0,2.0,algo_low_certainty_sampled,D:\בעלי תשובה\סנדי שמואלי\בעזרת השם,D:\בעלי תשובה\מים 1
56.0,128.0,72.0,0.4375,0.0,0.0,0.7537098401213115,1.0,0.24629015987868852,0.2459984041872587,0.27844605035436915,0.03244764616711043,0.0,0.0,0.0,0.0,0.0,0.294001064284232,0.15952202030054483,0.26798569685892204,0.0,0.0,0.0,0.36363636363636365,0.0,0.5740212528384852,0.0,1.0,1.0,2.0,algo_low_certainty_sampled,D:\בעלי תשובה\סנדי שמואלי\עד מתי,D:\בעלי תשובה\סנדי שמואלי\מחכים
128.0,98.9090909090909,29.090909090909093,0.7727272727272727,0.0,0.0,0.26316833264670075,0.2270135150184752,0.03615481762822556,0.26316833264670075,0.2270135150184752,0.03615481762822556,0.0,0.0,0.0,0.0,0.0,0.46441421790224846,0.4498005456508682,0.2224862066038537,0.0,0.0,0.0,0.0,0.0,0.4430747255041456,0.0,1.0,1.0,2.0,algo_low_certainty_sampled,D:\בעלי תשובה\ירמיהו\כנגן המנגן,D:\בעלי תשובה\יצחק פוקס\פוקס
128.0,128.0,0.0,1.0,1.0,1.0,1.0,0.3569665526970235,0.6430334473029765,0.0,0.2755814301892734,0.2755814301892734,0.0,0.0,0.0,0.0,0.0,0.5936574203229423,0.20073468246164392,0.0,0.0,0.0,0.0,0.2857142857142857,0.0,0.350352228127232,0.0,1.0,2.0,2.0,algo_low_certainty_sampled,D:\בעלי תשובה\חיים דוד סרצ'יק\למעו שמו,D:\בעלי תשובה\יהודה גלאנץ\פיונרו
32.0,32.0,0.0,1.0,1.0,1.0,0.0,0.0,0.0,0.0,0.0,0.0,0.0,0.0,0.0,0.0,0.0,0.9083061465797344,0.75,0.5,0.0,0.0,0.0,0.1333333333333333,0.0,0.7526932985207011,0.0,1.0,1.0,2.0,algo_low_certainty_sampled,D:\בעלי תשובה\ארז משה דורון\000[066] כסף,D:\בעלי תשובה\ארז משה דורון\032 להמתיק את הדין
128.0,32.0,96.0,0.25,1.0,1.0,0.30459474003409925,0.0,0.30459474003409925,0.30459474003409925,0.0,0.30459474003409925,0.0,0.0,0.0,0.0,0.0,0.568478356775229,0.36379494190020506,0.0,0.0,0.0,0.0,0.2727272727272727,0.0,0.0,0.0,0.0,0.0,2.0,algo_low_certainty_sampled,D:\בעלי תשובה\אשר אלפסי\אתה הכל,D:\בעלי תשובה\ארז משה דורון\013 צא אל השדות
32.0,128.0,96.0,0.25,0.0,0.0,0.14285714285714285,0.29365193145651797,0.15079478859937512,0.0,1.0,1.0,0.0,0.0,0.0,0.0,0.0,0.6375849527145963,0.34154953084485995,0.03676470588235295,0.0,0.0,0.0,0.15384615384615385,0.0,0.0,0.0,0.0,0.0,2.0,algo_low_certainty_sampled,D:\בעלי תשובה\ארז משה דורון\043 לצאת לחופש,D:\בעלי תשובה\ברלינגר\משה לוי - טוב\מים עמוקים-1
320.0,128.0,192.0,0.4,0.0,0.0,0.45042736031577224,0.2963361711896721,0.15409118912610015,0.45042736031577224,0.2792337495532713,0.17119361076250095,0.0,0.0,0.0,0.0,0.0,0.17689239900861173,0.4277724606774029,0.2937003747945007,0.0,0.1557999353052993,0.0,0.16666666666666663,0.0,0.4221214620106451,0.0,0.08333333333333333,0.0,2.0,algo_low_certainty_sampled,D:\בעלי תשובה\יאיר כלב\הרב יאיר כלב ולהקת א גרויסע מציאה\עצם הנשמה,D:\בעלי תשובה\נסתרות דרכי האל
32.0,128.0,96.0,0.25,0.0,1.0,0.0,1.0,1.0,0.0,1.0,1.0,0.0,0.0,0.0,0.0,0.0,0.2668413682220575,0.25263157894736843,0.09454545454545453,0.0,0.0,0.0,0.2564102564102564,0.0,0.15678480587306903,0.0,0.0,0.0,2.0,algo_low_certainty_sampled,D:\בעלי תשובה\ארז משה דורון\014 אין שום יאוש בעולם כלל,D:\בעלי תשובה\רונן  חזיזה\שמחה של מצווה
128.0,128.0,0.0,1.0,0.0,0.0,0.21116393582337853,0.6847330038265858,0.4735690680032072,0.21116393582337853,0.22257521613042763,0.011411280307049104,0.0,0.0,0.0,0.0,0.0,0.0,0.0,0.0,0.0,0.0,0.0,0.0,0.0,0.0,0.0,0.0,0.0,2.0,algo_no_comparison_result_sampled,D:\בעלי תשובה\סנדי שמואלי\בעזרת השם,D:\בעלי תשובה\אורן ארנון\עלי באר
128.0,128.0,0.0,1.0,0.0,1.0,0.2809753868055855,0.27622047176536346,0.004754915040222019,0.2555969699945765,0.27622047176536346,0.02062350177078698,0.0,0.0,0.0,0.0,0.0,0.6392883224104743,0.4971818967273512,0.27133312525162057,0.0,0.0,0.0,0.1428571428571429,0.0,0.417091100174939,0.0,1.0,1.0,2.0,algo_low_certainty_sampled,D:\בעלי תשובה\יוסף קרדונר\בחירה,D:\בעלי תשובה\עקיבא מרגליות\לאורו נלך
320.0,160.0,160.0,0.5,0.0,0.0,0.2184054305612374,0.3707724849592341,0.1523670543979967,0.2184054305612374,0.3707724849592341,0.1523670543979967,1.0,0.0,0.0,0.0,0.0,0.0,0.0,0.0,0.0,0.0,0.0,0.0,0.0,0.0,0.0,0.0,0.0,2.0,algo_no_comparison_result_sampled,D:\בעלי תשובה\ישי ריבו\שטח אפור,D:\בעלי תשובה\תיקון הכללי
128.0,128.0,0.0,1.0,0.0,0.0,0.26316833264670075,0.3022111170984259,0.039042784451725154,0.26316833264670075,0.3022111170984259,0.039042784451725154,0.0,0.0,0.0,0.0,0.0,0.12752486149731734,0.47409265541483153,0.2196836714483773,0.0,0.0,0.0,0.10526315789473684,0.0,0.0,0.0,1.0,1.0,2.0,algo_low_certainty_sampled,D:\בעלי תשובה\ירמיהו\כנגן המנגן,D:\בעלי תשובה\ישראל דגן\דגן חתונות\משה אטיאס
128.0,128.0,0.0,1.0,0.0,1.0,0.7874080873534178,1.0,0.21259191264658217,0.7874080873534178,0.0,0.7874080873534178,0.0,0.0,0.0,0.0,0.0,0.5553769503640462,0.1415824530376173,0.0,0.0,0.0,0.0,0.2666666666666667,0.0,0.34097767721598005,0.0,1.0,1.0,2.0,algo_low_certainty_sampled,D:\בעלי תשובה\המדרגות,D:\בעלי תשובה\חיים דוד סרצ'יק\מצור דבש
160.0,128.0,32.0,0.8,0.0,0.0,0.27238638174643265,0.23306579697939106,0.03932058476704159,0.27238638174643265,0.23306579697939106,0.03932058476704159,0.0,0.0,0.0,0.0,0.0,0.5780322603959293,0.4561470631535856,0.21947173444499646,0.0,0.0,0.0,0.2222222222222222,0.0,0.3871259677437981,0.0,0.0,0.0,2.0,algo_low_certainty_sampled,D:\בעלי תשובה\אהרון רזאל\זמן הגאולה,D:\בעלי תשובה\אודי אולמן\אודי - 3
128.0,128.0,0.0,1.0,1.0,1.0,0.27114163132912755,0.27622047176536346,0.00507884043623591,0.27114163132912755,0.27622047176536346,0.00507884043623591,0.0,0.0,0.0,0.0,0.0,0.7060474733283169,0.4945085975208713,0.26129909118932476,0.0,0.0,0.0,0.2666666666666667,0.0,0.5571426741586695,0.0,1.0,1.0,2.0,algo_low_certainty_sampled,D:\בעלי תשובה\דב אינדיג\בת קול,D:\בעלי תשובה\עקיבא מרגליות\לאורו נלך
192.0,320.0,128.0,0.6,1.0,0.0,0.3602569865901291,0.21162859691843153,0.14862838967169759,0.20396713382961987,1.0,0.7960328661703802,1.0,0.0,0.0,0.0,0.0,0.0,0.0,0.0,0.0,0.0,0.0,0.0,0.0,0.0,0.0,0.0,0.0,2.0,algo_no_comparison_result_sampled,D:\בעלי תשובה\שולי רנד\הופעה בקיסריה\שולי רנד - בקיסריה\דיסק 2,D:\בעלי תשובה\שולי רנד\שולי רנד בקיסריה 2
160.0,128.0,32.0,0.8,0.0,0.0,0.27238638174643265,0.27700884219937516,0.004622460452942512,0.27238638174643265,0.27700884219937516,0.004622460452942512,0.0,0.0,0.0,0.0,0.0,0.7689792141747741,0.4863763499521991,0.3602764101666438,0.0,0.0,0.0,0.3571428571428571,0.0,0.33966161886679136,0.0,0.0,0.0,2.0,algo_low_certainty_sampled,D:\בעלי תשובה\אהרון רזאל\זמן הגאולה,D:\בעלי תשובה\עדי רן\עדי רן והגיטרה - 1
64.0,160.0,96.0,0.4,0.0,0.0,0.24337572331410295,0.2150137524440931,0.028361970870009856,0.4669122431312358,0.18847562874257065,0.2784366143886652,0.0,0.0,0.0,0.0,0.0,0.07117740796174224,0.5135067573751785,0.1915272472625414,0.0,0.0,0.0,0.0,0.0,0.06755526632500901,0.0,1.0,1.0,2.0,algo_low_certainty_sampled,D:\בעלי תשובה\אודי טופלברג\מים,D:\בעלי תשובה\ברק כהן\ברק כהן עם דובי גינז\עונג
128.0,96.0,32.0,0.75,0.0,0.0,0.25256305214732394,0.24974139732911663,0.0028216548182073142,0.25256305214732394,0.24974139732911663,0.0028216548182073142,0.0,0.0,0.0,0.0,0.0,0.6495990615133127,0.44827865396306177,0.18858484446410143,0.0,0.0,0.0,0.2162162162162162,0.0,0.47628080785307764,0.0,1.0,1.0,2.0,algo_low_certainty_sampled,D:\בעלי תשובה\יערות דבש-יצחק אזולאי\יערות דבש השיר והשבחלחי העולמים,D:\בעלי תשובה\קול אחי\השקיפה
128.0,128.0,0.0,1.0,0.0,0.0,0.8181818181818182,0.26316833264670075,0.5550134855351174,0.0,0.26316833264670075,0.26316833264670075,0.0,0.0,0.0,0.0,0.0,0.5938374568207417,0.22626814134582976,0.015151515151515148,0.0,0.02727272727272728,0.0,0.2222222222222222,0.0,0.30525463493812505,0.0,0.5454545454545454,1.0,2.0,algo_low_certainty_sampled,D:\בעלי תשובה\חיים דוד סרצ'יק\היום\1-זה כפול נא לסדר,D:\בעלי תשובה\ירמיהו\כנגן המנגן
320.0,320.0,0.0,1.0,0.0,0.0,0.45042736031577224,0.20824731826827425,0.242180042047498,0.45042736031577224,1.0,0.5495726396842278,0.0,0.0,0.0,0.0,0.0,0.0,0.0,0.0,0.0,0.0,0.0,0.0,0.0,0.0,0.0,0.0,0.0,2.0,algo_no_comparison_result_sampled,D:\בעלי תשובה\יאיר כלב\הרב יאיר כלב ולהקת א גרויסע מציאה\עצם הנשמה,D:\בעלי תשובה\שולי רנד\שולי רנד בקיסריה 1
128.0,128.0,0.0,1.0,1.0,1.0,0.36207277452891484,0.3569665526970235,0.0051062218318913555,1.0,0.2755814301892734,0.7244185698107266,0.0,0.0,0.0,0.0,0.0,0.7111740184032966,0.38545563484289946,0.04211098398169336,0.0,0.0,0.0,0.4285714285714286,0.0,0.49881287820128434,0.0,1.0,1.0,2.0,algo_low_certainty_sampled,D:\בעלי תשובה\ברק כהן\יש תקווה,D:\בעלי תשובה\יהודה גלאנץ\פיונרו
128.0,320.0,192.0,0.4,0.0,0.0,0.27700884219937516,0.2184054305612374,0.05860341163813776,0.27700884219937516,0.2184054305612374,0.05860341163813776,0.0,1.0,0.0,0.0,0.0,0.0,0.0,0.0,0.0,0.0,0.0,0.0,0.0,0.0,0.0,0.0,0.0,2.0,algo_no_comparison_result_sampled,D:\בעלי תשובה\עדי רן\עדי רן והגיטרה - 1,D:\בעלי תשובה\ישי ריבו\שטח אפור
128.0,128.0,0.0,1.0,0.0,0.0,0.0,0.6474081690747675,0.6474081690747675,1.0,0.6474081690747675,0.3525918309252325,0.0,0.0,0.0,0.0,0.0,0.34717632135550874,0.3125192297702817,0.008744855967078191,0.0,0.0,0.0,0.3703703703703704,0.0,0.16684227558766562,0.0,1.0,1.0,2.0,algo_low_certainty_sampled,D:\בעלי תשובה\רונן  חזיזה\ירמיהו גרוסקוט,D:\בעלי תשובה\ברלינגר\משה לוי - טוב
320.0,128.0,192.0,0.4,0.0,1.0,0.21379310344827585,1.0,0.7862068965517242,0.21379310344827585,1.0,0.7862068965517242,0.0,0.0,0.0,0.0,0.0,0.5704015682052604,0.21757849415465547,0.14339534734271575,0.0,0.0,0.0,0.2666666666666667,0.0,0.0,0.0,1.0,1.0,2.0,algo_low_certainty_sampled,D:\בעלי תשובה\בנגי רפאל\משיח,D:\בעלי תשובה\יחיא אזולאי
56.0,166.4,110.4,0.3365384615384615,0.0,0.0,0.7537098401213115,0.2594066150567698,0.49430322506454166,0.2459984041872587,0.2594066150567698,0.013408210869511106,0.0,1.0,0.0,0.0,0.0,0.21515983830334334,0.2382011224241855,0.21019850204834722,0.0,0.35294117647058826,0.0,0.2222222222222222,0.0,0.6151276199533362,0.0,1.0,1.0,2.0,algo_low_certainty_sampled,D:\בעלי תשובה\סנדי שמואלי\עד מתי,D:\בעלי תשובה\עדי רן\עדי רן - גלגל של הצלה
128.0,96.0,32.0,0.75,1.0,1.0,0.2026569618223385,0.29735679447955665,0.09469983265721815,0.2026569618223385,0.29735679447955665,0.09469983265721815,0.0,0.0,0.0,0.0,0.0,0.6489469096867109,0.5182054508750837,0.2820489833490686,0.0,0.0,0.0,0.16666666666666663,0.0,0.3570612156374859,0.0,1.0,1.0,2.0,algo_low_certainty_sampled,D:\בעלי תשובה\להבה,D:\בעלי תשובה\גד ליאור
128.0,128.0,0.0,1.0,0.0,0.0,0.27114163132912755,0.4261133624252772,0.15497173109614965,0.27114163132912755,0.4261133624252772,0.15497173109614965,0.0,0.0,0.0,0.0,0.0,0.7355926598480241,0.45613823091695127,0.22548802075117866,0.0,0.0,0.0,0.25,0.0,0.6121026802947083,0.0,0.0,0.0,2.0,algo_low_certainty_sampled,D:\בעלי תשובה\דב אינדיג\בת קול,D:\בעלי תשובה\יוסף (גלעד) קרדונר\בחירה - 03
32.0,32.0,0.0,1.0,1.0,1.0,0.0,0.0,0.0,0.0,0.0,0.0,0.0,0.0,0.0,0.0,0.0,0.5405983859785761,0.7142857142857143,0.33333333333333337,0.0,0.0,0.0,0.2857142857142857,0.0,0.3198665318954704,0.0,1.0,1.0,2.0,algo_low_certainty_sampled,D:\בעלי תשובה\ארז משה דורון\005 ניקוי הראש,D:\בעלי תשובה\ארז משה דורון\000[068] להאמין בעצמו
192.0,128.0,64.0,0.6666666666666666,0.0,0.0,0.3602569865901291,1.0,0.6397430134098709,0.20396713382961987,1.0,0.7960328661703802,1.0,0.0,0.0,0.0,0.0,0.406126145906344,0.2673715596241346,0.08152025384645704,0.0,0.0,0.0,0.24,0.0,0.3529994123780946,0.0,0.0,0.0,2.0,algo_low_certainty_sampled,D:\בעלי תשובה\שולי רנד\הופעה בקיסריה\שולי רנד - בקיסריה\דיסק 2,D:\בעלי תשובה\אודי דוידי\אודי דוידי דבר אליו
96.0,128.0,32.0,0.75,0.0,0.0,0.24974139732911663,0.6847330038265858,0.43499160649746915,0.24974139732911663,0.22257521613042763,0.027166181198688993,0.0,0.0,0.0,0.0,0.0,0.0,0.0,0.0,0.0,0.0,0.0,0.0,0.0,0.0,0.0,0.0,0.0,2.0,algo_no_comparison_result_sampled,D:\בעלי תשובה\קול אחי\השקיפה,D:\בעלי תשובה\אורן ארנון\עלי באר
98.9090909090909,128.0,29.090909090909093,0.7727272727272727,0.0,1.0,0.2270135150184752,0.7874080873534178,0.5603945723349426,0.2270135150184752,0.7874080873534178,0.5603945723349426,0.0,0.0,0.0,0.0,0.0,0.5402028578902489,0.2374144708696523,0.1502479689853385,0.0,0.0,0.0,0.18181818181818177,0.0,0.3741974453260142,0.0,1.0,1.0,2.0,algo_low_certainty_sampled,D:\בעלי תשובה\יצחק פוקס\פוקס,D:\בעלי תשובה\המדרגות
128.0,128.0,0.0,1.0,0.0,0.0,0.2859762415131112,0.36207277452891484,0.07609653301580366,1.0,1.0,0.0,1.0,0.0,0.0,0.0,0.0,0.5555841755655186,0.40752347758997665,0.09732142857142859,0.0,0.0,0.0,0.375,0.0,0.16899751657638656,0.0,0.65,1.0,2.0,algo_low_certainty_sampled,D:\בעלי תשובה\עדי רן\התבוננות,D:\בעלי תשובה\ברק כהן\יש תקווה
128.0,128.0,0.0,1.0,0.0,0.0,0.0,0.41880170358742175,0.41880170358742175,1.0,0.41880170358742175,0.5811982964125783,0.0,0.0,0.0,0.0,0.0,0.4135056393109171,0.3818657093834147,0.011463844797178133,0.0,0.0,0.0,0.3076923076923077,0.0,0.312645171339144,0.0,1.0,1.0,2.0,algo_low_certainty_sampled,D:\בעלי תשובה\רונן  חזיזה\ירמיהו גרוסקוט,D:\בעלי תשובה\ישראל דגן\סמכו על כוחי
128.0,128.0,0.0,1.0,0.0,1.0,0.7874080873534178,0.2330104184381377,0.5543976689152801,0.7874080873534178,0.18359844124657437,0.6038096461068434,0.0,0.0,0.0,0.0,0.0,0.4937939225366326,0.23452767395959837,0.1256585114818275,0.0,0.03409090909090909,0.0,0.33333333333333337,0.0,0.20374236315100747,0.0,1.0,1.0,2.0,algo_low_certainty_sampled,D:\בעלי תשובה\המדרגות,D:\בעלי תשובה\יוסף קרדונר\סימנים בדרך
32.0,32.0,0.0,1.0,1.0,1.0,0.0,0.0,0.0,0.0,0.0,0.0,0.0,0.0,0.0,0.0,0.0,0.5255035925790938,0.75,0.5,0.0,0.0,0.0,0.2142857142857143,0.0,0.0,0.0,1.0,1.0,2.0,algo_low_certainty_sampled,D:\בעלי תשובה\ארז משה דורון\011 אחד היה אברהם,D:\בעלי תשובה\ארז משה דורון\053 להשתנות
128.0,128.0,0.0,1.0,0.0,0.0,0.6474081690747675,0.23094965439521678,0.41645851467955075,0.6474081690747675,0.23094965439521678,0.41645851467955075,0.0,0.0,0.0,0.0,0.0,0.6438435215186592,0.4709438994230959,0.2695271104359439,0.0,0.260640467013016,0.0,0.3870967741935484,0.0,0.46395823393236285,0.0,0.0,0.0,2.0,algo_low_certainty_sampled,D:\בעלי תשובה\ברלינגר\משה לוי - טוב,D:\בעלי תשובה\סיני\אספרה כבודך - סיני
320.0,128.0,192.0,0.4,0.0,0.0,0.31856504208855146,0.40582510542562483,0.08726006333707337,0.31856504208855146,0.2226164249693661,0.09594861711918537,0.0,0.0,0.0,0.0,0.0,0.12032552227984479,0.44222305738434764,0.23886332965280332,0.0,0.0,0.0,0.2962962962962963,0.0,0.2819897889601493,0.0,0.0,0.0,2.0,algo_low_certainty_sampled,D:\בעלי תשובה\אהוד בר לוי,D:\בעלי תשובה\יוסף (גלעד) קרדונר\סימנים בדרך - 01
128.0,128.0,0.0,1.0,0.0,0.0,1.0,0.39919417184261435,0.6008058281573856,0.0,0.25183269050770285,0.25183269050770285,0.0,0.0,0.0,0.0,0.0,0.2215338454051164,0.1699891149935953,0.0,0.0,0.0,0.0,0.16666666666666663,0.0,0.0,0.0,1.0,1.0,2.0,algo_low_certainty_sampled,D:\בעלי תשובה\ישראל דגן\דגן חתונות\יוחנן,D:\בעלי תשובה\מיקי רוזנבאום\פסיפס-2
128.0,128.0,0.0,1.0,1.0,1.0,1.0,0.7180435668882397,0.28195643311176033,0.3076843579947969,0.7180435668882397,0.4103592088934428,0.0,0.0,0.0,0.0,0.0,0.7330207057121803,0.1649155568660213,0.15893836300254194,0.0,0.0,0.0,0.0,0.0,0.547984207631449,0.0,1.0,1.0,2.0,algo_low_certainty_sampled,D:\בעלי תשובה\מיקי רוזנבאום\פסיפס,D:\בעלי תשובה\מערבה מכאן
128.0,128.0,0.0,1.0,0.0,1.0,1.0,0.2755814301892734,0.7244185698107266,1.0,0.2755814301892734,0.7244185698107266,0.0,0.0,0.0,0.0,0.0,0.6135000340835746,0.26209199025831886,0.17278741151379137,0.0,0.0,0.0,0.0,0.0,0.37927608309753025,0.0,1.0,1.0,2.0,algo_low_certainty_sampled,D:\בעלי תשובה\ברלינגר\משה לוי והלויים,D:\בעלי תשובה\יהודה גלאנץ\Phinar
32.0,128.0,96.0,0.25,1.0,1.0,0.0,0.30459474003409925,0.30459474003409925,0.0,0.30459474003409925,0.30459474003409925,0.0,0.0,0.0,0.0,0.0,0.7811560871639955,0.3478309516570386,0.0,0.0,0.0,0.0,0.2222222222222222,0.0,0.0,0.0,0.0,0.0,2.0,algo_low_certainty_sampled,D:\בעלי תשובה\ארז משה דורון\038 לשלוט על המלאכים,D:\בעלי תשובה\אשר אלפסי\אתה הכל
128.0,128.0,0.0,1.0,0.0,0.0,0.2755814301892734,0.29698772961930864,0.021406299430035247,0.2755814301892734,1.0,0.7244185698107266,0.0,0.0,0.0,0.0,0.0,0.6504186856130436,0.5753520499108734,0.10528004616542777,0.0,0.0,0.0,0.0,0.0,0.4657827589272195,0.0,1.0,1.0,2.0,algo_low_certainty_sampled,D:\בעלי תשובה\יהודה גלאנץ\Phinar,D:\בעלי תשובה\אחישנה\לך ה' אלוקי
128.0,128.0,0.0,1.0,0.0,0.0,0.2016140369955885,0.3409729108296054,0.1393588738340169,0.2016140369955885,0.3409729108296054,0.1393588738340169,0.0,0.0,0.0,0.0,0.0,0.23675123557883124,0.38622338326675565,0.19902083272319213,0.0,0.08286241423893247,0.0,0.4444444444444444,0.0,0.056346633329181176,0.0,1.0,1.0,2.0,algo_low_certainty_sampled,D:\בעלי תשובה\ק'ן ברג'ס\בנה מלכותו,D:\בעלי תשובה\ישראל דגן\דגן חתונות\משה אונו
128.0,64.0,64.0,0.5,1.0,1.0,0.2499528889962427,0.24337572331410295,0.006577165682139757,0.2499528889962427,0.4669122431312358,0.2169593541349931,0.0,0.0,0.0,0.0,0.0,0.28499427171670433,0.4715567327409433,0.1873144933200471,0.0,0.0,0.0,0.33333333333333337,0.0,0.5519572268825235,0.0,1.0,1.0,2.0,algo_low_certainty_sampled,D:\בעלי תשובה\דני,D:\בעלי תשובה\אודי טופלברג\מים
128.0,166.4,38.400000000000006,0.7692307692307692,0.0,0.0,0.40582510542562483,0.2594066150567698,0.14641849036885501,0.2226164249693661,0.2594066150567698,0.036790190087403724,0.0,1.0,0.0,0.0,0.0,0.0,0.0,0.0,0.0,0.0,0.0,0.0,0.0,0.0,0.0,0.0,0.0,2.0,algo_no_comparison_result_sampled,D:\בעלי תשובה\יוסף (גלעד) קרדונר\סימנים בדרך - 01,D:\בעלי תשובה\עדי רן\עדי רן - גלגל של הצלה
128.0,128.0,0.0,1.0,0.0,0.0,0.4261133624252772,1.0,0.5738866375747228,0.4261133624252772,0.0,0.4261133624252772,0.0,0.0,0.0,0.0,0.0,0.6018695483158887,0.20449076105204725,0.0,0.0,0.0,0.0,0.2222222222222222,0.0,0.37180113697111816,0.0,0.0,0.0,2.0,algo_low_certainty_sampled,D:\בעלי תשובה\יוסף (גלעד) קרדונר\בחירה - 03,D:\בעלי תשובה\חיים דוד סרצ'יק\מצור דבש
128.0,128.0,0.0,1.0,0.0,0.0,0.2409177614286613,0.25729658680382567,0.016378825375164358,0.2393952727002871,0.25645829152593796,0.017063018825650866,0.0,0.0,0.0,0.0,0.0,0.49906880073989285,0.42259733740292593,0.21313587171294684,0.0,0.0,0.0,0.33333333333333337,0.0,0.40680181078408656,0.0,1.0,1.0,2.0,algo_low_certainty_sampled,D:\בעלי תשובה\שולי רנד\שולי רנד קיסריה,D:\בעלי תשובה\צבי זלבסקי\פה ושם אני רוקד
157.0909090909091,192.0,34.90909090909091,0.8181818181818182,0.0,0.0,0.3433230563582517,0.3602569865901291,0.016933930231877392,0.2387152837785005,0.20396713382961987,0.03474814994888062,0.0,1.0,0.0,0.0,0.0,0.0,0.0,0.0,0.0,0.0,0.0,0.0,0.0,0.0,0.0,0.0,0.0,2.0,algo_no_comparison_result_sampled,D:\בעלי תשובה\מאיר בנאי\לך אלי,D:\בעלי תשובה\שולי רנד\הופעה בקיסריה\שולי רנד - בקיסריה\דיסק 2
128.0,160.0,32.0,0.8,0.0,0.0,0.8333333333333334,0.21497468337814524,0.6183586499551881,0.23579977126416757,0.21497468337814524,0.02082508788602233,0.0,0.0,0.0,0.0,0.0,0.5519815023898553,0.20764083417430937,0.1951586121875977,0.0,0.0,0.0,0.15384615384615385,0.0,0.4798154964673606,0.0,1.0,1.0,2.0,algo_low_certainty_sampled,D:\בעלי תשובה\אודי דוידי\אודי דודי 2\no title,D:\בעלי תשובה\מים 2
128.0,32.0,96.0,0.25,1.0,1.0,0.30459474003409925,0.0,0.30459474003409925,0.30459474003409925,0.0,0.30459474003409925,0.0,0.0,0.0,0.0,0.0,0.870144772210317,0.3478309516570386,0.0,0.0,0.0,0.0,0.21052631578947367,0.0,0.0,0.0,0.0,0.0,2.0,algo_low_certainty_sampled,D:\בעלי תשובה\אשר אלפסי\אתה הכל,D:\בעלי תשובה\ארז משה דורון\000[066] כסף
128.0,128.0,0.0,1.0,0.0,0.0,0.40582510542562483,0.6847330038265858,0.2789078984009609,0.2226164249693661,0.22257521613042763,4.120883893846128e-05,0.0,0.0,0.0,0.0,0.0,0.0,0.0,0.0,0.0,0.0,0.0,0.0,0.0,0.0,0.0,0.0,0.0,2.0,algo_no_comparison_result_sampled,D:\בעלי תשובה\יוסף (גלעד) קרדונר\סימנים בדרך - 01,D:\בעלי תשובה\אורן ארנון\עלי באר
32.0,32.0,0.0,1.0,1.0,1.0,0.0,0.0,0.0,0.0,0.0,0.0,0.0,0.0,0.0,0.0,0.0,0.9101531010675012,0.7142857142857143,0.33333333333333337,0.0,0.0,0.0,0.4,0.0,0.7850966669156342,0.0,1.0,1.0,2.0,algo_low_certainty_sampled,D:\בעלי תשובה\ארז משה דורון\001 תיקון הכללי,D:\בעלי תשובה\ארז משה דורון\038 לשלוט על המלאכים
128.0,128.0,0.0,1.0,0.0,0.0,1.0,0.2330104184381377,0.7669895815618624,0.2601616418210846,0.18359844124657437,0.07656320057451022,0.0,0.0,0.0,0.0,0.0,0.4992945202589559,0.2131340657656911,0.21484095614530396,0.0,0.0,0.0,0.2857142857142857,0.0,0.20752002844209744,0.0,0.0,0.0,2.0,algo_low_certainty_sampled,D:\בעלי תשובה\נקודה טובה,D:\בעלי תשובה\יוסף קרדונר\סימנים בדרך
128.0,128.0,0.0,1.0,0.0,0.0,0.6387530961627489,0.3462975584756755,0.2924555376870734,0.2787580723284634,0.3462975584756755,0.06753948614721211,0.0,0.0,0.0,0.0,0.0,0.5767214632808185,0.4453704186958521,0.28523646428072463,0.0,0.0,0.0,0.33333333333333337,0.0,0.3080194620811054,0.0,1.0,1.0,2.0,algo_low_certainty_sampled,D:\בעלי תשובה\ישראל דגן\עדיין יש תקווה,D:\בעלי תשובה\ישראל דגן\נפשי החזקה
32.0,32.0,0.0,1.0,1.0,1.0,0.0,0.0,0.0,0.0,0.0,0.0,0.0,0.0,0.0,0.0,0.0,0.5286374023660194,0.7142857142857143,0.33333333333333337,0.0,0.0,0.0,0.3529411764705882,0.0,0.16075347402354945,0.0,1.0,1.0,2.0,algo_low_certainty_sampled,D:\בעלי תשובה\ארז משה דורון\011 אחד היה אברהם,D:\בעלי תשובה\ארז משה דורון\003 שמחה מתוך צער
32.0,32.0,0.0,1.0,1.0,1.0,0.0,0.0,0.0,0.0,0.0,0.0,0.0,0.0,0.0,0.0,0.0,0.9131801668119868,0.5666666666666667,0.3571428571428571,0.0,0.0,0.0,0.2857142857142857,0.0,0.9131797877893554,0.0,1.0,1.0,2.0,algo_low_certainty_sampled,D:\בעלי תשובה\ארז משה דורון\032 תשובה מאהבה,D:\בעלי תשובה\ארז משה דורון\000[074] שלום
320.0,160.0,160.0,0.5,0.0,0.0,0.31856504208855146,0.2150137524440931,0.10355128964445837,0.31856504208855146,0.18847562874257065,0.13008941334598081,0.0,0.0,0.0,0.0,0.0,0.6798813584228109,0.5089009884188865,0.2871766448206077,0.0,0.0,0.0,0.1333333333333333,0.0,0.1,0.0,1.0,1.0,2.0,algo_low_certainty_sampled,D:\בעלי תשובה\אהוד בר לוי,D:\בעלי תשובה\ברק כהן\ברק כהן עם דובי גינז\עונג
128.0,128.0,0.0,1.0,0.0,1.0,1.0,1.0,0.0,0.0,1.0,1.0,0.0,0.0,0.0,0.0,0.0,0.6605544320997342,0.38703703703703696,0.0,0.0,0.0,0.0,0.24,0.0,0.5106131877561212,0.0,0.9,2.0,2.0,algo_low_certainty_sampled,D:\בעלי תשובה\גיל עקביוב,D:\בעלי תשובה\ברלינגר\משה לוי והלויים
128.0,128.0,0.0,1.0,0.0,1.0,0.2330104184381377,0.2809753868055855,0.04796496836744779,0.18359844124657437,0.2555969699945765,0.07199852874800211,0.0,0.0,0.0,0.0,0.0,0.5112600022977538,0.5080084684844497,0.2649882299119319,0.0,0.0,0.0,0.25,0.0,0.3029067211598289,0.0,1.0,1.0,2.0,algo_low_certainty_sampled,D:\בעלי תשובה\יוסף קרדונר\סימנים בדרך,D:\בעלי תשובה\יוסף קרדונר\בחירה
128.0,128.0,0.0,1.0,0.0,0.0,0.26316833264670075,0.2409177614286613,0.022250571218039444,0.26316833264670075,0.2393952727002871,0.023773059946413655,0.0,0.0,0.0,0.0,0.0,0.0,0.0,0.0,0.0,0.0,0.0,0.0,0.0,0.0,0.0,0.0,0.0,2.0,algo_no_comparison_result_sampled,D:\בעלי תשובה\ירמיהו\כנגן המנגן,D:\בעלי תשובה\שולי רנד\שולי רנד קיסריה
128.0,128.0,0.0,1.0,0.0,0.0,0.25256305214732394,0.29698772961930864,0.0444246774719847,0.25256305214732394,1.0,0.7474369478526761,0.0,0.0,0.0,0.0,0.0,0.7041616842860133,0.44967235190162624,0.03744633419556021,0.0,0.0,0.0,0.2857142857142857,0.0,0.565405873283779,0.0,1.0,1.0,2.0,algo_low_certainty_sampled,D:\בעלי תשובה\יערות דבש-יצחק אזולאי\יערות דבש השיר והשבחלחי העולמים,D:\בעלי תשובה\אחישנה\לך ה' אלוקי
128.0,128.0,0.0,1.0,0.0,1.0,0.27179654705633965,1.0,0.7282034529436603,0.27179654705633965,0.0,0.27179654705633965,0.0,0.0,0.0,0.0,0.0,0.6083862944763067,0.28941671172074235,0.0,0.0,0.006993006993006996,0.0,0.09999999999999998,0.0,0.45325495009724565,0.0,0.0,0.0,2.0,algo_low_certainty_sampled,D:\בעלי תשובה\יהודה גלאנץ\נעלה,D:\בעלי תשובה\אליך-יריב גולדמן
128.0,192.0,64.0,0.6666666666666666,0.0,0.0,0.25729658680382567,0.3602569865901291,0.10296039978630345,0.25645829152593796,0.20396713382961987,0.0524911576963181,0.0,1.0,0.0,0.0,0.0,0.33112119653290556,0.4222065516861116,0.25951732478048267,0.0,0.024793388429752063,0.0,0.19047619047619047,0.0,0.1620800950178127,0.0,0.0,0.0,2.0,algo_low_certainty_sampled,D:\בעלי תשובה\צבי זלבסקי\פה ושם אני רוקד,D:\בעלי תשובה\שולי רנד\הופעה בקיסריה\שולי רנד - בקיסריה\דיסק 2
128.0,128.0,0.0,1.0,0.0,0.0,0.40582510542562483,0.2889764430020933,0.11684866242353154,0.2226164249693661,0.2889764430020933,0.0663600180327272,0.0,0.0,0.0,0.0,0.0,0.5848117518004947,0.45538507531948313,0.26283186022484717,0.0,0.0,0.0,0.17391304347826086,0.0,0.34323262148473965,0.0,0.0,0.0,2.0,algo_low_certainty_sampled,D:\בעלי תשובה\יוסף (גלעד) קרדונר\סימנים בדרך - 01,D:\בעלי תשובה\דני גולן\דני גולן והחברים\לב טהור
128.0,128.0,0.0,1.0,0.0,1.0,0.2809753868055855,0.7874080873534178,0.5064327005478324,0.2555969699945765,0.7874080873534178,0.5318111173588413,0.0,0.0,0.0,0.0,0.0,0.653794464120038,0.24018170057637497,0.150765142583531,0.0,0.030303030303030307,0.0,0.16666666666666663,0.0,0.38322108377597597,0.0,1.0,1.0,2.0,algo_low_certainty_sampled,D:\בעלי תשובה\יוסף קרדונר\בחירה,D:\בעלי תשובה\המדרגות
320.0,128.0,192.0,0.4,0.0,0.0,0.269820031736722,1.0,0.730179968263278,0.269820031736722,0.2601616418210846,0.009658389915637389,0.0,0.0,0.0,0.0,0.0,0.1857522295279594,0.22617147341870025,0.24443283910635447,0.0,0.0,0.0,0.2857142857142857,0.0,0.3660028169371983,0.0,0.0,0.0,2.0,algo_low_certainty_sampled,D:\בעלי תשובה\חיים דוד סרצ'יק\היום,D:\בעלי תשובה\נקודה טובה
128.0,128.0,0.0,1.0,0.0,0.0,0.2330104184381377,0.4261133624252772,0.1931029439871395,0.18359844124657437,0.4261133624252772,0.24251492117870282,0.0,0.0,0.0,0.0,0.0,0.5370032262437009,0.451545145370659,0.22471619289801106,0.0,0.026936026936026935,0.0,0.19047619047619047,0.0,0.3630285735496251,0.0,0.0,0.0,2.0,algo_low_certainty_sampled,D:\בעלי תשובה\יוסף קרדונר\סימנים בדרך,D:\בעלי תשובה\יוסף (גלעד) קרדונר\בחירה - 03
320.0,160.0,160.0,0.5,0.0,0.0,0.21162859691843153,0.3707724849592341,0.15914388804080257,1.0,0.3707724849592341,0.6292275150407659,0.0,0.0,0.0,0.0,0.0,0.0,0.0,0.0,0.0,0.0,0.0,0.0,0.0,0.0,0.0,0.0,0.0,2.0,algo_no_comparison_result_sampled,D:\בעלי תשובה\שולי רנד\שולי רנד בקיסריה 2,D:\בעלי תשובה\תיקון הכללי
128.0,128.0,0.0,1.0,0.0,1.0,0.2330104184381377,1.0,0.7669895815618624,0.18359844124657437,1.0,0.8164015587534257,0.0,0.0,0.0,0.0,0.0,0.48069597431638383,0.2131340657656911,0.07905738052796878,0.0,0.0,0.0,0.33333333333333337,0.0,0.21842289893175526,0.0,1.0,1.0,2.0,algo_low_certainty_sampled,D:\בעלי תשובה\יוסף קרדונר\סימנים בדרך,D:\בעלי תשובה\אודי דוידי\אודי דוידי דבר אליו
320.0,128.0,192.0,0.4,0.0,0.0,0.20824731826827425,0.21966512044689707,0.011417802178622816,1.0,0.29173991200759963,0.7082600879924004,0.0,0.0,0.0,0.0,0.0,0.10572316128422626,0.4428521412927698,0.11774220612262408,0.05651340996168583,0.07843137254901959,0.0,0.3125,0.0,0.37318646675993516,0.0,1.0,1.0,2.0,algo_low_certainty_sampled,D:\בעלי תשובה\שולי רנד\שולי רנד בקיסריה 1,D:\בעלי תשובה\ישראל דגן\למען שמו באהבה
128.0,56.0,72.0,0.4375,0.0,1.0,0.6606431894230039,0.7537098401213115,0.09306665069830755,0.8222222222222222,0.2459984041872587,0.5762238180349635,0.0,0.0,0.0,0.0,0.0,0.28495971448943097,0.2544191834586547,0.11497984588129066,0.0,0.26809429700734055,0.0,0.23529411764705888,0.0,0.6390854026469842,0.0,1.0,1.0,2.0,algo_low_certainty_sampled,D:\בעלי תשובה\המדרגות\המדרגות חדש,D:\בעלי תשובה\סנדי שמואלי\עד מתי
128.0,96.0,32.0,0.75,0.0,0.0,0.4395813988062998,0.24974139732911663,0.1898400014771832,0.4395813988062998,0.24974139732911663,0.1898400014771832,0.0,0.0,0.0,0.0,0.0,0.596630309347439,0.4088961038961039,0.2193167011672704,0.0,0.0,0.0,0.33333333333333337,0.0,0.3231694271568601,0.0,1.0,1.0,2.0,algo_low_certainty_sampled,D:\בעלי תשובה\ישראל דגן\ראש השנה שלי,D:\בעלי תשובה\קול אחי\השקיפה
96.0,128.0,32.0,0.75,0.0,0.0,0.7141580422083057,0.24746292294408634,0.46669511926421936,0.26794241943258684,0.24746292294408634,0.020479496488500504,0.0,0.0,0.0,0.0,0.0,0.0,0.0,0.0,0.0,0.0,0.0,0.0,0.0,0.0,0.0,0.0,0.0,2.0,algo_no_comparison_result_sampled,D:\בעלי תשובה\אודי אולמן\אגודה אחת,D:\בעלי תשובה\עדי רן\עדי רן והגיטרה - 2
320.0,192.0,128.0,0.6,0.0,0.0,0.21379310344827585,0.7029066585588325,0.48911355511055665,0.21379310344827585,0.28324915824915825,0.0694560548008824,0.0,0.0,0.0,0.0,0.0,0.5567283856375488,0.272868545443647,0.23857623857623858,0.0,0.0,0.0,0.16666666666666663,0.0,0.20522282384318624,0.0,0.0,0.0,2.0,algo_low_certainty_sampled,D:\בעלי תשובה\בנגי רפאל\משיח,D:\בעלי תשובה\אהוד בנאי\טיפ טיפה
32.0,32.0,0.0,1.0,1.0,1.0,0.0,0.0,0.0,0.0,0.0,0.0,0.0,0.0,0.0,0.0,0.0,0.7572347224064759,0.75,0.5,0.0,0.0,0.0,0.5,0.0,0.42014371996267486,0.0,1.0,1.0,2.0,algo_low_certainty_sampled,D:\בעלי תשובה\ארז משה דורון\034 אש רוח מים עפר,D:\בעלי תשובה\ארז משה דורון\061 אמת לרחק ואמת לקרב
128.0,128.0,0.0,1.0,0.0,0.0,0.22711722683296007,0.25729658680382567,0.0301793599708656,0.22711722683296007,0.25645829152593796,0.029341064692977897,0.0,0.0,0.0,0.0,0.0,0.6777441247845495,0.4621418432999913,0.22947183535418833,0.0,0.0202020202020202,0.0,0.33333333333333337,0.0,0.4142522777500066,0.0,1.0,1.0,2.0,algo_low_certainty_sampled,D:\בעלי תשובה\יניב\קומי אורי,D:\בעלי תשובה\צבי זלבסקי\פה ושם אני רוקד
128.0,128.0,0.0,1.0,1.0,1.0,1.0,1.0,0.0,1.0,0.3076843579947969,0.6923156420052031,0.0,0.0,0.0,0.0,0.0,0.7248276216246838,0.35483870967741943,0.05263663872359525,0.0,0.0,0.0,0.1333333333333333,0.0,0.5307188422767609,0.0,1.0,2.0,2.0,algo_low_certainty_sampled,D:\בעלי תשובה\ברק כהן\כי לא ינום,D:\בעלי תשובה\מיקי רוזנבאום\פסיפס
128.0,128.0,0.0,1.0,1.0,1.0,0.6974116257476615,1.0,0.30258837425233853,0.6974116257476615,1.0,0.30258837425233853,0.0,0.0,0.0,0.0,0.0,0.6744015716173801,0.20000377660877433,0.11374914200711528,0.0,0.0,0.0,0.33333333333333337,0.0,0.4377329352652136,0.0,1.0,1.0,2.0,algo_low_certainty_sampled,D:\בעלי תשובה\חיות  הקודש,D:\בעלי תשובה\אודי דוידי\אודי דוידי דבר אליו
128.0,32.0,96.0,0.25,1.0,1.0,0.306539294039294,0.0,0.306539294039294,0.306539294039294,0.0,0.306539294039294,0.0,0.0,0.0,0.0,0.0,0.7776759648408276,0.4537581699346405,0.0,0.0,0.0,0.0,0.3448275862068966,0.0,0.0,0.0,0.0,0.0,2.0,algo_low_certainty_sampled,D:\בעלי תשובה\בהרוז אהרוני\שירת השבים,D:\בעלי תשובה\ארז משה דורון\060 לבטל את היסורים
128.0,128.0,0.0,1.0,0.0,0.0,0.2139713364504999,0.2873753124937582,0.0734039760432583,0.21586764519215973,0.2873753124937582,0.07150766730159847,0.0,0.0,0.0,0.0,0.0,0.0,0.0,0.0,0.0,0.0,0.0,0.0,0.0,0.0,0.0,0.0,0.0,2.0,algo_no_comparison_result_sampled,D:\בעלי תשובה\אנסמבל שם-טוב לוי\תחנות רוח,D:\בעלי תשובה\אברהם אבוטבול\בית הקדושה
128.0,128.0,0.0,1.0,1.0,1.0,0.2941560623287137,0.24951725891354376,0.04463880341516996,0.0,0.24951725891354376,0.24951725891354376,0.0,0.0,0.0,0.0,0.0,0.5607755197979551,0.4673219709229528,0.0,0.0,0.0,0.0,0.2857142857142857,0.0,0.370890126137325,0.0,0.0,0.0,2.0,algo_low_certainty_sampled,D:\בעלי תשובה\עדי רן\אל תכה בסלע,D:\בעלי תשובה\דני ממן\זה שיר שבח
160.0,128.0,32.0,0.8,0.0,0.0,0.2726881529823451,0.8333333333333334,0.5606451803509882,0.27311707713779837,0.23579977126416757,0.0373173058736308,0.0,0.0,0.0,0.0,0.0,0.45030699053966,0.19785641365029216,0.1659586612218191,0.0,0.049999999999999996,0.0,0.0,0.0,0.2527872429432779,0.0,1.0,1.0,2.0,algo_low_certainty_sampled,D:\בעלי תשובה\שמעונה,D:\בעלי תשובה\אודי דוידי\אודי דודי 2\no title
96.0,128.0,32.0,0.75,0.0,0.0,0.24974139732911663,0.2499528889962427,0.0002114916671260847,0.24974139732911663,0.2499528889962427,0.0002114916671260847,0.0,0.0,0.0,0.0,0.0,0.7104169170203319,0.44285642159016536,0.20596049474821854,0.0,0.0,0.0,0.2222222222222222,0.0,0.5524847256241202,0.0,1.0,1.0,2.0,algo_low_certainty_sampled,D:\בעלי תשובה\קול אחי\השקיפה,D:\בעלי תשובה\דני
128.0,128.0,0.0,1.0,0.0,0.0,0.6974116257476615,0.23306579697939106,0.4643458287682704,0.6974116257476615,0.23306579697939106,0.4643458287682704,0.0,0.0,0.0,0.0,0.0,0.5323672846022803,0.40822275019964366,0.22512171221848642,0.0,0.0,0.0,0.3157894736842105,0.0,0.23436167759302065,0.0,0.0,0.0,2.0,algo_low_certainty_sampled,D:\בעלי תשובה\חיות  הקודש,D:\בעלי תשובה\אודי אולמן\אודי - 3
128.0,128.0,0.0,1.0,1.0,1.0,0.3462975584756755,0.2499528889962427,0.09634466947943279,0.3462975584756755,0.2499528889962427,0.09634466947943279,0.0,0.0,0.0,0.0,0.0,0.5502342901954643,0.42814911781735765,0.24681929943539851,0.0,0.0,0.0,0.3076923076923077,0.0,0.34823773380746903,0.0,1.0,1.0,2.0,algo_low_certainty_sampled,D:\בעלי תשובה\ישראל דגן\נפשי החזקה,D:\בעלי תשובה\דני
128.0,157.0909090909091,29.090909090909093,0.8148148148148148,0.0,0.0,0.2330104184381377,0.3433230563582517,0.11031263792011403,0.18359844124657437,0.2387152837785005,0.055116842531926113,0.0,0.0,0.0,0.0,0.0,0.3369186245970344,0.3028854659939673,0.2568983957219251,0.0,0.0404040404040404,0.0,0.11764705882352944,0.0,0.2218672944319276,0.0,1.0,1.0,2.0,algo_low_certainty_sampled,D:\בעלי תשובה\יוסף קרדונר\סימנים בדרך,D:\בעלי תשובה\מאיר בנאי\לך אלי
96.0,160.0,64.0,0.6,0.0,0.0,0.7141580422083057,0.2726881529823451,0.4414698892259606,0.26794241943258684,0.27311707713779837,0.005174657705211527,0.0,0.0,0.0,0.0,0.0,0.2742121498272975,0.2509583398822881,0.24289960481377157,0.0,0.049999999999999996,0.0,0.2666666666666667,0.0,0.3520271095612746,0.0,0.0,0.0,2.0,algo_low_certainty_sampled,D:\בעלי תשובה\אודי אולמן\אגודה אחת,D:\בעלי תשובה\שמעונה
128.0,128.0,0.0,1.0,0.0,0.0,0.4028413437474495,1.0,0.5971586562525505,0.2725157489002033,1.0,0.7274842510997968,0.0,0.0,0.0,0.0,0.0,0.750709000539599,0.24585808001662218,0.05805152291136273,0.0,0.3333333333333334,0.0,0.43478260869565216,0.0,0.6077971787179648,0.0,1.0,1.0,2.0,algo_low_certainty_sampled,D:\בעלי תשובה\מאיר בנאי\שמע קולי,D:\בעלי תשובה\ברלינגר\משה לוי והלויים
98.9090909090909,128.0,29.090909090909093,0.7727272727272727,0.0,0.0,0.2270135150184752,1.0,0.7729864849815248,0.2270135150184752,1.0,0.7729864849815248,0.0,1.0,0.0,0.0,0.0,0.28092132229763483,0.21632051519896542,0.09426401732551465,0.0,0.0,0.0,0.2222222222222222,0.0,0.1263460161845641,0.0,1.0,1.0,2.0,algo_low_certainty_sampled,D:\בעלי תשובה\יצחק פוקס\פוקס,D:\בעלי תשובה\יצחק מאיר\נשמות חדשות\חלק 2
128.0,128.0,0.0,1.0,0.0,0.0,0.2809753868055855,1.0,0.7190246131944145,0.2555969699945765,1.0,0.7444030300054235,0.0,1.0,0.0,0.0,0.0,0.5482830495784202,0.2565734324232347,0.16905867610201977,0.0,0.0,0.0,0.19999999999999996,0.0,0.34231256801805277,0.0,1.0,1.0,2.0,algo_low_certainty_sampled,D:\בעלי תשובה\יוסף קרדונר\בחירה,D:\בעלי תשובה\יצחק מאיר\נשמות חדשות\חלק 2
128.0,128.0,0.0,1.0,1.0,0.0,1.0,0.2499528889962427,0.7500471110037573,0.27844605035436915,0.2499528889962427,0.028493161358126434,0.0,0.0,0.0,0.0,0.0,0.7472411474494438,0.18466964645095577,0.22126624422276597,0.0,0.0,0.0,0.25,0.0,0.5652079090875064,0.0,1.0,1.0,2.0,algo_low_certainty_sampled,D:\בעלי תשובה\סנדי שמואלי\מחכים,D:\בעלי תשובה\דני
157.0909090909091,128.0,29.090909090909093,0.8148148148148148,0.0,0.0,0.3433230563582517,0.8181818181818182,0.4748587618235665,0.2387152837785005,0.0,0.2387152837785005,0.0,0.0,0.0,0.0,0.0,0.6135323408862132,0.12052317897719635,0.0,0.0,0.02371541501976285,0.0,0.34782608695652173,0.0,0.43946683428713873,0.0,1.0,1.0,2.0,algo_low_certainty_sampled,D:\בעלי תשובה\מאיר בנאי\לך אלי,D:\בעלי תשובה\חיים דוד סרצ'יק\היום\1-זה כפול נא לסדר
128.0,128.0,0.0,1.0,1.0,0.0,1.0,0.3462975584756755,0.6537024415243244,0.27844605035436915,0.3462975584756755,0.06785150812130636,0.0,0.0,0.0,0.0,0.0,0.5075959130901921,0.18955515739695478,0.2397335916901134,0.0,0.0,0.0,0.1333333333333333,0.0,0.30424634331483835,0.0,1.0,1.0,2.0,algo_low_certainty_sampled,D:\בעלי תשובה\סנדי שמואלי\מחכים,D:\בעלי תשובה\ישראל דגן\נפשי החזקה
320.0,128.0,192.0,0.4,0.0,0.0,0.6733800968690087,0.39700289550146606,0.2763772013675426,0.3065353641482236,0.39700289550146606,0.09046753135324248,0.0,0.0,0.0,0.0,0.0,0.0,0.0,0.0,0.0,0.0,0.0,0.0,0.0,0.0,0.0,0.0,0.0,2.0,algo_no_comparison_result_sampled,D:\בעלי תשובה\ברלינגר\אהוד בנאי\רסיסי לילה-אהוד בנאי,D:\בעלי תשובה\אלי מנדלבוים\חסינגלים
128.0,128.0,0.0,1.0,1.0,1.0,0.6974116257476615,0.27114163132912755,0.4262699944185339,0.6974116257476615,0.27114163132912755,0.4262699944185339,0.0,0.0,0.0,0.0,0.0,0.5746650040131647,0.4749953582797106,0.3206359092833282,0.0,0.0,0.0,0.4705882352941176,0.0,0.35619369403895296,0.0,1.0,1.0,2.0,algo_low_certainty_sampled,D:\בעלי תשובה\חיות  הקודש,D:\בעלי תשובה\דב אינדיג\בת קול
128.0,160.0,32.0,0.8,0.0,0.0,0.314852760634035,0.2360348106993184,0.07881794993471661,0.19920827968857835,0.2360348106993184,0.03682653101074004,0.0,0.0,0.0,0.0,0.0,0.5668277156795074,0.3397229595189504,0.2269153192018467,0.0,0.0,0.0,0.17142857142857137,0.0,0.3791607235322883,0.0,0.0,0.0,2.0,algo_low_certainty_sampled,D:\בעלי תשובה\קן ברג'ס\קן ברג'ס-בנה מלכותו,D:\בעלי תשובה\שירים שאלעזר אהב
128.0,157.0909090909091,29.090909090909093,0.8148148148148148,0.0,0.0,0.3022111170984259,0.3433230563582517,0.041111939259825814,0.3022111170984259,0.2387152837785005,0.06349583331992542,0.0,0.0,0.0,0.0,0.0,0.19254578049573856,0.295626764044659,0.0766530570878397,0.0,0.07086186540731995,0.0,0.4,0.0,0.0,0.0,1.0,1.0,2.0,algo_low_certainty_sampled,D:\בעלי תשובה\ישראל דגן\דגן חתונות\משה אטיאס,D:\בעלי תשובה\מאיר בנאי\לך אלי
64.0,128.0,64.0,0.5,0.0,0.0,0.24337572331410295,0.264503876615915,0.021128153301812058,0.4669122431312358,1.0,0.5330877568687642,0.0,0.0,0.0,0.0,0.0,0.3331683374434828,0.4599718447544534,0.026534802916381866,0.0,0.0,0.0,0.3076923076923077,0.0,0.5737586289803734,0.0,1.0,1.0,2.0,algo_low_certainty_sampled,D:\בעלי תשובה\אודי טופלברג\מים,D:\בעלי תשובה\אסף נגל\אדיר במרום
128.0,128.0,0.0,1.0,0.0,1.0,0.2499528889962427,0.2727991566036579,0.022846267607415177,0.2499528889962427,0.27455635043139537,0.024603461435152657,0.0,0.0,0.0,0.0,0.0,0.6760563878714776,0.476269908740497,0.2957365175244432,0.0,0.0,0.0,0.33333333333333337,0.0,0.48412992391244575,0.0,1.0,1.0,2.0,algo_low_certainty_sampled,D:\בעלי תשובה\דני,D:\בעלי תשובה\ישעיה חסיד\אחד
128.0,192.0,64.0,0.6666666666666666,0.0,0.0,0.4261133624252772,0.3602569865901291,0.06585637583514808,0.4261133624252772,0.20396713382961987,0.22214622859565733,0.0,1.0,0.0,0.0,0.0,0.0,0.0,0.0,0.0,0.0,0.0,0.0,0.0,0.0,0.0,0.0,0.0,2.0,algo_no_comparison_result_sampled,D:\בעלי תשובה\יוסף (גלעד) קרדונר\בחירה - 03,D:\בעלי תשובה\שולי רנד\הופעה בקיסריה\שולי רנד - בקיסריה\דיסק 2
128.0,32.0,96.0,0.25,1.0,1.0,0.4407025534851622,0.0,0.4407025534851622,0.4407025534851622,0.0,0.4407025534851622,0.0,0.0,0.0,0.0,0.0,0.30666702679694946,0.4050517598343685,0.1209653092006033,0.0,0.0,0.0,0.19999999999999996,0.0,0.13300648233319629,0.0,0.0,0.0,2.0,algo_low_certainty_sampled,D:\בעלי תשובה\ישראל דגן\מחול צדיקים,D:\בעלי תשובה\ארז משה דורון\079 הגיע זמן הגאולה
128.0,128.0,0.0,1.0,0.0,0.0,0.22711722683296007,0.6974116257476615,0.4702943989147014,0.22711722683296007,0.6974116257476615,0.4702943989147014,0.0,0.0,0.0,0.0,0.0,0.6534778325216135,0.42523658119716234,0.2508286337639174,0.0,0.0,0.0,0.30000000000000004,0.0,0.4392918777330453,0.0,1.0,1.0,2.0,algo_low_certainty_sampled,D:\בעלי תשובה\יניב\קומי אורי,D:\בעלי תשובה\חיות  הקודש
128.0,160.0,32.0,0.8,1.0,1.0,0.2499528889962427,0.22423017210857654,0.02572271688766617,0.2499528889962427,0.22423017210857654,0.02572271688766617,0.0,0.0,0.0,0.0,0.0,0.3538951950450807,0.4477015950494212,0.24597856421025957,0.0,0.0,0.0,0.25,0.0,0.2717424411774306,0.0,1.0,1.0,2.0,algo_low_certainty_sampled,D:\בעלי תשובה\דני,D:\בעלי תשובה\מים 1
128.0,128.0,0.0,1.0,0.0,0.0,0.26316833264670075,1.0,0.7368316673532993,0.26316833264670075,1.0,0.7368316673532993,0.0,0.0,0.0,0.0,0.0,0.775941596120808,0.29633315181162456,0.2221527055996818,0.0,0.0,0.0,0.06896551724137934,0.0,0.5731500039831962,0.0,1.0,1.0,2.0,algo_low_certainty_sampled,D:\בעלי תשובה\ירמיהו\כנגן המנגן,D:\בעלי תשובה\אודי דוידי\אודי דוידי דבר אליו
32.0,32.0,0.0,1.0,1.0,1.0,0.0,0.0,0.0,0.0,0.0,0.0,0.0,0.0,0.0,0.0,0.0,0.7222065289527675,0.8333333333333336,0.5,0.0,0.0,0.0,0.4516129032258065,0.0,0.49544137106893177,0.0,1.0,1.0,2.0,algo_low_certainty_sampled,D:\בעלי תשובה\ארז משה דורון\004 זוגיות רוחנית,D:\בעלי תשובה\ארז משה דורון\009 סיפור אישי
128.0,128.0,0.0,1.0,0.0,0.0,0.3022111170984259,1.0,0.6977888829015741,0.3022111170984259,1.0,0.6977888829015741,0.0,1.0,0.0,0.0,0.0,0.15706660791277338,0.2666627728272574,0.04351758543562165,0.0,0.12122191984260948,0.0,0.1428571428571429,0.0,0.0,0.0,1.0,1.0,2.0,algo_low_certainty_sampled,D:\בעלי תשובה\ישראל דגן\דגן חתונות\משה אטיאס,D:\בעלי תשובה\יצחק מאיר\נשמות חדשות\חלק 2
126.54545454545455,128.0,1.4545454545454533,0.9886363636363636,0.0,0.0,0.30835235107667835,0.39271008922891665,0.08435773815223829,0.3036951978849802,0.24409440945116195,0.05960078843381822,0.0,1.0,0.0,0.0,0.0,0.6196735411936046,0.4132012516951931,0.21658752034515638,0.0,0.011363636363636364,0.0,0.4,0.0,0.3834008166335528,0.0,0.5,0.0,2.0,algo_low_certainty_sampled,D:\בעלי תשובה\יוסף קרדונר\מקור החכמה,D:\בעלי תשובה\שולי רנד\נקודה טובה
32.0,320.0,288.0,0.1,0.0,0.0,0.0,0.4266569804539248,0.4266569804539248,0.0,0.4266569804539248,0.4266569804539248,0.0,0.0,0.0,0.0,0.0,0.07729925110769455,0.3349270482603816,0.017543859649122806,0.0,0.0,0.0,0.25531914893617025,0.0,0.16666666666666666,0.0,0.0,0.0,2.0,algo_low_certainty_sampled,D:\בעלי תשובה\ארז משה דורון\000[022] איך זוכים לחיות באמת,D:\בעלי תשובה\עמיר בניון\עמיר בניון - המקלט
32.0,128.0,96.0,0.25,1.0,1.0,0.0,0.30459474003409925,0.30459474003409925,0.0,0.30459474003409925,0.30459474003409925,0.0,0.0,0.0,0.0,0.0,0.510270810834308,0.3478309516570386,0.0,0.0,0.0,0.0,0.19999999999999996,0.0,0.0,0.0,0.0,0.0,2.0,algo_low_certainty_sampled,D:\בעלי תשובה\ארז משה דורון\093 ישוב הדעת,D:\בעלי תשובה\אשר אלפסי\אתה הכל
128.0,128.0,0.0,1.0,0.0,0.0,0.4395813988062998,1.0,0.5604186011937002,0.4395813988062998,1.0,0.5604186011937002,0.0,0.0,0.0,0.0,0.0,0.5616751515283719,0.14720016586138676,0.02981761993548036,0.0,0.0,0.0,0.2727272727272727,0.0,0.4464927037783504,0.0,1.0,1.0,2.0,algo_low_certainty_sampled,D:\בעלי תשובה\ישראל דגן\ראש השנה שלי,D:\בעלי תשובה\נפתלי גולד
128.0,128.0,0.0,1.0,1.0,1.0,0.4395813988062998,1.0,0.5604186011937002,0.4395813988062998,0.0,0.4395813988062998,0.0,0.0,0.0,0.0,0.0,0.45393287042776753,0.1668810592487179,0.0,0.0,0.0,0.0,0.19999999999999996,0.0,0.22493711772435399,0.0,1.0,1.0,2.0,algo_low_certainty_sampled,D:\בעלי תשובה\ישראל דגן\ראש השנה שלי,D:\בעלי תשובה\חיים דוד סרצ'יק\למעו שמו
320.0,128.0,192.0,0.4,0.3333333333333333,0.0,0.21162859691843153,0.2409177614286613,0.02928916451022978,1.0,0.2393952727002871,0.760604727299713,0.0,0.0,0.0,0.0,0.0,0.1474681584725159,0.48871855927203783,0.0900229262247275,0.8571428571428575,0.7454545454545456,0.0,0.9090909090909091,0.0,0.2435250173480452,0.0,1.0,1.0,2.0,algo_low_certainty_sampled,D:\בעלי תשובה\שולי רנד\שולי רנד בקיסריה 2,D:\בעלי תשובה\שולי רנד\שולי רנד קיסריה
128.0,128.0,0.0,1.0,0.0,0.0,0.36207277452891484,0.21116393582337853,0.1509088387055363,1.0,0.21116393582337853,0.7888360641766214,0.0,0.0,0.0,0.0,0.0,0.5897420823661265,0.44927171362703594,0.032275641025641025,0.0,0.0,0.0,0.23529411764705888,0.0,0.2441762438997456,0.0,1.0,1.0,2.0,algo_low_certainty_sampled,D:\בעלי תשובה\ברק כהן\יש תקווה,D:\בעלי תשובה\סנדי שמואלי\בעזרת השם
32.0,32.0,0.0,1.0,1.0,1.0,0.0,0.0,0.0,0.0,1.0,1.0,0.0,0.0,0.0,0.0,0.0,0.529993668787369,0.7692307692307692,0.05555555555555555,0.0,0.0,0.0,0.38888888888888884,0.0,0.25,0.0,1.0,1.0,2.0,algo_low_certainty_sampled,D:\בעלי תשובה\ארז משה דורון\003 שמחה מתוך צער,D:\בעלי תשובה\ארז משה דורון\000[096] סוד הויתור
96.0,128.0,32.0,0.75,0.0,0.0,0.22190442340597138,0.6387530961627489,0.4168486727567775,0.22190442340597138,0.2787580723284634,0.056853648922492006,0.0,0.0,0.0,0.0,0.0,0.0,0.0,0.0,0.0,0.0,0.0,0.0,0.0,0.0,0.0,0.0,0.0,2.0,algo_no_comparison_result_sampled,D:\בעלי תשובה\קול אחי\הללו,D:\בעלי תשובה\ישראל דגן\עדיין יש תקווה
128.0,128.0,0.0,1.0,1.0,1.0,0.2755814301892734,1.0,0.7244185698107266,0.2755814301892734,0.0,0.2755814301892734,0.0,0.0,0.0,0.0,0.0,0.5732976130339023,0.20573682628731715,0.0,0.0,0.0,0.0,0.0,0.0,0.25082148465846543,0.0,1.0,1.0,2.0,algo_low_certainty_sampled,D:\בעלי תשובה\יהודה גלאנץ\Phinar,D:\בעלי תשובה\חיים דוד סרצ'יק\למעו שמו
96.0,128.0,32.0,0.75,0.0,0.0,0.24974139732911663,0.6606431894230039,0.41090179209388733,0.24974139732911663,0.8222222222222222,0.5724808248931056,0.0,0.0,0.0,0.0,0.0,0.7106932225106612,0.36696985237203195,0.08965934012310824,0.0,0.2088298483126069,0.0,0.23529411764705888,0.0,0.5715186539027559,0.0,1.0,1.0,2.0,algo_low_certainty_sampled,D:\בעלי תשובה\קול אחי\השקיפה,D:\בעלי תשובה\המדרגות\המדרגות חדש
56.0,128.0,72.0,0.4375,0.0,1.0,0.7537098401213115,0.24951725891354376,0.5041925812077677,0.2459984041872587,0.24951725891354376,0.003518854726285048,0.0,0.0,0.0,0.0,0.0,0.14295681839202662,0.25763608718080794,0.23380524704054112,0.0,0.0,0.0,0.25,0.0,0.4747375233067929,0.0,1.0,1.0,2.0,algo_low_certainty_sampled,D:\בעלי תשובה\סנדי שמואלי\עד מתי,D:\בעלי תשובה\דני ממן\זה שיר שבח
160.0,157.0909090909091,2.9090909090909065,0.9818181818181818,0.0,0.0,0.27238638174643265,0.3433230563582517,0.07093667461181907,0.27238638174643265,0.2387152837785005,0.03367109796793216,0.0,0.0,0.0,0.0,0.0,0.671775746183185,0.2629326977926847,0.24219243761577855,0.0,0.0,0.0,0.375,0.0,0.46845321215926405,0.0,1.0,1.0,2.0,algo_low_certainty_sampled,D:\בעלי תשובה\אהרון רזאל\זמן הגאולה,D:\בעלי תשובה\מאיר בנאי\לך אלי
128.0,128.0,0.0,1.0,0.0,0.0,0.27700884219937516,0.2000802777784875,0.07692856442088766,0.27700884219937516,0.0,0.27700884219937516,0.0,0.0,0.0,0.0,0.0,0.0,0.0,0.0,0.0,0.0,0.0,0.0,0.0,0.0,0.0,0.0,0.0,2.0,algo_no_comparison_result_sampled,D:\בעלי תשובה\עדי רן\עדי רן והגיטרה - 1,D:\בעלי תשובה\אודי אולמן\דברי שיר
32.0,32.0,0.0,1.0,1.0,1.0,0.0,0.0,0.0,0.0,0.0,0.0,0.0,0.0,0.0,0.0,0.0,0.5925715461972079,0.923076923076923,0.8,0.0,0.0,0.0,0.33333333333333337,0.0,0.15240203024029864,0.0,1.0,1.0,2.0,algo_low_certainty_sampled,D:\בעלי תשובה\ארז משה דורון\013 צא אל השדות,D:\בעלי תשובה\ארז משה דורון\001 תיקון הכללי
128.0,320.0,192.0,0.4,0.0,0.0,0.4601311768377076,0.416959409862627,0.04317176697508063,0.4601311768377076,0.31644553061421565,0.14368564622349195,0.0,1.0,0.0,0.0,0.0,0.14186681278420496,0.45219537794599446,0.3367373696159679,0.0,0.0,0.0,0.19354838709677424,0.0,0.510207236006963,0.0,1.0,1.0,2.0,algo_low_certainty_sampled,D:\בעלי תשובה\יונתן,D:\בעלי תשובה\עמיר בניון\עמיר בניון שירי ארץ אהבה\עמיר בניון - שירי ארץ-אהבה
320.0,192.0,128.0,0.6,0.0,0.0,0.269820031736722,0.3602569865901291,0.09043695485340714,0.269820031736722,0.20396713382961987,0.06585289790710211,0.0,1.0,0.0,0.0,0.0,0.3937687201725346,0.4209405753676826,0.20616281085670876,0.0,0.0,0.0,0.19999999999999996,0.0,0.3971107908099519,0.0,0.0,0.0,2.0,algo_low_certainty_sampled,D:\בעלי תשובה\חיים דוד סרצ'יק\היום,D:\בעלי תשובה\שולי רנד\הופעה בקיסריה\שולי רנד - בקיסריה\דיסק 2
48.0,128.0,80.0,0.375,0.0,1.0,0.3657312505730815,1.0,0.6342687494269186,0.1783519691265463,1.0,0.8216480308734537,0.0,0.0,0.0,0.0,0.0,0.11150151170868164,0.26593446630897943,0.03916123642439433,0.0,0.0,0.0,0.2702702702702703,0.0,0.4306199082297805,0.0,1.0,1.0,2.0,algo_low_certainty_sampled,D:\בעלי תשובה\עמיר בניון\עמיר בניון - עומד בשער,D:\בעלי תשובה\ברלינגר\משה לוי והלויים
128.0,128.0,0.0,1.0,0.0,0.0,0.41342995655720544,0.3409729108296054,0.07245704572760003,0.351482127623708,0.3409729108296054,0.010509216794102605,0.0,0.0,0.0,0.0,0.0,0.42553916194821517,0.4054955283301427,0.13420285019211267,0.0,0.14012294894647834,0.0,0.2962962962962963,0.0,0.2675581339368505,0.0,1.0,1.0,2.0,algo_low_certainty_sampled,D:\בעלי תשובה\ישראל דגן\גדולתינו ותיפארתינו,D:\בעלי תשובה\ישראל דגן\דגן חתונות\משה אונו
32.0,32.0,0.0,1.0,1.0,1.0,0.0,0.0,0.0,0.0,0.0,0.0,0.0,0.0,0.0,0.0,0.0,0.6902830826028391,0.6666666666666667,0.2857142857142857,0.0,0.0,0.0,0.48484848484848486,0.0,0.5552341066170079,0.0,1.0,1.0,2.0,algo_low_certainty_sampled,D:\בעלי תשובה\ארז משה דורון\063 מנהיגות יהודית,D:\בעלי תשובה\ארז משה דורון\028 חינוך ילדים
48.0,128.0,80.0,0.375,0.0,0.0,0.3657312505730815,0.4028413437474495,0.03711009317436803,0.1783519691265463,0.2725157489002033,0.094163779773657,0.0,0.0,0.0,0.0,0.0,0.12149023245113513,0.6154701721537421,0.19772918258212377,0.0,0.0,0.0,0.19999999999999996,0.0,0.6694948167027387,0.0,1.0,2.0,2.0,algo_low_certainty_sampled,D:\בעלי תשובה\עמיר בניון\עמיר בניון - עומד בשער,D:\בעלי תשובה\מאיר בנאי\שמע קולי
128.0,160.0,32.0,0.8,1.0,1.0,1.0,0.21497468337814524,0.7850253166218548,1.0,0.21497468337814524,0.7850253166218548,0.0,0.0,0.0,0.0,0.0,0.4523996817670104,0.2326379158973245,0.12528474525168226,0.0,0.0,0.0,0.13953488372093026,0.0,0.18200297876811944,0.0,1.0,1.0,2.0,algo_low_certainty_sampled,D:\בעלי תשובה\יצחק פוקס\(באנו ביחד (כדאי לבדוק אם חסר איזה שיר,D:\בעלי תשובה\מים 2
128.0,128.0,0.0,1.0,0.0,0.0,0.2941560623287137,1.0,0.7058439376712863,0.0,1.0,1.0,0.0,0.0,0.0,0.0,0.0,0.6599525522278559,0.18247685185185186,0.0,0.0,0.0,0.0,0.2857142857142857,0.0,0.43564958421546357,0.0,0.0,0.0,2.0,algo_low_certainty_sampled,D:\בעלי תשובה\עדי רן\אל תכה בסלע,D:\בעלי תשובה\נפתלי גולד
128.0,128.0,0.0,1.0,0.0,0.0,0.2139713364504999,0.2809753868055855,0.06700405035508558,0.21586764519215973,0.2555969699945765,0.039729324802416754,0.0,0.0,0.0,0.0,0.0,0.5923113518893025,0.48703400899525245,0.25233482829574316,0.0,0.03305785123966942,0.0,0.2857142857142857,0.0,0.38745032742805935,0.0,0.0,0.0,2.0,algo_low_certainty_sampled,D:\בעלי תשובה\אנסמבל שם-טוב לוי\תחנות רוח,D:\בעלי תשובה\יוסף קרדונר\בחירה
128.0,128.0,0.0,1.0,0.0,0.0,0.37977690175096385,0.2000802777784875,0.17969662397247635,0.23290542901652928,0.0,0.23290542901652928,0.0,0.0,0.0,0.0,0.0,0.0,0.0,0.0,0.0,0.0,0.0,0.0,0.0,0.0,0.0,0.0,0.0,2.0,algo_no_comparison_result_sampled,D:\בעלי תשובה\יוסף (גלעד) קרדונר\כל העולם - 02,D:\בעלי תשובה\אודי אולמן\דברי שיר
166.4,128.0,38.400000000000006,0.7692307692307692,0.0,0.0,0.2594066150567698,0.36207277452891484,0.10266615947214502,0.2594066150567698,1.0,0.7405933849432302,1.0,0.0,0.0,0.0,0.0,0.6084000875146718,0.4540022890097853,0.05957716689914831,0.0,0.0,0.0,0.27586206896551724,0.0,0.4948293093299389,0.0,0.75,1.0,2.0,algo_low_certainty_sampled,D:\בעלי תשובה\עדי רן\עדי רן - גלגל של הצלה,D:\בעלי תשובה\ברק כהן\יש תקווה
128.0,320.0,192.0,0.4,0.0,0.0,0.37977690175096385,0.2184054305612374,0.16137147118972645,0.23290542901652928,0.2184054305612374,0.014499998455291874,0.0,1.0,0.0,0.0,0.0,0.0,0.0,0.0,0.0,0.0,0.0,0.0,0.0,0.0,0.0,0.0,0.0,2.0,algo_no_comparison_result_sampled,D:\בעלי תשובה\יוסף (גלעד) קרדונר\כל העולם - 02,D:\בעלי תשובה\ישי ריבו\שטח אפור
128.0,128.0,0.0,1.0,0.0,0.0,0.6202184291388099,0.2727991566036579,0.347419272535152,0.27770914861101964,0.27455635043139537,0.003152798179624272,0.0,0.0,0.0,0.0,0.0,0.6837449812004073,0.40637443271589613,0.26983958070914593,0.0,0.016666666666666663,0.0,0.0,0.0,0.4157989628201547,0.0,1.0,1.0,2.0,algo_low_certainty_sampled,D:\בעלי תשובה\אחיה רובין\ונזכה,D:\בעלי תשובה\ישעיה חסיד\אחד
128.0,128.0,0.0,1.0,1.0,1.0,1.0,0.4395813988062998,0.5604186011937002,1.0,0.4395813988062998,0.5604186011937002,0.0,0.0,0.0,0.0,0.0,0.5617156894403001,0.1668810592487179,0.055287413784004216,0.0,0.0,0.0,0.2857142857142857,0.0,0.4503891463620938,0.0,1.0,1.0,2.0,algo_low_certainty_sampled,D:\בעלי תשובה\יצחק שדהו,D:\בעלי תשובה\ישראל דגן\ראש השנה שלי
128.0,128.0,0.0,1.0,0.0,0.0,0.4028413437474495,0.2889764430020933,0.11386490074535621,0.2725157489002033,0.2889764430020933,0.016460694101889994,0.0,0.0,0.0,0.0,0.0,0.6342977892525916,0.3984572616925558,0.21894409937888196,0.0,0.0,0.0,0.2666666666666667,0.0,0.38687051824081625,0.0,1.0,1.0,2.0,algo_low_certainty_sampled,D:\בעלי תשובה\מאיר בנאי\שמע קולי,D:\בעלי תשובה\דני גולן\דני גולן והחברים\לב טהור
128.0,128.0,0.0,1.0,0.0,0.0,0.4249225978542701,0.7648210459606535,0.33989844810638337,0.4249225978542701,0.635970973660645,0.21104837580637492,1.0,0.0,0.0,0.0,0.0,0.5939937080429788,0.3114223810177516,0.3007307426872644,0.0,0.10784313725490198,0.0,0.2222222222222222,0.0,0.3503679469221838,0.0,1.0,1.0,2.0,algo_low_certainty_sampled,D:\בעלי תשובה\ניצן חן רזאל מוצא מקום,D:\בעלי תשובה\הלוים
128.0,128.0,0.0,1.0,0.0,1.0,0.7874080873534178,0.6974116257476615,0.08999646160575636,0.7874080873534178,0.6974116257476615,0.08999646160575636,0.0,0.0,0.0,0.0,0.0,0.6623162706271035,0.2930483208723392,0.23625120187901014,0.0,0.0,0.0,0.2222222222222222,0.0,0.4938007248797025,0.0,1.0,1.0,2.0,algo_low_certainty_sampled,D:\בעלי תשובה\המדרגות,D:\בעלי תשובה\חיות  הקודש
32.0,32.0,0.0,1.0,1.0,1.0,0.0,0.0,0.0,0.0,0.0,0.0,0.0,0.0,0.0,0.0,0.0,0.655180182922005,0.7692307692307692,0.4,0.0,0.0,0.0,0.2962962962962963,0.0,0.6551346688816699,0.0,1.0,1.0,2.0,algo_low_certainty_sampled,D:\בעלי תשובה\ארז משה דורון\029 לראות טוב,D:\בעלי תשובה\ארז משה דורון\005 ניקוי הראש
32.0,320.0,288.0,0.1,1.0,1.0,0.0,0.21379310344827585,0.21379310344827585,0.0,0.21379310344827585,0.21379310344827585,0.0,0.0,0.0,0.0,0.0,0.25913171060937623,0.3505026455026455,0.0,0.0,0.0,0.0,0.2222222222222222,0.0,0.0,0.0,0.0,0.0,2.0,algo_low_certainty_sampled,D:\בעלי תשובה\ארז משה דורון\064 תמיד תלמיד,D:\בעלי תשובה\בנגי רפאל\משיח
160.0,128.0,32.0,0.8,0.0,0.0,0.2150137524440931,0.24951725891354376,0.03450350646945066,0.18847562874257065,0.24951725891354376,0.06104163017097311,0.0,0.0,0.0,0.0,0.0,0.5931143925306853,0.5059486322644218,0.21213786213786215,0.0,0.0,0.0,0.0,0.0,0.22303008387929654,0.0,1.0,1.0,2.0,algo_low_certainty_sampled,D:\בעלי תשובה\ברק כהן\ברק כהן עם דובי גינז\עונג,D:\בעלי תשובה\דני ממן\זה שיר שבח
128.0,320.0,192.0,0.4,0.0,0.0,0.4601311768377076,0.45042736031577224,0.00970381652193536,0.4601311768377076,0.45042736031577224,0.00970381652193536,0.0,0.0,0.0,0.0,0.0,0.06674906527725552,0.40018804390448764,0.3084727966253426,0.0,0.0,0.0,0.1428571428571429,0.0,0.06452590058141498,0.0,0.0,0.0,2.0,algo_low_certainty_sampled,D:\בעלי תשובה\יונתן,D:\בעלי תשובה\יאיר כלב\הרב יאיר כלב ולהקת א גרויסע מציאה\עצם הנשמה
32.0,128.0,96.0,0.25,1.0,1.0,0.0,0.4407025534851622,0.4407025534851622,0.0,0.4407025534851622,0.4407025534851622,0.0,0.0,0.0,0.0,0.0,0.2458030702845669,0.4193374741200828,0.1409653092006033,0.0,0.0,0.0,0.25,0.0,0.0,0.0,0.0,0.0,2.0,algo_low_certainty_sampled,D:\בעלי תשובה\ארז משה דורון\093 ישוב הדעת,D:\בעלי תשובה\ישראל דגן\מחול צדיקים
64.0,48.0,16.0,0.75,1.0,1.0,0.24337572331410295,0.3657312505730815,0.12235552725897852,0.4669122431312358,0.1783519691265463,0.28856027400468953,0.0,0.0,0.0,0.0,0.0,0.48349097166156507,0.43050678361530287,0.1767871383002962,0.0,0.0,0.0,0.16000000000000003,0.0,0.3708924098444079,0.0,1.0,1.0,2.0,algo_low_certainty_sampled,D:\בעלי תשובה\אודי טופלברג\מים,D:\בעלי תשובה\עמיר בניון\עמיר בניון - עומד בשער
160.0,48.0,112.0,0.3,0.0,0.0,0.2150137524440931,0.3657312505730815,0.15071749812898838,0.18847562874257065,0.1783519691265463,0.01012365961602435,0.0,0.0,0.0,0.0,0.0,0.038033380220165586,0.4420039055486654,0.22372846108140224,0.0,0.0,0.0,0.15384615384615385,0.0,0.13498450349589936,0.0,1.0,1.0,2.0,algo_low_certainty_sampled,D:\בעלי תשובה\ברק כהן\ברק כהן עם דובי גינז\עונג,D:\בעלי תשובה\עמיר בניון\עמיר בניון - עומד בשער
192.0,128.0,64.0,0.6666666666666666,0.0,0.0,0.3602569865901291,0.2330104184381377,0.12724656815199142,0.20396713382961987,0.18359844124657437,0.020368692583045495,1.0,0.0,0.0,0.0,0.0,0.20366615212594186,0.4298898395430774,0.18775026479630064,0.0,0.0320855614973262,0.0,0.23529411764705888,0.0,0.19692419605454142,0.0,0.0,0.0,2.0,algo_low_certainty_sampled,D:\בעלי תשובה\שולי רנד\הופעה בקיסריה\שולי רנד - בקיסריה\דיסק 2,D:\בעלי תשובה\יוסף קרדונר\סימנים בדרך
128.0,320.0,192.0,0.4,0.0,0.0,0.2844109435360347,0.4637226853878569,0.1793117418518222,0.2844109435360347,0.4626829626472544,0.1782720191112197,1.0,0.0,0.0,0.0,0.0,0.0,0.0,0.0,0.0,0.0,0.0,0.0,0.0,0.0,0.0,0.0,0.0,2.0,algo_no_comparison_result_sampled,D:\בעלי תשובה\אודי דוידי\אודי דוידי - בן אהוב,D:\בעלי תשובה\יאיר כלב\עצם הנשמה 3
128.0,128.0,0.0,1.0,0.0,0.0,1.0,1.0,0.0,1.0,0.2601616418210846,0.7398383581789154,1.0,0.0,0.0,0.0,0.0,0.0,0.0,0.0,0.0,0.0,0.0,0.0,0.0,0.0,0.0,0.0,0.0,2.0,algo_no_comparison_result_sampled,D:\בעלי תשובה\יצחק מאיר\נשמות חדשות\חלק 2,D:\בעלי תשובה\נקודה טובה
124.8,96.0,28.799999999999997,0.7692307692307693,0.0,0.0,0.5003296011927933,0.7506925207756237,0.2503629195828303,0.4948320889377714,1.0,0.5051679110622286,0.0,0.0,0.0,0.0,0.0,0.4696641551377644,0.19487198116685808,0.042278362899072275,0.0,0.0,0.0,0.19999999999999996,0.0,0.3700392781503304,0.0,1.0,1.0,2.0,algo_low_certainty_sampled,D:\בעלי תשובה\רונן  חזיזה,D:\בעלי תשובה\שמוליק אינדיג\בזעת אפיך
128.0,320.0,192.0,0.4,0.0,1.0,0.2727991566036579,0.31856504208855146,0.045765885484893576,0.27455635043139537,0.31856504208855146,0.044008691657156096,0.0,0.0,0.0,0.0,0.0,0.2265190806145517,0.4901065103370442,0.30507802278336665,0.0,0.0,0.0,0.2857142857142857,0.0,0.6212336806417853,0.0,1.0,1.0,2.0,algo_low_certainty_sampled,D:\בעלי תשובה\ישעיה חסיד\אחד,D:\בעלי תשובה\אהוד בר לוי
128.0,128.0,0.0,1.0,1.0,1.0,0.27114163132912755,1.0,0.7288583686708725,0.27114163132912755,1.0,0.7288583686708725,0.0,0.0,0.0,0.0,0.0,0.621647302717581,0.2463121841249053,0.1378016740292955,0.0,0.0,0.0,0.24,0.0,0.4082623057218436,0.0,1.0,1.0,2.0,algo_low_certainty_sampled,D:\בעלי תשובה\דב אינדיג\בת קול,D:\בעלי תשובה\אודי דוידי\אודי דוידי דבר אליו
128.0,128.0,0.0,1.0,0.0,0.0,1.0,0.2755814301892734,0.7244185698107266,1.0,0.2755814301892734,0.7244185698107266,0.0,0.0,0.0,0.0,0.0,0.640937271174555,0.2211084618980832,0.10528004616542777,0.0,0.0,0.0,0.0,0.0,0.3600738122152397,0.0,1.0,1.0,2.0,algo_low_certainty_sampled,D:\בעלי תשובה\נפתלי גולד,D:\בעלי תשובה\יהודה גלאנץ\Phinar
32.0,32.0,0.0,1.0,1.0,1.0,0.0,0.0,0.0,0.0,0.0,0.0,0.0,0.0,0.0,0.0,0.0,0.6616613199010134,0.7142857142857143,0.33333333333333337,0.0,0.0,0.0,0.3529411764705882,0.0,0.3128425763742024,0.0,1.0,1.0,2.0,algo_low_certainty_sampled,D:\בעלי תשובה\ארז משה דורון\038 לשלוט על המלאכים,D:\בעלי תשובה\ארז משה דורון\009 סיפור אישי
128.0,128.0,0.0,1.0,1.0,1.0,1.0,0.2889764430020933,0.7110235569979066,0.0,0.2889764430020933,0.2889764430020933,0.0,0.0,0.0,0.0,0.0,0.6260751950109863,0.2003941323544022,0.0,0.0,0.0,0.0,0.4,0.0,0.39723237615698703,0.0,1.0,1.0,2.0,algo_low_certainty_sampled,D:\בעלי תשובה\חיים דוד סרצ'יק\למעו שמו,D:\בעלי תשובה\דני גולן\דני גולן והחברים\לב טהור
32.0,32.0,0.0,1.0,1.0,1.0,0.0,0.0,0.0,0.0,0.0,0.0,0.0,0.0,0.0,0.0,0.0,0.6838262716007524,0.7142857142857143,0.33333333333333337,0.0,0.0,0.0,0.26086956521739135,0.0,0.49003758261795366,0.0,1.0,1.0,2.0,algo_low_certainty_sampled,D:\בעלי תשובה\ארז משה דורון\036 חנוכה,D:\בעלי תשובה\ארז משה דורון\009 סיפור אישי
128.0,128.0,0.0,1.0,0.0,0.0,0.25729658680382567,0.2873753124937582,0.03007872568993253,0.25645829152593796,0.2873753124937582,0.03091702096782023,0.0,0.0,0.0,0.0,0.0,0.5162120427233664,0.4301288574549003,0.26134987223600814,0.0,0.033670033670033676,0.0,0.31999999999999995,0.0,0.3063134572522767,0.0,1.0,1.0,2.0,algo_low_certainty_sampled,D:\בעלי תשובה\צבי זלבסקי\פה ושם אני רוקד,D:\בעלי תשובה\אברהם אבוטבול\בית הקדושה
128.0,128.0,0.0,1.0,0.0,0.0,0.23306579697939106,0.2139713364504999,0.01909446052889116,0.23306579697939106,0.21586764519215973,0.01719815178723133,0.0,0.0,0.0,0.0,0.0,0.0,0.0,0.0,0.0,0.0,0.0,0.0,0.0,0.0,0.0,0.0,0.0,2.0,algo_no_comparison_result_sampled,D:\בעלי תשובה\אודי אולמן\אודי - 3,D:\בעלי תשובה\אנסמבל שם-טוב לוי\תחנות רוח
160.0,128.0,32.0,0.8,0.0,0.0,0.38524365674718647,1.0,0.6147563432528136,0.38524365674718647,0.0,0.38524365674718647,0.0,0.0,0.0,0.0,0.0,0.23032628173265154,0.17862936960159181,0.07000407000407,0.0,0.0,0.0,0.15384615384615385,0.0,0.0,0.0,0.0,0.0,2.0,algo_low_certainty_sampled,D:\בעלי תשובה\אלטרנטיבי\להקת נפקא מינה-גשר צר,D:\בעלי תשובה\ישראל דגן\דגן חתונות\יוחנן
128.0,128.0,0.0,1.0,0.0,0.0,0.26167062689250503,0.0,0.26167062689250503,0.26167062689250503,1.0,0.7383293731074949,0.0,0.0,0.0,0.0,0.0,0.5885994569493325,0.47506457189720386,0.07350946155293982,0.0,0.0,0.0,0.11764705882352944,0.0,0.5556166060694682,0.0,1.0,1.0,2.0,algo_low_certainty_sampled,D:\בעלי תשובה\קול אחי\בני,D:\בעלי תשובה\רונן  חזיזה\ירמיהו גרוסקוט
48.0,166.4,118.4,0.28846153846153844,0.0,0.0,0.3657312505730815,0.2594066150567698,0.10632463551631166,0.1783519691265463,0.2594066150567698,0.08105464593022352,0.0,1.0,0.0,0.0,0.0,0.11532363710873961,0.5169913217276301,0.19370062084458367,0.0,0.0,0.0,0.41860465116279066,0.0,0.5074122793720182,0.0,1.0,1.0,2.0,algo_low_certainty_sampled,D:\בעלי תשובה\עמיר בניון\עמיר בניון - עומד בשער,D:\בעלי תשובה\עדי רן\עדי רן - גלגל של הצלה
128.0,128.0,0.0,1.0,0.0,0.0,1.0,0.21116393582337853,0.7888360641766214,1.0,0.21116393582337853,0.7888360641766214,0.0,0.0,0.0,0.0,0.0,0.7118234620491458,0.2776120317288282,0.03972317569285533,0.0,0.34615384615384615,0.0,0.25,0.0,0.5064433840997667,0.0,1.0,1.0,2.0,algo_low_certainty_sampled,D:\בעלי תשובה\ברלינגר\משה לוי והלויים,D:\בעלי תשובה\סנדי שמואלי\בעזרת השם
128.0,128.0,0.0,1.0,0.0,0.0,1.0,0.3462975584756755,0.6537024415243244,1.0,0.3462975584756755,0.6537024415243244,0.0,0.0,0.0,0.0,0.0,0.5092186894991563,0.19199418178719868,0.08653681406312985,0.0,0.0,0.0,0.4,0.0,0.25608390907996825,0.0,1.0,1.0,2.0,algo_low_certainty_sampled,D:\בעלי תשובה\נפתלי גולד,D:\בעלי תשובה\ישראל דגן\נפשי החזקה
128.0,64.0,64.0,0.5,1.0,1.0,0.24951725891354376,0.24337572331410295,0.006141535599440806,0.24951725891354376,0.4669122431312358,0.21739498421769204,0.0,0.0,0.0,0.0,0.0,0.15234908326751256,0.4943359443540933,0.15396086098173384,0.0,0.0,0.0,0.15384615384615385,0.0,0.2352184129376597,0.0,1.0,1.0,2.0,algo_low_certainty_sampled,D:\בעלי תשובה\דני ממן\זה שיר שבח,D:\בעלי תשובה\אודי טופלברג\מים
320.0,128.0,192.0,0.4,0.0,0.0,0.45042736031577224,0.4063265208397102,0.044100839476062026,0.45042736031577224,0.25247161105728266,0.19795574925848958,0.0,0.0,0.0,0.0,0.0,0.10106767706555227,0.5004223232829589,0.2311812199960506,0.0,0.0,0.0,0.2727272727272727,0.0,0.405357070978381,0.0,1.0,1.0,2.0,algo_low_certainty_sampled,D:\בעלי תשובה\יאיר כלב\הרב יאיר כלב ולהקת א גרויסע מציאה\עצם הנשמה,D:\בעלי תשובה\ישראל זינגר\ריקוד המלאכים
157.0909090909091,128.0,29.090909090909093,0.8148148148148148,0.0,0.0,0.3433230563582517,0.27622047176536346,0.06710258459288826,0.2387152837785005,0.27622047176536346,0.037505187986862976,0.0,0.0,0.0,0.0,0.0,0.46748051521800266,0.26558205566134757,0.28548052544216224,0.0,0.0,0.0,0.4,0.0,0.30809553138271284,0.0,1.0,1.0,2.0,algo_low_certainty_sampled,D:\בעלי תשובה\מאיר בנאי\לך אלי,D:\בעלי תשובה\עקיבא מרגליות\לאורו נלך
128.0,64.0,64.0,0.5,0.0,0.0,0.5271101878244517,0.27853859442082746,0.24857159340362428,0.3771430161161515,0.2705358574406193,0.10660715867553217,0.0,0.0,0.0,0.0,0.0,0.2844573489860626,0.39588642926124257,0.2300505954641293,0.0,0.0,0.0,0.16666666666666663,0.0,0.1254418303172077,0.0,0.2857142857142857,0.0,2.0,algo_low_certainty_sampled,D:\בעלי תשובה\עדי רן\עדי רן,D:\בעלי תשובה\ישראל דגן\אשרינו
96.0,128.0,32.0,0.75,0.0,1.0,0.29735679447955665,0.6474081690747675,0.35005137459521085,0.29735679447955665,0.6474081690747675,0.35005137459521085,0.0,0.0,0.0,0.0,0.0,0.6453431468370543,0.4762711202339685,0.3183826894558499,0.0,0.0,0.0,0.38095238095238093,0.0,0.09023945647180565,0.0,1.0,1.0,2.0,algo_low_certainty_sampled,D:\בעלי תשובה\גד ליאור,D:\בעלי תשובה\ברלינגר\משה לוי - טוב
128.0,128.0,0.0,1.0,0.0,0.0,1.0,0.2000802777784875,0.7999197222215125,1.0,0.0,1.0,0.0,0.0,0.0,0.0,0.0,0.7203141917766378,0.2217196256291628,0.0,0.0,0.0,0.0,0.3703703703703704,0.0,0.5044112642319419,0.0,0.0,0.0,2.0,algo_low_certainty_sampled,D:\בעלי תשובה\אודי דוידי\אודי דוידי דבר אליו,D:\בעלי תשובה\אודי אולמן\דברי שיר
128.0,128.0,0.0,1.0,0.0,0.0,0.4395813988062998,0.6387530961627489,0.19917169735644907,0.4395813988062998,0.2787580723284634,0.16082332647783643,0.0,0.0,0.0,0.0,0.0,0.4672257631209383,0.314862384359476,0.23927791005478624,0.0,0.0,0.0,0.23076923076923073,0.0,0.1827939168565634,0.0,1.0,1.0,2.0,algo_low_certainty_sampled,D:\בעלי תשובה\ישראל דגן\ראש השנה שלי,D:\בעלי תשובה\ישראל דגן\עדיין יש תקווה
32.0,32.0,0.0,1.0,1.0,1.0,0.0,0.0,0.0,0.0,0.0,0.0,0.0,0.0,0.0,0.0,0.0,0.5231538664141013,0.7692307692307692,0.4,0.0,0.0,0.0,0.36363636363636365,0.0,0.3725221078745572,0.0,1.0,1.0,2.0,algo_low_certainty_sampled,D:\בעלי תשובה\ארז משה דורון\005 ניקוי הראש,D:\בעלי תשובה\ארז משה דורון\000[023] מעלת השמחה
128.0,32.0,96.0,0.25,1.0,1.0,0.30459474003409925,0.0,0.30459474003409925,0.30459474003409925,0.0,0.30459474003409925,0.0,0.0,0.0,0.0,0.0,0.8766244056921689,0.3478309516570386,0.0,0.0,0.0,0.0,0.3076923076923077,0.0,0.0,0.0,0.0,0.0,2.0,algo_low_certainty_sampled,D:\בעלי תשובה\אשר אלפסי\אתה הכל,D:\בעלי תשובה\ארז משה דורון\079 הגיע זמן הגאולה
128.0,128.0,0.0,1.0,1.0,0.0,1.0,1.0,0.0,0.0,0.27844605035436915,0.27844605035436915,0.0,0.0,0.0,0.0,0.0,0.7740017821177615,0.5,0.0,0.0,0.0,0.0,0.1333333333333333,0.0,0.665745485316491,0.0,1.0,2.0,2.0,algo_low_certainty_sampled,D:\בעלי תשובה\גיל עקביוב,D:\בעלי תשובה\סנדי שמואלי\מחכים
128.0,320.0,192.0,0.4,0.0,0.0,1.0,0.2328732027030505,0.7671267972969495,1.0,0.23477009369085064,0.7652299063091493,1.0,0.0,0.0,0.0,0.0,0.0,0.0,0.0,0.0,0.0,0.0,0.0,0.0,0.0,0.0,0.0,0.0,2.0,algo_no_comparison_result_sampled,D:\בעלי תשובה\יצחק מאיר\נשמות חדשות\חלק 2,D:\בעלי תשובה\צמאה - אומנים שרים את ניגוני הרבי מילובביץ
128.0,320.0,192.0,0.4,1.0,1.0,0.25256305214732394,0.31856504208855146,0.06600198994122752,0.25256305214732394,0.31856504208855146,0.06600198994122752,0.0,0.0,0.0,0.0,0.0,0.18605078447250742,0.4875078332864762,0.2844135576936088,0.0,0.0,0.0,0.38095238095238093,0.0,0.44084174329229386,0.0,1.0,1.0,2.0,algo_low_certainty_sampled,D:\בעלי תשובה\יערות דבש-יצחק אזולאי\יערות דבש השיר והשבחלחי העולמים,D:\בעלי תשובה\אהוד בר לוי
128.0,160.0,32.0,0.8,1.0,1.0,0.4601311768377076,0.21497468337814524,0.24515649345956236,0.4601311768377076,0.21497468337814524,0.24515649345956236,0.0,0.0,0.0,0.0,0.0,0.3739851064067888,0.41064102771822114,0.25077696777948627,0.0,0.0,0.0,0.19999999999999996,0.0,0.2609218527044204,0.0,1.0,1.0,2.0,algo_low_certainty_sampled,D:\בעלי תשובה\יונתן,D:\בעלי תשובה\מים 2
128.0,128.0,0.0,1.0,1.0,1.0,1.0,1.0,0.0,1.0,0.0,1.0,0.0,0.0,0.0,0.0,0.0,0.6796611688676879,0.22571872571872573,0.0,0.0,0.0,0.0,0.2962962962962963,0.0,0.3809896973321743,0.0,1.0,1.0,2.0,algo_low_certainty_sampled,D:\בעלי תשובה\אודי דוידי\אודי דוידי דבר אליו,D:\בעלי תשובה\חיים דוד סרצ'יק\מצור דבש
128.0,128.0,0.0,1.0,0.0,1.0,1.0,1.0,0.0,0.0,1.0,1.0,0.0,0.0,0.0,0.0,0.0,0.15300900273643664,0.3368722448811437,0.0464713663243075,0.0,0.0,0.0,0.2666666666666667,0.0,0.0,0.0,0.5555555555555556,1.0,2.0,algo_low_certainty_sampled,D:\בעלי תשובה\ישראל דגן\דגן חתונות\יוחנן,D:\בעלי תשובה\ברק כהן\כי לא ינום
128.0,320.0,192.0,0.4,0.0,0.0,0.264503876615915,0.31856504208855146,0.05406116547263645,1.0,0.31856504208855146,0.6814349579114485,0.0,0.0,0.0,0.0,0.0,0.18174086144578044,0.4516133373716678,0.05198580360651299,0.0,0.0,0.0,0.5714285714285714,0.0,0.642277051353024,0.0,1.0,1.0,2.0,algo_low_certainty_sampled,D:\בעלי תשובה\אסף נגל\אדיר במרום,D:\בעלי תשובה\אהוד בר לוי
128.0,160.0,32.0,0.8,0.0,0.0,0.40582510542562483,0.22423017210857654,0.1815949333170483,0.2226164249693661,0.22423017210857654,0.0016137471392104474,0.0,0.0,0.0,0.0,0.0,0.225768227504812,0.4080708632206411,0.18328003266083762,0.0,0.0,0.0,0.4761904761904761,0.0,0.07062191529073761,0.0,0.0,0.0,2.0,algo_low_certainty_sampled,D:\בעלי תשובה\יוסף (גלעד) קרדונר\סימנים בדרך - 01,D:\בעלי תשובה\מים 1
128.0,128.0,0.0,1.0,0.0,0.0,1.0,0.39700289550146606,0.6029971044985339,1.0,0.39700289550146606,0.6029971044985339,0.0,0.0,0.0,0.0,0.0,0.6827677917145742,0.22907432225796073,0.10427668037201508,0.0,0.0,0.0,0.125,0.0,0.5330478555669143,0.0,1.0,1.0,2.0,algo_low_certainty_sampled,D:\בעלי תשובה\ברלינגר\מתתיהו 1,D:\בעלי תשובה\אלי מנדלבוים\חסינגלים
128.0,128.0,0.0,1.0,1.0,0.0,1.0,0.2755814301892734,0.7244185698107266,0.27844605035436915,0.2755814301892734,0.002864620165095755,0.0,0.0,0.0,0.0,0.0,0.66141564399473,0.20573682628731715,0.24941764236929148,0.0,0.0,0.0,0.0,0.0,0.32469402092470656,0.0,1.0,1.0,2.0,algo_low_certainty_sampled,D:\בעלי תשובה\סנדי שמואלי\מחכים,D:\בעלי תשובה\יהודה גלאנץ\Phinar
128.0,128.0,0.0,1.0,0.0,1.0,0.3462975584756755,0.2727991566036579,0.07349840187201762,0.3462975584756755,0.27455635043139537,0.07174120804428014,0.0,0.0,0.0,0.0,0.0,0.4628600920499095,0.4537535855402629,0.2893880520808992,0.0,0.0,0.0,0.15384615384615385,0.0,0.13457501256472765,0.0,1.0,1.0,2.0,algo_low_certainty_sampled,D:\בעלי תשובה\ישראל דגן\נפשי החזקה,D:\בעלי תשובה\ישעיה חסיד\אחד
32.0,128.0,96.0,0.25,1.0,1.0,0.0,0.306539294039294,0.306539294039294,0.0,0.306539294039294,0.306539294039294,0.0,0.0,0.0,0.0,0.0,0.7677157008555603,0.4812435500515996,0.0,0.0,0.0,0.0,0.2222222222222222,0.0,0.0,0.0,0.0,0.0,2.0,algo_low_certainty_sampled,D:\בעלי תשובה\ארז משה דורון\003 שמחה מתוך צער,D:\בעלי תשובה\בהרוז אהרוני\שירת השבים
320.0,32.0,288.0,0.1,0.0,0.0,0.4266569804539248,0.0,0.4266569804539248,0.4266569804539248,0.0,0.4266569804539248,0.0,0.0,0.0,0.0,0.0,0.15573721817363176,0.40925112881634623,0.15517617008489223,0.0,0.0,0.0,0.29268292682926833,0.0,0.11125789575390625,0.0,0.0,0.0,2.0,algo_low_certainty_sampled,D:\בעלי תשובה\עמיר בניון\עמיר בניון - המקלט,D:\בעלי תשובה\ארז משה דורון\069 כח המושח וכח המכריח
128.0,128.0,0.0,1.0,0.0,0.0,0.0,0.23094965439521678,0.23094965439521678,1.0,0.23094965439521678,0.7690503456047832,0.0,0.0,0.0,0.0,0.0,0.0,0.0,0.0,0.0,0.0,0.0,0.0,0.0,0.0,0.0,0.0,0.0,2.0,algo_no_comparison_result_sampled,D:\בעלי תשובה\רונן  חזיזה\ירמיהו גרוסקוט,D:\בעלי תשובה\סיני\אספרה כבודך - סיני
32.0,32.0,0.0,1.0,1.0,1.0,0.0,0.0,0.0,0.0,0.0,0.0,0.0,0.0,0.0,0.0,0.0,0.6920542251320461,0.6666666666666667,0.2857142857142857,0.0,0.0,0.0,0.3529411764705882,0.0,0.5847138542369603,0.0,1.0,1.0,2.0,algo_low_certainty_sampled,D:\בעלי תשובה\ארז משה דורון\000[068] להאמין בעצמו,D:\בעלי תשובה\ארז משה דורון\029 לראות טוב
160.0,192.0,32.0,0.8333333333333334,0.0,0.0,0.3707724849592341,0.3602569865901291,0.01051549836910498,0.3707724849592341,0.20396713382961987,0.16680535112961423,0.0,1.0,0.0,0.0,0.0,0.0,0.0,0.0,0.0,0.0,0.0,0.0,0.0,0.0,0.0,0.0,0.0,2.0,algo_no_comparison_result_sampled,D:\בעלי תשובה\תיקון הכללי,D:\בעלי תשובה\שולי רנד\הופעה בקיסריה\שולי רנד - בקיסריה\דיסק 2
128.0,128.0,0.0,1.0,1.0,1.0,0.2026569618223385,1.0,0.7973430381776615,0.2026569618223385,0.3076843579947969,0.10502739617245838,0.0,0.0,0.0,0.0,0.0,0.637003573675212,0.20077330077330077,0.2397345115611369,0.0,0.0,0.0,0.0,0.0,0.3876680012052786,0.0,1.0,1.0,2.0,algo_low_certainty_sampled,D:\בעלי תשובה\להבה,D:\בעלי תשובה\מיקי רוזנבאום\פסיפס
128.0,128.0,0.0,1.0,0.0,1.0,0.27622047176536346,0.2330104184381377,0.04321005332722577,0.27622047176536346,0.18359844124657437,0.09262203051878909,0.0,0.0,0.0,0.0,0.0,0.5304953676093516,0.5159107323756916,0.2332991569833675,0.0,0.0,0.0,0.19999999999999996,0.0,0.21031410559301172,0.0,1.0,1.0,2.0,algo_low_certainty_sampled,D:\בעלי תשובה\עקיבא מרגליות\לאורו נלך,D:\בעלי תשובה\יוסף קרדונר\סימנים בדרך
128.0,128.0,0.0,1.0,0.0,0.0,0.0,1.0,1.0,1.0,0.0,1.0,0.0,0.0,0.0,0.0,0.0,0.21744573920266352,0.26801016702977487,0.08417508417508418,0.0,0.03703703703703703,0.0,0.21052631578947367,0.0,0.0,0.0,1.0,1.0,2.0,algo_low_certainty_sampled,D:\בעלי תשובה\רונן  חזיזה\ירמיהו גרוסקוט,D:\בעלי תשובה\ישראל דגן\דגן חתונות\יוחנן
128.0,160.0,32.0,0.8,0.0,0.0,0.4261133624252772,0.27238638174643265,0.15372698067884455,0.4261133624252772,0.27238638174643265,0.15372698067884455,0.0,0.0,0.0,0.0,0.0,0.5741785104303069,0.44373165392226976,0.27366172347865714,0.0,0.0,0.0,0.09999999999999998,0.0,0.4253693042033145,0.0,0.0,0.0,2.0,algo_low_certainty_sampled,D:\בעלי תשובה\יוסף (גלעד) קרדונר\בחירה - 03,D:\בעלי תשובה\אהרון רזאל\זמן הגאולה
128.0,160.0,32.0,0.8,0.0,0.0,0.23094965439521678,0.38524365674718647,0.1542940023519697,0.23094965439521678,0.38524365674718647,0.1542940023519697,0.0,0.0,0.0,0.0,0.0,0.0,0.0,0.0,0.0,0.0,0.0,0.0,0.0,0.0,0.0,0.0,0.0,2.0,algo_no_comparison_result_sampled,D:\בעלי תשובה\סיני\אספרה כבודך - סיני,D:\בעלי תשובה\אלטרנטיבי\להקת נפקא מינה-גשר צר
32.0,32.0,0.0,1.0,1.0,1.0,0.0,0.0,0.0,0.0,0.0,0.0,0.0,0.0,0.0,0.0,0.0,0.6319716328886902,0.6666666666666667,0.2857142857142857,0.0,0.0,0.0,0.1578947368421053,0.0,0.47477342394730904,0.0,1.0,1.0,2.0,algo_low_certainty_sampled,D:\בעלי תשובה\ארז משה דורון\000[066] כסף,D:\בעלי תשובה\ארז משה דורון\014 אין שום יאוש בעולם כלל
32.0,320.0,288.0,0.1,0.0,0.0,0.0,0.22554713804713802,0.22554713804713802,0.0,0.22554713804713802,0.22554713804713802,0.0,1.0,0.0,0.0,0.0,0.12966387739354593,0.37424242424242427,0.0,0.0,0.0,0.0,0.22784810126582278,0.0,0.0,0.0,0.0,0.0,2.0,algo_low_certainty_sampled,D:\בעלי תשובה\ארז משה דורון\034 אש רוח מים עפר,D:\בעלי תשובה\יצחק מאיר\סיום השס מפעלות הציונות הדתית עם יצחק מאיר UP FOR DOSSINET.ME\סיום השס מפעלות הציונות הדתית עם יצחק מאיר UP FOR DOSSINET.ME
192.0,320.0,128.0,0.6,0.0,0.0,0.3693793107610762,0.416959409862627,0.047580099101550755,0.22502142268352276,0.31644553061421565,0.09142410793069289,1.0,1.0,1.0,0.0,0.0,0.0,0.0,0.0,0.0,0.0,0.0,0.0,0.0,0.0,0.0,0.0,0.0,2.0,algo_no_comparison_result_sampled,D:\בעלי תשובה\שולי רנד\הופעה בקיסריה\שולי רנד - בקיסריה\דיסק 1,D:\בעלי תשובה\עמיר בניון\עמיר בניון שירי ארץ אהבה\עמיר בניון - שירי ארץ-אהבה
128.0,128.0,0.0,1.0,0.0,0.0,0.8534650546662002,0.2963361711896721,0.557128883476528,0.8788867414094268,0.2792337495532713,0.5996529918561555,0.0,0.0,0.0,0.0,0.0,0.4930050345024523,0.19097291958154997,0.13545681087820838,0.0,0.20496894409937885,0.0,0.34782608695652173,0.0,0.2793466138723985,0.0,1.0,1.0,2.0,algo_low_certainty_sampled,D:\בעלי תשובה\סיני תור,D:\בעלי תשובה\נסתרות דרכי האל
128.0,98.9090909090909,29.090909090909093,0.7727272727272727,0.0,1.0,0.2809753868055855,0.2270135150184752,0.05396187178711029,0.2555969699945765,0.2270135150184752,0.02858345497610129,0.0,0.0,0.0,0.0,0.0,0.41204060812826965,0.49789036455921226,0.2708337007744122,0.0,0.0,0.0,0.0,0.0,0.5096295325355876,0.0,1.0,1.0,2.0,algo_low_certainty_sampled,D:\בעלי תשובה\יוסף קרדונר\בחירה,D:\בעלי תשובה\יצחק פוקס\פוקס
320.0,192.0,128.0,0.6,0.0,0.0,0.2184054305612374,0.3602569865901291,0.1418515560288917,0.2184054305612374,0.20396713382961987,0.014438296731617534,1.0,1.0,1.0,0.0,0.0,0.0,0.0,0.0,0.0,0.0,0.0,0.0,0.0,0.0,0.0,0.0,0.0,2.0,algo_no_comparison_result_sampled,D:\בעלי תשובה\ישי ריבו\שטח אפור,D:\בעלי תשובה\שולי רנד\הופעה בקיסריה\שולי רנד - בקיסריה\דיסק 2
32.0,320.0,288.0,0.1,0.0,0.0,0.0,0.22554713804713802,0.22554713804713802,0.0,0.22554713804713802,0.22554713804713802,0.0,1.0,0.0,0.0,0.0,0.11190810690672541,0.37424242424242427,0.0,0.0,0.0,0.0,0.20512820512820518,0.0,0.0,0.0,0.0,0.0,2.0,algo_low_certainty_sampled,D:\בעלי תשובה\ארז משה דורון\011 אחד היה אברהם,D:\בעלי תשובה\יצחק מאיר\סיום השס מפעלות הציונות הדתית עם יצחק מאיר UP FOR DOSSINET.ME\סיום השס מפעלות הציונות הדתית עם יצחק מאיר UP FOR DOSSINET.ME
320.0,157.0909090909091,162.9090909090909,0.4909090909090909,0.0,0.0,0.21162859691843153,0.3433230563582517,0.1316944594398202,1.0,0.2387152837785005,0.7612847162214995,0.0,0.0,0.0,0.0,0.0,0.0,0.0,0.0,0.0,0.0,0.0,0.0,0.0,0.0,0.0,0.0,0.0,2.0,algo_no_comparison_result_sampled,D:\בעלי תשובה\שולי רנד\שולי רנד בקיסריה 2,D:\בעלי תשובה\מאיר בנאי\לך אלי
96.0,140.8,44.80000000000001,0.6818181818181818,0.0,0.0,1.0,0.0,1.0,1.0,0.0,1.0,0.0,0.0,0.0,0.0,0.0,0.4240583025550094,0.14227969348659006,0.019444444444444445,0.0,0.0,0.0,0.2857142857142857,0.0,0.12318536937058103,0.0,1.0,1.0,2.0,algo_low_certainty_sampled,D:\בעלי תשובה\ברלינגר\אביתר בנאי,D:\בעלי תשובה\רענן
128.0,128.0,0.0,1.0,1.0,1.0,1.0,0.25256305214732394,0.7474369478526761,0.0,0.25256305214732394,0.25256305214732394,0.0,0.0,0.0,0.0,0.0,0.622540785450399,0.1951612671268633,0.0,0.0,0.0,0.0,0.2564102564102564,0.0,0.4925999140818226,0.0,1.0,1.0,2.0,algo_low_certainty_sampled,D:\בעלי תשובה\חיים דוד סרצ'יק\למעו שמו,D:\בעלי תשובה\יערות דבש-יצחק אזולאי\יערות דבש השיר והשבחלחי העולמים
128.0,32.0,96.0,0.25,1.0,1.0,0.24716295043511743,0.14285714285714285,0.10430580757797459,0.24716295043511743,0.0,0.24716295043511743,0.0,0.0,0.0,0.0,0.0,0.757921276607569,0.3967411529482468,0.0,0.0,0.0,0.0,0.16000000000000003,0.0,0.0,0.0,0.0,0.0,2.0,algo_low_certainty_sampled,D:\בעלי תשובה\ישראל אזרחי\יכירו וידעו,D:\בעלי תשובה\ארז משה דורון\043 לצאת לחופש
128.0,128.0,0.0,1.0,0.0,0.0,0.7874080873534178,0.23306579697939106,0.5543422903740267,0.7874080873534178,0.23306579697939106,0.5543422903740267,0.0,0.0,0.0,0.0,0.0,0.624168767532796,0.21825574212847645,0.11440128126164738,0.0,0.23529411764705888,0.0,0.1333333333333333,0.0,0.4024426661303023,0.0,0.0,0.0,2.0,algo_low_certainty_sampled,D:\בעלי תשובה\המדרגות,D:\בעלי תשובה\אודי אולמן\אודי - 3
128.0,320.0,192.0,0.4,0.0,0.0,0.2809753868055855,0.2184054305612374,0.06256995624434808,0.2555969699945765,0.2184054305612374,0.03719153943333908,0.0,1.0,0.0,0.0,0.0,0.19364879480350236,0.4184662229355695,0.21983188054817662,0.0,0.013986013986013986,0.0,0.3076923076923077,0.0,0.2882420771425084,0.0,0.0,0.0,2.0,algo_low_certainty_sampled,D:\בעלי תשובה\יוסף קרדונר\בחירה,D:\בעלי תשובה\ישי ריבו\שטח אפור
320.0,128.0,192.0,0.4,0.0,0.0,0.21162859691843153,0.2330104184381377,0.021381821519706162,1.0,0.18359844124657437,0.8164015587534257,0.0,0.0,0.0,0.0,0.0,0.07405356705327971,0.4163318945486685,0.08576090576090577,0.0,0.0320855614973262,0.0,0.3448275862068966,0.0,0.19647701753810187,0.0,1.0,1.0,2.0,algo_low_certainty_sampled,D:\בעלי תשובה\שולי רנד\שולי רנד בקיסריה 2,D:\בעלי תשובה\יוסף קרדונר\סימנים בדרך
64.0,128.0,64.0,0.5,0.0,0.0,0.24337572331410295,0.4028413437474495,0.15946562043334656,0.4669122431312358,0.2725157489002033,0.1943964942310325,0.0,0.0,0.0,0.0,0.0,0.23376719881431457,0.4282135119782179,0.2080297301224075,0.0,0.0,0.0,0.36363636363636365,0.0,0.6040866057390926,0.0,1.0,1.0,2.0,algo_low_certainty_sampled,D:\בעלי תשובה\אודי טופלברג\מים,D:\בעלי תשובה\מאיר בנאי\שמע קולי
128.0,128.0,0.0,1.0,0.0,1.0,1.0,0.6474081690747675,0.3525918309252325,0.3076843579947969,0.6474081690747675,0.33972381107997063,0.0,0.0,0.0,0.0,0.0,0.5619150762377876,0.1846162599283542,0.35853592043163923,0.0,0.0,0.0,0.11111111111111116,0.0,0.25474681235004204,0.0,1.0,1.0,2.0,algo_low_certainty_sampled,D:\בעלי תשובה\מיקי רוזנבאום\פסיפס,D:\בעלי תשובה\ברלינגר\משה לוי - טוב
320.0,128.0,192.0,0.4,0.0,0.0,0.2184054305612374,1.0,0.7815945694387626,0.2184054305612374,1.0,0.7815945694387626,1.0,1.0,1.0,0.0,0.0,0.0,0.0,0.0,0.0,0.0,0.0,0.0,0.0,0.0,0.0,0.0,0.0,2.0,algo_no_comparison_result_sampled,D:\בעלי תשובה\ישי ריבו\שטח אפור,D:\בעלי תשובה\יצחק מאיר\נשמות חדשות\חלק 2
128.0,128.0,0.0,1.0,1.0,1.0,1.0,0.3569665526970235,0.6430334473029765,1.0,0.2755814301892734,0.7244185698107266,0.0,0.0,0.0,0.0,0.0,0.5662841552024069,0.20073468246164392,0.04973039215686274,0.0,0.0,0.0,0.2666666666666667,0.0,0.1544055899236933,0.0,1.0,2.0,2.0,algo_low_certainty_sampled,D:\בעלי תשובה\יצחק שדהו,D:\בעלי תשובה\יהודה גלאנץ\פיונרו
160.0,128.0,32.0,0.8,0.0,0.0,0.25237744776806564,0.4063265208397102,0.15394907307164457,0.25237744776806564,0.25247161105728266,9.416328921701966e-05,0.0,0.0,0.0,0.0,0.0,0.5850023998472607,0.38623555153434846,0.20088375318638474,0.0,0.0,0.0,0.34285714285714286,0.0,0.4835759403181648,0.0,1.0,1.0,2.0,algo_low_certainty_sampled,D:\בעלי תשובה\עדי רן\עדי רן מה יש לכם לדאוג,D:\בעלי תשובה\ישראל זינגר\ריקוד המלאכים
128.0,128.0,0.0,1.0,0.0,0.0,0.6847330038265858,0.264503876615915,0.42022912721067074,0.22257521613042763,1.0,0.7774247838695724,0.0,0.0,0.0,0.0,0.0,0.0,0.0,0.0,0.0,0.0,0.0,0.0,0.0,0.0,0.0,0.0,0.0,2.0,algo_no_comparison_result_sampled,D:\בעלי תשובה\אורן ארנון\עלי באר,D:\בעלי תשובה\אסף נגל\אדיר במרום
128.0,128.0,0.0,1.0,0.0,0.0,0.29698772961930864,0.2499528889962427,0.04703484062306593,1.0,0.2499528889962427,0.7500471110037573,0.0,0.0,0.0,0.0,0.0,0.6615169473355802,0.43077587935331624,0.029433334260699995,0.0,0.0,0.0,0.1428571428571429,0.0,0.4764266702347662,0.0,1.0,1.0,2.0,algo_low_certainty_sampled,D:\בעלי תשובה\אחישנה\לך ה' אלוקי,D:\בעלי תשובה\דני
56.0,128.0,72.0,0.4375,0.0,0.0,0.7537098401213115,0.2859762415131112,0.4677335986082003,0.2459984041872587,1.0,0.7540015958127413,0.0,1.0,0.0,0.0,0.0,0.21213382755956536,0.24831464962807495,0.10570526695526694,0.0,0.35294117647058826,0.0,0.1428571428571429,0.0,0.547278976060267,0.0,1.0,1.0,2.0,algo_low_certainty_sampled,D:\בעלי תשובה\סנדי שמואלי\עד מתי,D:\בעלי תשובה\עדי רן\התבוננות
128.0,56.0,72.0,0.4375,0.0,0.0,0.40024241465807686,0.7537098401213115,0.3534674254632346,0.29184619831127967,0.2459984041872587,0.04584779412402096,0.0,0.0,0.0,0.0,0.0,0.318896551681349,0.25733963054973563,0.21067844694005683,0.0,0.2608695652173914,0.0,0.2142857142857143,0.0,0.3375073425380218,0.0,0.0,0.0,2.0,algo_low_certainty_sampled,D:\בעלי תשובה\אלטרנטיבי\להקת המדרגות-בפתח הדלת,D:\בעלי תשובה\סנדי שמואלי\עד מתי
128.0,320.0,192.0,0.4,0.0,0.0,0.2330104184381377,0.2184054305612374,0.014604987876900288,0.18359844124657437,0.2184054305612374,0.03480698931466303,0.0,1.0,0.0,0.0,0.0,0.10605186012873648,0.42073835129553605,0.1715474129335655,0.0,0.0320855614973262,0.0,0.21052631578947367,0.0,0.4012762796058965,0.0,0.0,0.0,2.0,algo_low_certainty_sampled,D:\בעלי תשובה\יוסף קרדונר\סימנים בדרך,D:\בעלי תשובה\ישי ריבו\שטח אפור
128.0,128.0,0.0,1.0,0.0,0.0,0.6387530961627489,1.0,0.3612469038372511,0.2787580723284634,0.0,0.2787580723284634,0.0,0.0,0.0,0.0,0.0,0.6309780532369529,0.16760210613442755,0.0,0.0,0.0,0.0,0.33333333333333337,0.0,0.4236793091691391,0.0,0.55,1.0,2.0,algo_low_certainty_sampled,D:\בעלי תשובה\ישראל דגן\עדיין יש תקווה,D:\בעלי תשובה\גיל עקביוב
128.0,160.0,32.0,0.8,0.0,1.0,0.7874080873534178,0.27238638174643265,0.5150217056069852,0.7874080873534178,0.27238638174643265,0.5150217056069852,0.0,0.0,0.0,0.0,0.0,0.6353236154499665,0.25148483867405363,0.1718187000712069,0.0,0.0,0.0,0.3529411764705882,0.0,0.6419075783862955,0.0,1.0,1.0,2.0,algo_low_certainty_sampled,D:\בעלי תשובה\המדרגות,D:\בעלי תשובה\אהרון רזאל\זמן הגאולה
128.0,96.0,32.0,0.75,0.0,0.0,0.2727991566036579,0.22190442340597138,0.050894733197686504,0.27455635043139537,0.22190442340597138,0.052651927025423984,0.0,0.0,0.0,0.0,0.0,0.4890011798278577,0.47794330334931007,0.26552905523157244,0.0,0.025,0.0,0.0,0.0,0.41278698572415545,0.0,1.0,1.0,2.0,algo_low_certainty_sampled,D:\בעלי תשובה\ישעיה חסיד\אחד,D:\בעלי תשובה\קול אחי\הללו
32.0,32.0,0.0,1.0,1.0,1.0,0.0,0.0,0.0,0.0,0.0,0.0,0.0,0.0,0.0,0.0,0.0,0.879891610670383,0.75,0.5,0.0,0.0,0.0,0.3589743589743589,0.0,0.7461882977715295,0.0,1.0,1.0,2.0,algo_low_certainty_sampled,D:\בעלי תשובה\ארז משה דורון\000[068] להאמין בעצמו,D:\בעלי תשובה\ארז משה דורון\032 להמתיק את הדין
128.0,32.0,96.0,0.25,0.0,1.0,1.0,0.0,1.0,1.0,0.0,1.0,0.0,0.0,0.0,0.0,0.0,0.37042044457242873,0.125,0.009615384615384609,0.0,0.0,0.0,0.31999999999999995,0.0,0.0,0.0,0.0,0.0,2.0,algo_low_certainty_sampled,D:\בעלי תשובה\יחיא אזולאי,D:\בעלי תשובה\ארז משה דורון\064 תמיד תלמיד
32.0,32.0,0.0,1.0,1.0,1.0,0.0,0.0,0.0,0.0,0.0,0.0,0.0,0.0,0.0,0.0,0.0,0.6144854783313937,0.75,0.5,0.0,0.0,0.0,0.2857142857142857,0.0,0.3287941706040097,0.0,1.0,1.0,2.0,algo_low_certainty_sampled,D:\בעלי תשובה\ארז משה דורון\079 הגיע זמן הגאולה,D:\בעלי תשובה\ארז משה דורון\036 חנוכה
128.0,160.0,32.0,0.8,0.0,1.0,0.7648210459606535,0.2726881529823451,0.49213289297830837,0.635970973660645,0.27311707713779837,0.36285389652284666,0.0,0.0,0.0,0.0,0.0,0.5456456571878205,0.2822632041119113,0.33337613976200936,0.0,0.06111111111111111,0.0,0.18181818181818177,0.0,0.3603331983571116,0.0,1.0,1.0,2.0,algo_low_certainty_sampled,D:\בעלי תשובה\הלוים,D:\בעלי תשובה\שמעונה
32.0,320.0,288.0,0.1,0.0,0.0,0.0,0.4266569804539248,0.4266569804539248,0.0,0.4266569804539248,0.4266569804539248,0.0,0.0,0.0,0.0,0.0,0.1112917211431897,0.3392480359147026,0.027777777777777773,0.0,0.0,0.0,0.2857142857142857,0.0,0.0,0.0,0.0,0.0,2.0,algo_low_certainty_sampled,D:\בעלי תשובה\ארז משה דורון\017 מדטציה יהודית,D:\בעלי תשובה\עמיר בניון\עמיר בניון - המקלט
128.0,128.0,0.0,1.0,0.0,0.0,1.0,0.8534650546662002,0.14653494533379985,1.0,0.8788867414094268,0.1211132585905732,0.0,0.0,0.0,0.0,0.0,0.5290749666607711,0.14006822464737242,0.10303643724696358,0.0,0.0,0.0,0.21739130434782605,0.0,0.1923662339607707,0.0,1.0,1.0,2.0,algo_low_certainty_sampled,D:\בעלי תשובה\יצחק פוקס\(באנו ביחד (כדאי לבדוק אם חסר איזה שיר,D:\בעלי תשובה\סיני תור
320.0,128.0,192.0,0.4,0.0,0.0,0.2328732027030505,0.8181818181818182,0.5853086154787677,0.23477009369085064,0.0,0.23477009369085064,0.0,0.0,0.0,0.0,0.0,0.217538470870688,0.228029951896044,0.022727272727272728,0.0,0.022727272727272728,0.0,0.23728813559322037,0.0,0.3440156193660499,0.0,0.0,0.0,2.0,algo_low_certainty_sampled,D:\בעלי תשובה\צמאה - אומנים שרים את ניגוני הרבי מילובביץ,D:\בעלי תשובה\חיים דוד סרצ'יק\היום\1-זה כפול נא לסדר
32.0,32.0,0.0,1.0,1.0,1.0,0.0,0.0,0.0,0.0,0.0,0.0,0.0,0.0,0.0,0.0,0.0,0.6356106904279422,0.6666666666666667,0.2857142857142857,0.0,0.0,0.0,0.32432432432432434,0.0,0.5394526579913,0.0,1.0,1.0,2.0,algo_low_certainty_sampled,D:\בעלי תשובה\ארז משה דורון\028 חינוך ילדים,D:\בעלי תשובה\ארז משה דורון\065 שכל פנמי ושכל מקיף
192.0,128.0,64.0,0.6666666666666666,0.0,0.0,0.3067488807297329,0.8181818181818182,0.5114329374520854,0.3067488807297329,0.0,0.3067488807297329,1.0,0.0,0.0,0.0,0.0,0.4804759628837188,0.2288177827381001,0.016528925619834708,0.0,0.015810276679841896,0.0,0.2790697674418605,0.0,0.5985807446604529,0.0,0.5454545454545454,1.0,2.0,algo_low_certainty_sampled,D:\בעלי תשובה\אהרון רזאל\אהרן רזאל - קבעתי את מושבי\אהרן רזאל - קבעתי את מושבי,D:\בעלי תשובה\חיים דוד סרצ'יק\היום\1-זה כפול נא לסדר
32.0,32.0,0.0,1.0,1.0,1.0,0.0,0.0,0.0,0.0,0.0,0.0,0.0,0.0,0.0,0.0,0.0,0.9730516147801727,0.6666666666666667,0.2857142857142857,0.0,0.0,0.0,0.3076923076923077,0.0,0.9730512811935281,0.0,1.0,1.0,2.0,algo_low_certainty_sampled,D:\בעלי תשובה\ארז משה דורון\012 אסור להיות זקן,D:\בעלי תשובה\ארז משה דורון\000[068] להאמין בעצמו
320.0,160.0,160.0,0.5,0.0,0.0,0.269820031736722,0.27238638174643265,0.0025663500097106717,0.269820031736722,0.0,0.269820031736722,0.0,0.0,0.0,0.0,0.0,0.31578958933061857,0.473338230578126,0.0,0.0,0.0,0.0,0.15384615384615385,0.0,0.35596013670290677,0.0,0.0,0.0,2.0,algo_low_certainty_sampled,D:\בעלי תשובה\חיים דוד סרצ'יק\היום,D:\בעלי תשובה\אהרון רזאל\אהרן רזאל - זמן הגאולה
32.0,32.0,0.0,1.0,1.0,1.0,0.0,0.0,0.0,0.0,0.0,0.0,0.0,0.0,0.0,0.0,0.0,0.6475828977236457,0.8,0.33333333333333337,0.0,0.0,0.0,0.3846153846153846,0.0,0.5016861150628446,0.0,1.0,1.0,2.0,algo_low_certainty_sampled,D:\בעלי תשובה\ארז משה דורון\093 ישוב הדעת,D:\בעלי תשובה\ארז משה דורון\002 בעל תפילה
32.0,320.0,288.0,0.1,0.0,0.0,0.0,0.22554713804713802,0.22554713804713802,0.0,0.22554713804713802,0.22554713804713802,0.0,1.0,0.0,0.0,0.0,0.18335931866217814,0.37424242424242427,0.0,0.0,0.0,0.0,0.2168674698795181,0.0,0.0,0.0,0.0,0.0,2.0,algo_low_certainty_sampled,D:\בעלי תשובה\ארז משה דורון\061 אמת לרחק ואמת לקרב,D:\בעלי תשובה\יצחק מאיר\סיום השס מפעלות הציונות הדתית עם יצחק מאיר UP FOR DOSSINET.ME\סיום השס מפעלות הציונות הדתית עם יצחק מאיר UP FOR DOSSINET.ME
128.0,128.0,0.0,1.0,0.0,1.0,0.3022111170984259,0.25729658680382567,0.04491453029460024,0.3022111170984259,0.25645829152593796,0.04575282557248794,0.0,0.0,0.0,0.0,0.0,0.10972256832880012,0.34475640378178285,0.07293857722919507,0.0,0.0,0.0,0.33333333333333337,0.0,0.0,0.0,1.0,1.0,2.0,algo_low_certainty_sampled,D:\בעלי תשובה\ישראל דגן\דגן חתונות\משה אטיאס,D:\בעלי תשובה\צבי זלבסקי\פה ושם אני רוקד
128.0,128.0,0.0,1.0,0.0,0.0,0.8534650546662002,0.22718027545586006,0.6262847792103401,0.8788867414094268,0.22718027545586006,0.6517064659535667,0.0,1.0,0.0,0.0,0.0,0.0,0.0,0.0,0.0,0.0,0.0,0.0,0.0,0.0,0.0,0.0,0.0,2.0,algo_no_comparison_result_sampled,D:\בעלי תשובה\סיני תור,D:\בעלי תשובה\יונתן רזאל\יונתן רזאל - בין הצלילים
128.0,320.0,192.0,0.4,0.0,0.0,0.8534650546662002,0.20824731826827425,0.6452177363979259,0.8788867414094268,1.0,0.1211132585905732,0.0,0.0,0.0,0.0,0.0,0.0,0.0,0.0,0.0,0.0,0.0,0.0,0.0,0.0,0.0,0.0,0.0,2.0,algo_no_comparison_result_sampled,D:\בעלי תשובה\סיני תור,D:\בעלי תשובה\שולי רנד\שולי רנד בקיסריה 1
96.0,128.0,32.0,0.75,0.0,0.0,0.22190442340597138,0.2859762415131112,0.0640718181071398,0.22190442340597138,1.0,0.7780955765940286,0.0,1.0,0.0,0.0,0.0,0.0,0.0,0.0,0.0,0.0,0.0,0.0,0.0,0.0,0.0,0.0,0.0,2.0,algo_no_comparison_result_sampled,D:\בעלי תשובה\קול אחי\הללו,D:\בעלי תשובה\עדי רן\התבוננות
128.0,128.0,0.0,1.0,0.0,0.0,1.0,1.0,0.0,1.0,1.0,0.0,0.0,0.0,0.0,0.0,0.0,0.6517140336102509,0.42521367521367515,0.39210526315789473,0.0,0.39999999999999997,0.0,0.4,0.0,0.43780098925426236,0.0,1.0,1.0,2.0,algo_low_certainty_sampled,D:\בעלי תשובה\נפתלי גולד,D:\בעלי תשובה\ברלינגר\משה לוי והלויים
32.0,32.0,0.0,1.0,1.0,1.0,0.0,0.0,0.0,0.0,0.0,0.0,0.0,0.0,0.0,0.0,0.0,0.8496607522999348,0.7142857142857143,0.33333333333333337,0.0,0.0,0.0,0.368421052631579,0.0,0.7853436215926525,0.0,1.0,1.0,2.0,algo_low_certainty_sampled,D:\בעלי תשובה\ארז משה דורון\001 תיקון הכללי,D:\בעלי תשובה\ארז משה דורון\052 אין כל חדש תחת השמש
96.0,192.0,96.0,0.5,0.0,0.0,0.7141580422083057,0.260760428742324,0.4533976134659817,0.26794241943258684,0.260760428742324,0.007181990690262818,0.0,1.0,0.0,0.0,0.0,0.0,0.0,0.0,0.0,0.0,0.0,0.0,0.0,0.0,0.0,0.0,0.0,2.0,algo_no_comparison_result_sampled,D:\בעלי תשובה\אודי אולמן\אגודה אחת,D:\בעלי תשובה\יצחק פוקס\ממעמקים יצחק פוקס
32.0,32.0,0.0,1.0,1.0,1.0,0.0,0.0,0.0,0.0,0.0,0.0,0.0,0.0,0.0,0.0,0.0,0.7582831705443637,0.6666666666666667,0.2857142857142857,0.0,0.0,0.0,0.15384615384615385,0.0,0.5470765292106579,0.0,1.0,1.0,2.0,algo_low_certainty_sampled,D:\בעלי תשובה\ארז משה דורון\000[066] כסף,D:\בעלי תשובה\ארז משה דורון\025 שלוש אהבות
96.0,128.0,32.0,0.75,0.0,0.0,0.24974139732911663,1.0,0.7502586026708834,0.24974139732911663,0.0,0.24974139732911663,0.0,0.0,0.0,0.0,0.0,0.7977175552159854,0.21226453770633294,0.0,0.0,0.0,0.0,0.25,0.0,0.40349856301163295,0.0,0.55,1.0,2.0,algo_low_certainty_sampled,D:\בעלי תשובה\קול אחי\השקיפה,D:\בעלי תשובה\גיל עקביוב
128.0,320.0,192.0,0.4,0.0,0.0,0.2963361711896721,0.20824731826827425,0.08808885292139784,0.2792337495532713,1.0,0.7207662504467287,0.0,0.0,0.0,0.0,0.0,0.2621754040504582,0.4710741801466854,0.11338411545454889,0.0,0.19317534317534316,0.0,0.36363636363636365,0.0,0.3048941098789289,0.0,0.5416666666666666,1.0,2.0,algo_low_certainty_sampled,D:\בעלי תשובה\נסתרות דרכי האל,D:\בעלי תשובה\שולי רנד\שולי רנד בקיסריה 1
96.0,128.0,32.0,0.75,0.0,0.0,0.22190442340597138,0.40024241465807686,0.17833799125210548,0.22190442340597138,0.29184619831127967,0.06994177490530828,0.0,0.0,0.0,0.0,0.0,0.0,0.0,0.0,0.0,0.0,0.0,0.0,0.0,0.0,0.0,0.0,0.0,2.0,algo_no_comparison_result_sampled,D:\בעלי תשובה\קול אחי\הללו,D:\בעלי תשובה\אלטרנטיבי\להקת המדרגות-בפתח הדלת
128.0,96.0,32.0,0.75,0.0,0.0,1.0,0.24974139732911663,0.7502586026708834,1.0,0.24974139732911663,0.7502586026708834,0.0,0.0,0.0,0.0,0.0,0.589963875879799,0.26567763398797883,0.16446454371222174,0.0,0.3125,0.0,0.2857142857142857,0.0,0.5654184377557008,0.0,1.0,1.0,2.0,algo_low_certainty_sampled,D:\בעלי תשובה\ברלינגר\משה לוי והלויים,D:\בעלי תשובה\קול אחי\השקיפה
32.0,32.0,0.0,1.0,1.0,1.0,0.0,0.0,0.0,0.0,0.0,0.0,0.0,0.0,0.0,0.0,0.0,0.5235716289867409,0.8571428571428573,0.6666666666666667,0.0,0.0,0.0,0.3783783783783784,0.0,0.3150898441642215,0.0,1.0,1.0,2.0,algo_low_certainty_sampled,D:\בעלי תשובה\ארז משה דורון\052 אין כל חדש תחת השמש,D:\בעלי תשובה\ארז משה דורון\005 ניקוי הראש
128.0,320.0,192.0,0.4,0.0,0.0,0.6202184291388099,0.31856504208855146,0.3016533870502584,0.27770914861101964,0.31856504208855146,0.040855893477531824,0.0,0.0,0.0,0.0,0.0,0.25692902385487265,0.4227102870133561,0.28448418683712795,0.0,0.0,0.0,0.125,0.0,0.47990512803990326,0.0,1.0,1.0,2.0,algo_low_certainty_sampled,D:\בעלי תשובה\אחיה רובין\ונזכה,D:\בעלי תשובה\אהוד בר לוי
32.0,32.0,0.0,1.0,1.0,1.0,0.0,0.0,0.0,0.0,0.0,0.0,0.0,0.0,0.0,0.0,0.0,0.4350394486745251,0.7142857142857143,0.33333333333333337,0.0,0.0,0.0,0.375,0.0,0.2682883475565263,0.0,1.0,1.0,2.0,algo_low_certainty_sampled,D:\בעלי תשובה\ארז משה דורון\032 להמתיק את הדין,D:\בעלי תשובה\ארז משה דורון\005 ניקוי הראש
128.0,128.0,0.0,1.0,1.0,1.0,0.2889764430020933,0.3462975584756755,0.05732111547358221,0.2889764430020933,0.3462975584756755,0.05732111547358221,0.0,0.0,0.0,0.0,0.0,0.4665685803796221,0.45587423153599627,0.2775523300979691,0.0,0.0,0.0,0.23529411764705888,0.0,0.22816477117413575,0.0,1.0,1.0,2.0,algo_low_certainty_sampled,D:\בעלי תשובה\דני גולן\דני גולן והחברים\לב טהור,D:\בעלי תשובה\ישראל דגן\נפשי החזקה
32.0,153.6,121.6,0.20833333333333334,1.0,1.0,0.0,0.7400588508887702,0.7400588508887702,0.0,0.7400588508887702,0.7400588508887702,0.0,0.0,0.0,0.0,0.0,0.4635649616551114,0.15516708381482905,0.010079529192889833,0.0,0.0,0.0,0.3157894736842105,0.0,0.0,0.0,0.0,0.0,2.0,algo_low_certainty_sampled,D:\בעלי תשובה\ארז משה דורון\029 לראות טוב,D:\בעלי תשובה\אבולוף
32.0,128.0,96.0,0.25,1.0,1.0,0.0,0.16483886483886487,0.16483886483886487,0.0,0.0,0.0,0.0,1.0,0.0,0.0,0.0,0.7815781455999153,0.4855889724310776,0.0,0.0,0.0,0.0,0.25531914893617025,0.0,0.0,0.0,0.0,0.0,2.0,algo_low_certainty_sampled,D:\בעלי תשובה\ארז משה דורון\069 כח המושח וכח המכריח,D:\בעלי תשובה\עמיר בניון\עמיר בניון - כוונה תחילה
128.0,128.0,0.0,1.0,0.0,0.0,1.0,1.0,0.0,1.0,0.260144522835359,0.7398554771646411,0.0,0.0,0.0,0.0,0.0,0.5241196812398927,0.29824308755760365,0.02982677782892606,0.0,0.0,0.0,0.3076923076923077,0.0,0.3299468799648306,0.0,1.0,1.0,2.0,algo_low_certainty_sampled,D:\בעלי תשובה\ברלינגר\מתתיהו 1,D:\בעלי תשובה\חיים דוד סרצ'יק\הפורש
128.0,32.0,96.0,0.25,1.0,1.0,0.4407025534851622,0.0,0.4407025534851622,0.4407025534851622,0.0,0.4407025534851622,0.0,0.0,0.0,0.0,0.0,0.252750491454114,0.37272727272727274,0.05438596491228069,0.0,0.0,0.0,0.16000000000000003,0.0,0.0,0.0,0.0,0.0,2.0,algo_low_certainty_sampled,D:\בעלי תשובה\ישראל דגן\מחול צדיקים,D:\בעלי תשובה\ארז משה דורון\025 שלוש אהבות
128.0,128.0,0.0,1.0,0.0,0.0,0.8534650546662002,0.8333333333333334,0.02013172133286678,0.8788867414094268,0.23579977126416757,0.6430869701452593,0.0,0.0,0.0,0.0,0.0,0.0,0.0,0.0,0.0,0.0,0.0,0.0,0.0,0.0,0.0,0.0,0.0,2.0,algo_no_comparison_result_sampled,D:\בעלי תשובה\סיני תור,D:\בעלי תשובה\אודי דוידי\אודי דודי 2\no title
320.0,128.0,192.0,0.4,0.0,0.0,0.2328732027030505,0.2809753868055855,0.04810218410253497,0.23477009369085064,0.2555969699945765,0.020826876303725844,0.0,0.0,0.0,0.0,0.0,0.1772599895139371,0.45504463120298894,0.2665878568196465,0.0,0.022727272727272728,0.0,0.12765957446808507,0.0,0.407888085125193,0.0,0.0,0.0,2.0,algo_low_certainty_sampled,D:\בעלי תשובה\צמאה - אומנים שרים את ניגוני הרבי מילובביץ,D:\בעלי תשובה\יוסף קרדונר\בחירה
32.0,192.0,160.0,0.16666666666666666,0.0,0.0,0.0,0.7029066585588325,0.7029066585588325,0.0,0.28324915824915825,0.28324915824915825,0.0,0.0,0.0,0.0,0.0,0.24407338329644432,0.17568529250764608,0.0,0.0,0.0,0.0,0.23076923076923073,0.0,0.0,0.0,0.0,0.0,2.0,algo_low_certainty_sampled,D:\בעלי תשובה\ארז משה דורון\034 אש רוח מים עפר,D:\בעלי תשובה\אהוד בנאי\טיפ טיפה
160.0,128.0,32.0,0.8,0.0,0.0,0.3707724849592341,0.2139713364504999,0.1568011485087342,0.3707724849592341,0.21586764519215973,0.15490483976707436,0.0,0.0,0.0,0.0,0.0,0.0,0.0,0.0,0.0,0.0,0.0,0.0,0.0,0.0,0.0,0.0,0.0,2.0,algo_no_comparison_result_sampled,D:\בעלי תשובה\תיקון הכללי,D:\בעלי תשובה\אנסמבל שם-טוב לוי\תחנות רוח
128.0,320.0,192.0,0.4,0.0,0.0,0.7648210459606535,0.4637226853878569,0.3010983605727966,0.635970973660645,0.4626829626472544,0.17328801101339064,0.0,0.0,0.0,0.0,0.0,0.14739462118185295,0.2647118002871037,0.33085280906357695,0.0,0.141025641025641,0.0,0.125,0.0,0.19482158372630654,0.0,0.0,0.0,2.0,algo_low_certainty_sampled,D:\בעלי תשובה\הלוים,D:\בעלי תשובה\יאיר כלב\עצם הנשמה 3
192.0,128.0,64.0,0.6666666666666666,0.0,0.0,0.3067488807297329,0.37977690175096385,0.07302802102123096,0.3067488807297329,0.23290542901652928,0.07384345171320361,1.0,0.0,0.0,0.0,0.0,0.0,0.0,0.0,0.0,0.0,0.0,0.0,0.0,0.0,0.0,0.0,0.0,2.0,algo_no_comparison_result_sampled,D:\בעלי תשובה\אהרון רזאל\אהרן רזאל - קבעתי את מושבי\אהרן רזאל - קבעתי את מושבי,D:\בעלי תשובה\יוסף (גלעד) קרדונר\כל העולם - 02
32.0,192.0,160.0,0.16666666666666666,0.0,0.0,0.0,0.7029066585588325,0.7029066585588325,0.0,0.28324915824915825,0.28324915824915825,0.0,0.0,0.0,0.0,0.0,0.19417686413003607,0.1669211483087193,0.0,0.0,0.0,0.0,0.24,0.0,0.0,0.0,0.0,0.0,2.0,algo_low_certainty_sampled,D:\בעלי תשובה\ארז משה דורון\011 אחד היה אברהם,D:\בעלי תשובה\אהוד בנאי\טיפ טיפה
128.0,128.0,0.0,1.0,0.0,0.0,0.2280134555390086,0.8181818181818182,0.5901683626428096,0.25332720690615423,0.0,0.25332720690615423,0.0,0.0,0.0,0.0,0.0,0.6348814190061937,0.27161769207223746,0.0,0.0,0.0,0.0,0.25806451612903225,0.0,0.47561313435759944,0.0,0.0,0.0,2.0,algo_low_certainty_sampled,D:\בעלי תשובה\למען שמו באהבה,D:\בעלי תשובה\חיים דוד סרצ'יק\היום\1-זה כפול נא לסדר
128.0,128.0,0.0,1.0,0.0,0.0,0.2859762415131112,0.40582510542562483,0.11984886391251365,1.0,0.2226164249693661,0.7773835750306339,1.0,0.0,0.0,0.0,0.0,0.0,0.0,0.0,0.0,0.0,0.0,0.0,0.0,0.0,0.0,0.0,0.0,2.0,algo_no_comparison_result_sampled,D:\בעלי תשובה\עדי רן\התבוננות,D:\בעלי תשובה\יוסף (גלעד) קרדונר\סימנים בדרך - 01
128.0,128.0,0.0,1.0,0.0,1.0,1.0,0.8181818181818182,0.18181818181818177,0.0,0.0,0.0,0.0,0.0,0.0,0.0,0.0,0.5715666946812993,0.4511904761904761,0.0,0.0,0.0,0.0,0.24,0.0,0.21916323576677402,0.0,0.7272727272727273,1.0,2.0,algo_low_certainty_sampled,D:\בעלי תשובה\חיים דוד סרצ'יק\מצור דבש,D:\בעלי תשובה\חיים דוד סרצ'יק\היום\1-זה כפול נא לסדר
153.6,32.0,121.6,0.20833333333333334,1.0,1.0,0.7400588508887702,0.0,0.7400588508887702,0.7400588508887702,0.0,0.7400588508887702,0.0,0.0,0.0,0.0,0.0,0.6705639611474941,0.15986004642831153,0.01049950957592692,0.0,0.0,0.0,0.19047619047619047,0.0,0.0,0.0,0.0,0.0,2.0,algo_low_certainty_sampled,D:\בעלי תשובה\אבולוף,D:\בעלי תשובה\ארז משה דורון\001 תיקון הכללי
128.0,128.0,0.0,1.0,0.0,0.0,0.4261133624252772,1.0,0.5738866375747228,0.4261133624252772,1.0,0.5738866375747228,0.0,0.0,0.0,0.0,0.0,0.6801950541750369,0.2877327602679003,0.18040056123060075,0.0,0.0,0.0,0.2068965517241379,0.0,0.4684869286081826,0.0,0.0,0.0,2.0,algo_low_certainty_sampled,D:\בעלי תשובה\יוסף (גלעד) קרדונר\בחירה - 03,D:\בעלי תשובה\אודי דוידי\אודי דוידי דבר אליו
128.0,128.0,0.0,1.0,0.0,0.0,0.2873753124937582,0.27114163132912755,0.016233681164630642,0.2873753124937582,0.27114163132912755,0.016233681164630642,0.0,0.0,0.0,0.0,0.0,0.46123460547500966,0.4520711883750162,0.2632154220882057,0.0,0.0,0.0,0.625,0.0,0.14517714387194083,0.0,1.0,1.0,2.0,algo_low_certainty_sampled,D:\בעלי תשובה\אברהם אבוטבול\בית הקדושה,D:\בעלי תשובה\דב אינדיג\בת קול
128.0,128.0,0.0,1.0,0.0,0.0,0.24951725891354376,0.6387530961627489,0.38923583724920513,0.24951725891354376,0.2787580723284634,0.02924081341491963,0.0,0.0,0.0,0.0,0.0,0.5543878189818178,0.3177333822227655,0.256435753788695,0.0,0.0,0.0,0.25,0.0,0.30294661976682613,0.0,1.0,1.0,2.0,algo_low_certainty_sampled,D:\בעלי תשובה\דני ממן\זה שיר שבח,D:\בעלי תשובה\ישראל דגן\עדיין יש תקווה
96.0,128.0,32.0,0.75,0.0,0.0,0.24974139732911663,0.40582510542562483,0.1560837080965082,0.24974139732911663,0.2226164249693661,0.027124972359750532,0.0,0.0,0.0,0.0,0.0,0.0,0.0,0.0,0.0,0.0,0.0,0.0,0.0,0.0,0.0,0.0,0.0,2.0,algo_no_comparison_result_sampled,D:\בעלי תשובה\קול אחי\השקיפה,D:\בעלי תשובה\יוסף (גלעד) קרדונר\סימנים בדרך - 01
128.0,32.0,96.0,0.25,0.0,0.0,0.6499881692003374,0.0,0.6499881692003374,0.6499881692003374,0.0,0.6499881692003374,0.0,0.0,0.0,0.0,0.0,0.3592977948411925,0.3021799372902314,0.09240400404193508,0.0,0.0,0.0,0.18181818181818177,0.0,0.0,0.0,0.0,0.0,2.0,algo_low_certainty_sampled,D:\בעלי תשובה\ישראל דגן\לכבוד רשב'י,D:\בעלי תשובה\ארז משה דורון\053 להשתנות
320.0,128.0,192.0,0.4,0.0,0.0,0.2328732027030505,0.3022111170984259,0.0693379143953754,0.23477009369085064,0.3022111170984259,0.06744102340757527,0.0,0.0,0.0,0.0,0.0,0.277481506844015,0.4889442503681805,0.07282545074686439,0.0,0.08083968819881698,0.0,0.23529411764705888,0.0,0.0,0.0,0.0,0.0,2.0,algo_low_certainty_sampled,D:\בעלי תשובה\צמאה - אומנים שרים את ניגוני הרבי מילובביץ,D:\בעלי תשובה\ישראל דגן\דגן חתונות\משה אטיאס
320.0,128.0,192.0,0.4,1.0,1.0,0.31856504208855146,0.4395813988062998,0.12101635671774835,0.31856504208855146,0.4395813988062998,0.12101635671774835,0.0,0.0,0.0,0.0,0.0,0.27119329088612354,0.4398344733167816,0.2792543709144031,0.0,0.0,0.0,0.43478260869565216,0.0,0.4100754928966781,0.0,1.0,1.0,2.0,algo_low_certainty_sampled,D:\בעלי תשובה\אהוד בר לוי,D:\בעלי תשובה\ישראל דגן\ראש השנה שלי
32.0,32.0,0.0,1.0,1.0,1.0,0.0,0.0,0.0,0.0,0.0,0.0,0.0,0.0,0.0,0.0,0.0,0.5996636339606909,0.7142857142857143,0.33333333333333337,0.0,0.0,0.0,0.3076923076923077,0.0,0.3117664049332657,0.0,1.0,1.0,2.0,algo_low_certainty_sampled,D:\בעלי תשובה\ארז משה דורון\000[066] כסף,D:\בעלי תשובה\ארז משה דורון\009 סיפור אישי
32.0,32.0,0.0,1.0,1.0,1.0,0.0,0.0,0.0,0.0,0.0,0.0,0.0,0.0,0.0,0.0,0.0,0.6762033778876152,0.6535947712418301,0.2751322751322751,0.0,0.0,0.0,0.4,0.0,0.3333333333333333,0.0,1.0,1.0,2.0,algo_low_certainty_sampled,D:\בעלי תשובה\ארז משה דורון\021 טוב להודות לה,D:\בעלי תשובה\ארז משה דורון\069 כח המושח וכח המכריח
128.0,160.0,32.0,0.8,0.0,0.0,0.2000802777784875,0.27238638174643265,0.07230610396794515,0.0,0.27238638174643265,0.27238638174643265,0.0,0.0,0.0,0.0,0.0,0.6457916294009916,0.45285175854830534,0.0,0.0,0.0,0.0,0.11111111111111116,0.0,0.3157740759347099,0.0,0.0,0.0,2.0,algo_low_certainty_sampled,D:\בעלי תשובה\אודי אולמן\דברי שיר,D:\בעלי תשובה\אהרון רזאל\זמן הגאולה
128.0,96.0,32.0,0.75,0.0,0.0,1.0,0.24974139732911663,0.7502586026708834,1.0,0.24974139732911663,0.7502586026708834,0.0,0.0,0.0,0.0,0.0,0.6560938066855959,0.21226453770633294,0.07177098757122986,0.0,0.0,0.0,0.2666666666666667,0.0,0.60178976838144,0.0,0.55,1.0,2.0,algo_low_certainty_sampled,D:\בעלי תשובה\יצחק שדהו,D:\בעלי תשובה\קול אחי\השקיפה
320.0,160.0,160.0,0.5,0.0,0.0,0.2328732027030505,0.3707724849592341,0.1378992822561836,0.23477009369085064,0.3707724849592341,0.13600239126838345,0.0,0.0,0.0,0.0,0.0,0.0,0.0,0.0,0.0,0.0,0.0,0.0,0.0,0.0,0.0,0.0,0.0,2.0,algo_no_comparison_result_sampled,D:\בעלי תשובה\צמאה - אומנים שרים את ניגוני הרבי מילובביץ,D:\בעלי תשובה\תיקון הכללי
128.0,160.0,32.0,0.8,0.0,0.0,0.21966512044689707,0.25237744776806564,0.03271232732116858,0.29173991200759963,0.25237744776806564,0.03936246423953399,0.0,0.0,0.0,0.0,0.0,0.40809946487728666,0.43485325674760666,0.2638649070228017,0.058497536945812806,0.06666666666666667,0.0,0.33333333333333337,0.0,0.27405518592810973,0.0,1.0,1.0,2.0,algo_low_certainty_sampled,D:\בעלי תשובה\ישראל דגן\למען שמו באהבה,D:\בעלי תשובה\עדי רן\עדי רן מה יש לכם לדאוג
192.0,128.0,64.0,0.6666666666666666,0.0,0.0,0.3602569865901291,0.37977690175096385,0.019519915160834733,0.20396713382961987,0.23290542901652928,0.028938295186909407,1.0,0.0,0.0,0.0,0.0,0.0,0.0,0.0,0.0,0.0,0.0,0.0,0.0,0.0,0.0,0.0,0.0,2.0,algo_no_comparison_result_sampled,D:\בעלי תשובה\שולי רנד\הופעה בקיסריה\שולי רנד - בקיסריה\דיסק 2,D:\בעלי תשובה\יוסף (גלעד) קרדונר\כל העולם - 02
128.0,128.0,0.0,1.0,0.0,0.0,1.0,0.8181818181818182,0.18181818181818177,0.2601616418210846,0.0,0.2601616418210846,0.0,0.0,0.0,0.0,0.0,0.5584274986967247,0.2222631169999591,0.022727272727272728,0.0,0.0,0.0,0.2222222222222222,0.0,0.21461706876381656,0.0,0.0,0.0,2.0,algo_low_certainty_sampled,D:\בעלי תשובה\נקודה טובה,D:\בעלי תשובה\חיים דוד סרצ'יק\היום\1-זה כפול נא לסדר
128.0,128.0,0.0,1.0,0.0,0.0,0.3409729108296054,0.314852760634035,0.026120150195570402,0.3409729108296054,0.19920827968857835,0.14176463114102705,0.0,0.0,0.0,0.0,0.0,0.3834325654771001,0.45016822340517937,0.16230734280681472,0.0,0.0790408574390268,0.0,0.2962962962962963,0.0,0.14275322580773733,0.0,0.0,0.0,2.0,algo_low_certainty_sampled,D:\בעלי תשובה\ישראל דגן\דגן חתונות\משה אונו,D:\בעלי תשובה\קן ברג'ס\קן ברג'ס-בנה מלכותו
128.0,128.0,0.0,1.0,0.0,0.0,0.2809753868055855,0.22711722683296007,0.05385815997262541,0.2555969699945765,0.22711722683296007,0.028479743161616417,0.0,0.0,0.0,0.0,0.0,0.6723736853823724,0.4573109923493344,0.2521080219152271,0.0,0.0202020202020202,0.0,0.2857142857142857,0.0,0.5125843911486171,0.0,1.0,1.0,2.0,algo_low_certainty_sampled,D:\בעלי תשובה\יוסף קרדונר\בחירה,D:\בעלי תשובה\יניב\קומי אורי
128.0,128.0,0.0,1.0,0.0,0.0,0.6606431894230039,0.40582510542562483,0.2548180839973791,0.8222222222222222,0.2226164249693661,0.5996057972528561,0.0,0.0,0.0,0.0,0.0,0.5389435772698123,0.39196141115507194,0.1227404213556563,0.0,0.16187810279564405,0.0,0.2962962962962963,0.0,0.3315842645609044,0.0,0.0,0.0,2.0,algo_low_certainty_sampled,D:\בעלי תשובה\המדרגות\המדרגות חדש,D:\בעלי תשובה\יוסף (גלעד) קרדונר\סימנים בדרך - 01
192.0,128.0,64.0,0.6666666666666666,0.0,0.0,0.3067488807297329,0.7874080873534178,0.48065920662368494,0.3067488807297329,0.7874080873534178,0.48065920662368494,1.0,0.0,0.0,0.0,0.0,0.4405891600277453,0.221103898803106,0.1377493002118399,0.0,0.25,0.0,0.18181818181818177,0.0,0.6776047253589587,0.0,1.0,1.0,2.0,algo_low_certainty_sampled,D:\בעלי תשובה\אהרון רזאל\אהרן רזאל - קבעתי את מושבי\אהרן רזאל - קבעתי את מושבי,D:\בעלי תשובה\המדרגות
128.0,128.0,0.0,1.0,0.0,0.0,0.4261133624252772,0.2280134555390086,0.1980999068862686,0.4261133624252772,0.25332720690615423,0.17278615551912296,0.0,0.0,0.0,0.0,0.0,0.5556305114689661,0.43882985701167515,0.12041003264739482,0.030961791831357045,0.05387205387205387,0.0,0.16666666666666663,0.0,0.3323330618302587,0.0,0.0,0.0,2.0,algo_low_certainty_sampled,D:\בעלי תשובה\יוסף (גלעד) קרדונר\בחירה - 03,D:\בעלי תשובה\למען שמו באהבה
32.0,32.0,0.0,1.0,1.0,1.0,0.0,0.0,0.0,0.0,0.0,0.0,0.0,0.0,0.0,0.0,0.0,0.9478053609735538,0.7692307692307692,0.1,0.0,0.0,0.0,0.4375,0.0,0.9478051156616372,0.0,1.0,1.0,2.0,algo_low_certainty_sampled,D:\בעלי תשובה\ארז משה דורון\032 תשובה מאהבה,D:\בעלי תשובה\ארז משה דורון\003 שמחה מתוך צער
128.0,320.0,192.0,0.4,0.0,0.0,0.2873753124937582,0.2328732027030505,0.05450210979070769,0.2873753124937582,0.23477009369085064,0.052605218802907555,0.0,0.0,0.0,0.0,0.0,0.0,0.0,0.0,0.0,0.0,0.0,0.0,0.0,0.0,0.0,0.0,0.0,2.0,algo_no_comparison_result_sampled,D:\בעלי תשובה\אברהם אבוטבול\בית הקדושה,D:\בעלי תשובה\צמאה - אומנים שרים את ניגוני הרבי מילובביץ
128.0,128.0,0.0,1.0,0.0,0.0,1.0,0.2873753124937582,0.7126246875062419,0.0,0.2873753124937582,0.2873753124937582,0.0,0.0,0.0,0.0,0.0,0.5995714864963226,0.19321512644396657,0.0,0.0,0.0,0.0,0.33333333333333337,0.0,0.23916265637220216,0.0,0.5454545454545454,1.0,2.0,algo_low_certainty_sampled,D:\בעלי תשובה\חיים דוד סרצ'יק\מצור דבש,D:\בעלי תשובה\אברהם אבוטבול\בית הקדושה
160.0,64.0,96.0,0.4,1.0,1.0,0.22423017210857654,0.24337572331410295,0.019145551205526412,0.22423017210857654,0.4669122431312358,0.24268207102265926,0.0,0.0,0.0,0.0,0.0,0.099453908039314,0.46353881859141327,0.19089415335067508,0.0,0.0,0.0,0.75,0.0,0.42077552613897656,0.0,1.0,1.0,2.0,algo_low_certainty_sampled,D:\בעלי תשובה\מים 1,D:\בעלי תשובה\אודי טופלברג\מים
128.0,128.0,0.0,1.0,0.0,0.0,0.8534650546662002,0.24746292294408634,0.6060021317221138,0.8788867414094268,0.24746292294408634,0.6314238184653405,0.0,0.0,0.0,0.0,0.0,0.0,0.0,0.0,0.0,0.0,0.0,0.0,0.0,0.0,0.0,0.0,0.0,2.0,algo_no_comparison_result_sampled,D:\בעלי תשובה\סיני תור,D:\בעלי תשובה\עדי רן\עדי רן והגיטרה - 2
153.6,32.0,121.6,0.20833333333333334,1.0,1.0,0.7400588508887702,0.0,0.7400588508887702,0.7400588508887702,0.0,0.7400588508887702,0.0,0.0,0.0,0.0,0.0,0.5438860942827659,0.15074208454854737,0.0096918549931633,0.0,0.0,0.0,0.1333333333333333,0.0,0.0,0.0,0.0,0.0,2.0,algo_low_certainty_sampled,D:\בעלי תשובה\אבולוף,D:\בעלי תשובה\ארז משה דורון\036 חנוכה
128.0,128.0,0.0,1.0,0.0,0.0,0.27209795202223724,0.2249296836256957,0.047168268396541535,0.27209795202223724,0.2249296836256957,0.047168268396541535,0.0,0.0,0.0,0.0,0.0,0.0,0.0,0.0,0.0,0.0,0.0,0.0,0.0,0.0,0.0,0.0,0.0,2.0,algo_no_comparison_result_sampled,D:\בעלי תשובה\יהודה גלאנץ\מוכרחים לרקוד,D:\בעלי תשובה\שולי רנד\בצוותא
128.0,128.0,0.0,1.0,0.0,0.0,0.4028413437474495,1.0,0.5971586562525505,0.2725157489002033,0.27844605035436915,0.005930301454165843,0.0,0.0,0.0,0.0,0.0,0.7242588736423913,0.19438008489707276,0.2602248190406085,0.5263157894736842,0.0,0.0,0.3076923076923077,0.0,0.5254433501153153,0.0,0.55,1.0,2.0,algo_low_certainty_sampled,D:\בעלי תשובה\מאיר בנאי\שמע קולי,D:\בעלי תשובה\סנדי שמואלי\מחכים
128.0,128.0,0.0,1.0,1.0,1.0,0.2941560623287137,1.0,0.7058439376712863,0.0,0.0,0.0,0.0,0.0,0.0,0.0,0.0,0.6391475955920687,0.19621031746031742,0.0,0.0,0.0,0.0,0.21052631578947367,0.0,0.41353893080769516,0.0,0.0,0.0,2.0,algo_low_certainty_sampled,D:\בעלי תשובה\עדי רן\אל תכה בסלע,D:\בעלי תשובה\חיים דוד סרצ'יק\למעו שמו
160.0,128.0,32.0,0.8,0.0,0.0,0.27238638174643265,0.2330104184381377,0.03937596330829496,0.0,0.18359844124657437,0.18359844124657437,0.0,0.0,0.0,0.0,0.0,0.4030200889944479,0.47796936380008487,0.0,0.0,0.0404040404040404,0.0,0.12121212121212122,0.0,0.15025088638897266,0.0,0.0,0.0,2.0,algo_low_certainty_sampled,D:\בעלי תשובה\אהרון רזאל\אהרן רזאל - זמן הגאולה,D:\בעלי תשובה\יוסף קרדונר\סימנים בדרך
32.0,32.0,0.0,1.0,1.0,1.0,0.0,0.0,0.0,0.0,0.0,0.0,0.0,0.0,0.0,0.0,0.0,0.61927154980109,0.8,0.5714285714285714,0.0,0.0,0.0,0.4285714285714286,0.0,0.5750333486487842,0.0,1.0,1.0,2.0,algo_low_certainty_sampled,D:\בעלי תשובה\ארז משה דורון\000[023] מעלת השמחה,D:\בעלי תשובה\ארז משה דורון\052 אין כל חדש תחת השמש
128.0,128.0,0.0,1.0,0.0,0.0,0.2889764430020933,1.0,0.7110235569979066,0.2889764430020933,1.0,0.7110235569979066,0.0,0.0,0.0,0.0,0.0,0.6046774427163231,0.19348937044964032,0.05121095407860114,0.0,0.0,0.0,0.3529411764705882,0.0,0.4198173639425268,0.0,1.0,1.0,2.0,algo_low_certainty_sampled,D:\בעלי תשובה\דני גולן\דני גולן והחברים\לב טהור,D:\בעלי תשובה\נפתלי גולד
320.0,128.0,192.0,0.4,0.0,0.0,0.2184054305612374,0.22711722683296007,0.008711796271722666,0.2184054305612374,0.22711722683296007,0.008711796271722666,1.0,0.0,0.0,0.0,0.0,0.0,0.0,0.0,0.0,0.0,0.0,0.0,0.0,0.0,0.0,0.0,0.0,2.0,algo_no_comparison_result_sampled,D:\בעלי תשובה\ישי ריבו\שטח אפור,D:\בעלי תשובה\יניב\קומי אורי
128.0,32.0,96.0,0.25,0.0,0.0,0.6499881692003374,0.0,0.6499881692003374,0.6499881692003374,0.0,0.6499881692003374,0.0,0.0,0.0,0.0,0.0,0.2795808464128937,0.3042914237767179,0.09599595806492356,0.0,0.0,0.0,0.24,0.0,0.0,0.0,0.0,0.0,2.0,algo_low_certainty_sampled,D:\בעלי תשובה\ישראל דגן\לכבוד רשב'י,D:\בעלי תשובה\ארז משה דורון\064 תמיד תלמיד
32.0,32.0,0.0,1.0,1.0,1.0,0.0,0.0,0.0,0.0,0.0,0.0,0.0,0.0,0.0,0.0,0.0,0.9312205247894347,0.5666666666666667,0.3571428571428571,0.0,0.0,0.0,0.3448275862068966,0.0,0.9312202580467484,0.0,1.0,1.0,2.0,algo_low_certainty_sampled,D:\בעלי תשובה\ארז משה דורון\032 תשובה מאהבה,D:\בעלי תשובה\ארז משה דורון\064 תמיד תלמיד
128.0,128.0,0.0,1.0,1.0,1.0,0.2941560623287137,0.25256305214732394,0.04159301018138978,0.0,0.25256305214732394,0.25256305214732394,0.0,0.0,0.0,0.0,0.0,0.6161380234639239,0.47170334179174417,0.0,0.0,0.0,0.0,0.2857142857142857,0.0,0.33156386204633875,0.0,0.0,0.0,2.0,algo_low_certainty_sampled,D:\בעלי תשובה\עדי רן\אל תכה בסלע,D:\בעלי תשובה\יערות דבש-יצחק אזולאי\יערות דבש השיר והשבחלחי העולמים
320.0,128.0,192.0,0.4,0.0,0.0,0.4637226853878569,0.5556271404987482,0.09190445511089129,0.4626829626472544,0.309324224284178,0.1533587383630764,0.0,0.0,0.0,0.0,0.0,0.0,0.0,0.0,0.0,0.0,0.0,0.0,0.0,0.0,0.0,0.0,0.0,2.0,algo_no_comparison_result_sampled,D:\בעלי תשובה\יאיר כלב\עצם הנשמה 3,D:\בעלי תשובה\הזמיר\נוסע לאומן
128.0,128.0,0.0,1.0,0.0,1.0,0.27622047176536346,0.3022111170984259,0.025990645333062445,0.27622047176536346,0.3022111170984259,0.025990645333062445,0.0,0.0,0.0,0.0,0.0,0.09369294233305796,0.3617153753507724,0.08148217533801058,0.0,0.0,0.0,0.11111111111111116,0.0,0.0,0.0,1.0,1.0,2.0,algo_low_certainty_sampled,D:\בעלי תשובה\עקיבא מרגליות\לאורו נלך,D:\בעלי תשובה\ישראל דגן\דגן חתונות\משה אטיאס
32.0,32.0,0.0,1.0,1.0,1.0,0.0,0.0,0.0,0.0,0.0,0.0,0.0,0.0,0.0,0.0,0.0,0.7353923976065232,0.7692307692307692,0.4,0.0,0.0,0.0,0.3571428571428571,0.0,0.36742760200769575,0.0,1.0,1.0,2.0,algo_low_certainty_sampled,D:\בעלי תשובה\ארז משה דורון\025 שלוש אהבות,D:\בעלי תשובה\ארז משה דורון\009 סיפור אישי
320.0,96.0,224.0,0.3,0.0,0.0,0.45042736031577224,0.7141580422083057,0.26373068189253346,0.45042736031577224,0.26794241943258684,0.1824849408831854,0.0,0.0,0.0,0.0,0.0,0.0,0.0,0.0,0.0,0.0,0.0,0.0,0.0,0.0,0.0,0.0,0.0,2.0,algo_no_comparison_result_sampled,D:\בעלי תשובה\יאיר כלב\הרב יאיר כלב ולהקת א גרויסע מציאה\עצם הנשמה,D:\בעלי תשובה\אודי אולמן\אגודה אחת
192.0,128.0,64.0,0.6666666666666666,0.0,0.0,0.3693793107610762,0.21966512044689707,0.14971419031417915,0.22502142268352276,0.29173991200759963,0.06671848932407687,1.0,0.0,0.0,0.0,0.0,0.2911790935755448,0.4187628664917565,0.23798608675170008,0.03175403225806452,0.07843137254901959,0.0,0.09999999999999998,0.0,0.37268023239152104,0.0,0.0,0.0,2.0,algo_low_certainty_sampled,D:\בעלי תשובה\שולי רנד\הופעה בקיסריה\שולי רנד - בקיסריה\דיסק 1,D:\בעלי תשובה\ישראל דגן\למען שמו באהבה
128.0,128.0,0.0,1.0,1.0,1.0,0.2941560623287137,0.3569665526970235,0.06281049036830977,0.0,0.2755814301892734,0.2755814301892734,0.0,0.0,0.0,0.0,0.0,0.5990076261075475,0.48913332147852273,0.0,0.0,0.0,0.0,0.0,0.0,0.3138106361403349,0.0,0.0,0.0,2.0,algo_low_certainty_sampled,D:\בעלי תשובה\עדי רן\אל תכה בסלע,D:\בעלי תשובה\יהודה גלאנץ\פיונרו
128.0,128.0,0.0,1.0,0.0,0.0,0.2889764430020933,0.6847330038265858,0.39575656082449245,0.2889764430020933,0.22257521613042763,0.06640122687166566,0.0,0.0,0.0,0.0,0.0,0.683374688484186,0.42194443870914455,0.23403554873806592,0.0,0.0,0.0,0.4285714285714286,0.0,0.5119503798815905,0.0,1.0,1.0,2.0,algo_low_certainty_sampled,D:\בעלי תשובה\דני גולן\דני גולן והחברים\לב טהור,D:\בעלי תשובה\אורן ארנון\עלי באר
128.0,192.0,64.0,0.6666666666666666,0.0,0.0,0.8181818181818182,0.3602569865901291,0.4579248315916891,0.0,0.20396713382961987,0.20396713382961987,0.0,1.0,0.0,0.0,0.0,0.3491677169530232,0.2346330536846382,0.024242424242424246,0.0,0.03305785123966942,0.0,0.08695652173913049,0.0,0.21886946492064113,0.0,0.09090909090909091,0.0,2.0,algo_low_certainty_sampled,D:\בעלי תשובה\חיים דוד סרצ'יק\היום\1-זה כפול נא לסדר,D:\בעלי תשובה\שולי רנד\הופעה בקיסריה\שולי רנד - בקיסריה\דיסק 2
128.0,128.0,0.0,1.0,0.0,0.0,1.0,0.40582510542562483,0.5941748945743752,1.0,0.2226164249693661,0.7773835750306339,0.0,0.0,0.0,0.0,0.0,0.0,0.0,0.0,0.0,0.0,0.0,0.0,0.0,0.0,0.0,0.0,0.0,2.0,algo_no_comparison_result_sampled,D:\בעלי תשובה\נפתלי גולד,D:\בעלי תשובה\יוסף (גלעד) קרדונר\סימנים בדרך - 01
128.0,128.0,0.0,1.0,0.0,0.0,0.26316833264670075,0.7874080873534178,0.524239754706717,0.26316833264670075,0.7874080873534178,0.524239754706717,0.0,0.0,0.0,0.0,0.0,0.5821150845761793,0.23087488554786864,0.14906026977671225,0.0,0.30769230769230765,0.0,0.3529411764705882,0.0,0.3422880360155883,0.0,1.0,1.0,2.0,algo_low_certainty_sampled,D:\בעלי תשובה\ירמיהו\כנגן המנגן,D:\בעלי תשובה\המדרגות
128.0,128.0,0.0,1.0,0.0,0.0,0.2280134555390086,0.2409177614286613,0.012904305889652717,0.25332720690615423,0.2393952727002871,0.013931934205867136,0.0,0.0,0.0,0.0,0.0,0.3209507596520737,0.36531661941050547,0.11252787616423979,0.047702834799609,0.058181818181818175,0.0,0.27586206896551724,0.0,0.15178704314479907,0.0,0.0,0.0,2.0,algo_low_certainty_sampled,D:\בעלי תשובה\למען שמו באהבה,D:\בעלי תשובה\שולי רנד\שולי רנד קיסריה
320.0,128.0,192.0,0.4,0.0,0.0,0.269820031736722,1.0,0.730179968263278,0.269820031736722,1.0,0.730179968263278,0.0,1.0,0.0,0.0,0.0,0.18989559750603294,0.22617147341870025,0.10941674190337292,0.0,0.0,0.0,0.0,0.0,0.23426346299162049,0.0,1.0,1.0,2.0,algo_low_certainty_sampled,D:\בעלי תשובה\חיים דוד סרצ'יק\היום,D:\בעלי תשובה\יצחק מאיר\נשמות חדשות\חלק 2
128.0,32.0,96.0,0.25,0.0,1.0,0.6596002478820621,0.0,0.6596002478820621,0.8333333333333334,0.0,0.8333333333333334,0.0,0.0,0.0,0.0,0.0,0.7224411207250437,0.2763186548688795,0.06510076252723312,0.0,0.0,0.0,0.10526315789473684,0.0,0.0,0.0,0.0,0.0,2.0,algo_low_certainty_sampled,D:\בעלי תשובה\המושב,D:\בעלי תשובה\ארז משה דורון\064 תמיד תלמיד
128.0,128.0,0.0,1.0,0.0,0.0,1.0,1.0,0.0,0.2601616418210846,0.0,0.2601616418210846,0.0,0.0,0.0,0.0,0.0,0.6135582027056837,0.22571872571872573,0.0,0.0,0.0,0.0,0.33333333333333337,0.0,0.423039397334785,0.0,0.0,0.0,2.0,algo_low_certainty_sampled,D:\בעלי תשובה\נקודה טובה,D:\בעלי תשובה\חיים דוד סרצ'יק\מצור דבש
128.0,160.0,32.0,0.8,0.0,0.0,0.27114163132912755,0.27238638174643265,0.001244750417305096,0.27114163132912755,0.0,0.27114163132912755,0.0,0.0,0.0,0.0,0.0,0.4869851822313967,0.46042432043953335,0.0,0.0,0.0,0.0,0.2142857142857143,0.0,0.46893056402114347,0.0,0.0,0.0,2.0,algo_low_certainty_sampled,D:\בעלי תשובה\דב אינדיג\בת קול,D:\בעלי תשובה\אהרון רזאל\אהרן רזאל - זמן הגאולה
128.0,128.0,0.0,1.0,0.0,0.0,0.26316833264670075,0.2280134555390086,0.03515487710769216,0.26316833264670075,0.25332720690615423,0.009841125740546519,0.0,0.0,0.0,0.0,0.0,0.4940592761459088,0.43989055325054216,0.13673250524430197,0.046442687747035576,0.04848484848484849,0.0,0.25,0.0,0.2319538951872836,0.0,0.0,0.0,2.0,algo_low_certainty_sampled,D:\בעלי תשובה\ירמיהו\כנגן המנגן,D:\בעלי תשובה\למען שמו באהבה
128.0,96.0,32.0,0.75,0.0,0.0,1.0,0.24974139732911663,0.7502586026708834,0.0,0.24974139732911663,0.24974139732911663,0.0,0.0,0.0,0.0,0.0,0.6146258847438667,0.21226453770633294,0.0,0.0,0.0,0.0,0.1428571428571429,0.0,0.38964396732706613,0.0,0.55,1.0,2.0,algo_low_certainty_sampled,D:\בעלי תשובה\חיים דוד סרצ'יק\למעו שמו,D:\בעלי תשובה\קול אחי\השקיפה
128.0,128.0,0.0,1.0,0.0,0.0,0.37977690175096385,1.0,0.6202230982490362,0.23290542901652928,1.0,0.7670945709834707,0.0,0.0,0.0,0.0,0.0,0.4864437604671746,0.27756463911702506,0.11128294220399484,0.0,0.0,0.0,0.25,0.0,0.2141481961587022,0.0,0.0,0.0,2.0,algo_low_certainty_sampled,D:\בעלי תשובה\יוסף (גלעד) קרדונר\כל העולם - 02,D:\בעלי תשובה\אודי דוידי\אודי דוידי דבר אליו
192.0,128.0,64.0,0.6666666666666666,0.0,0.0,0.3602569865901291,0.27700884219937516,0.08324814439075395,0.20396713382961987,0.27700884219937516,0.07304170836975529,1.0,0.0,0.0,0.0,0.0,0.0,0.0,0.0,0.0,0.0,0.0,0.0,0.0,0.0,0.0,0.0,0.0,2.0,algo_no_comparison_result_sampled,D:\בעלי תשובה\שולי רנד\הופעה בקיסריה\שולי רנד - בקיסריה\דיסק 2,D:\בעלי תשובה\עדי רן\עדי רן והגיטרה - 1
128.0,128.0,0.0,1.0,0.0,0.0,0.4249225978542701,0.2844109435360347,0.14051165431823542,0.4249225978542701,0.2844109435360347,0.14051165431823542,1.0,1.0,1.0,0.0,0.0,0.0,0.0,0.0,0.0,0.0,0.0,0.0,0.0,0.0,0.0,0.0,0.0,2.0,algo_no_comparison_result_sampled,D:\בעלי תשובה\ניצן חן רזאל מוצא מקום,D:\בעלי תשובה\אודי דוידי\אודי דוידי - בן אהוב
128.0,128.0,0.0,1.0,0.0,0.0,0.39919417184261435,0.21394797205483929,0.18524619978777507,0.25183269050770285,0.32470163567732774,0.07286894516962489,0.0,0.0,0.0,0.0,0.0,0.5737393935248131,0.45558875010629396,0.2935241366820314,0.0380952380952381,0.09235209235209235,0.0,0.09523809523809523,0.0,0.39575302873766005,0.0,1.0,1.0,2.0,algo_low_certainty_sampled,D:\בעלי תשובה\מיקי רוזנבאום\פסיפס-2,D:\בעלי תשובה\ישראל דגן\תנו לי את לבכם
32.0,128.0,96.0,0.25,1.0,1.0,0.0,0.30459474003409925,0.30459474003409925,0.0,0.30459474003409925,0.30459474003409925,0.0,0.0,0.0,0.0,0.0,0.5851021373015779,0.3813112491373361,0.0,0.0,0.0,0.0,0.09523809523809523,0.0,0.0,0.0,0.0,0.0,2.0,algo_low_certainty_sampled,D:\בעלי תשובה\ארז משה דורון\009 סיפור אישי,D:\בעלי תשובה\אשר אלפסי\אתה הכל
128.0,128.0,0.0,1.0,0.0,0.0,1.0,0.8333333333333334,0.16666666666666663,1.0,0.23579977126416757,0.7642002287358325,0.0,0.0,0.0,0.0,0.0,0.6089398692736352,0.2445859593837535,0.17291984490211035,0.0,0.0,0.0,0.04347826086956519,0.0,0.45546811293719053,0.0,1.0,1.0,2.0,algo_low_certainty_sampled,D:\בעלי תשובה\יצחק פוקס\(באנו ביחד (כדאי לבדוק אם חסר איזה שיר,D:\בעלי תשובה\אודי דוידי\אודי דודי 2\no title
128.0,128.0,0.0,1.0,0.0,0.0,0.2280134555390086,0.25729658680382567,0.029283131264817075,0.25332720690615423,0.25645829152593796,0.0031310846197837305,0.0,0.0,0.0,0.0,0.0,0.3987049600719832,0.4982296486623787,0.1396120853167562,0.0,0.0,0.0,0.27586206896551724,0.0,0.07207449444108018,0.0,0.0,0.0,2.0,algo_low_certainty_sampled,D:\בעלי תשובה\למען שמו באהבה,D:\בעלי תשובה\צבי זלבסקי\פה ושם אני רוקד
128.0,128.0,0.0,1.0,0.0,1.0,0.4601311768377076,0.2963361711896721,0.1637950056480355,0.4601311768377076,0.2792337495532713,0.1808974272844363,0.0,0.0,0.0,0.0,0.0,0.430963811430499,0.44857739581260736,0.288534635036828,0.0,0.0,0.0,0.19999999999999996,0.0,0.13916733069833134,0.0,1.0,1.0,2.0,algo_low_certainty_sampled,D:\בעלי תשובה\יונתן,D:\בעלי תשובה\נסתרות דרכי האל
160.0,96.0,64.0,0.6,0.0,0.0,0.2150137524440931,0.24974139732911663,0.03472764488502353,0.18847562874257065,0.24974139732911663,0.06126576858654598,0.0,0.0,0.0,0.0,0.0,0.0,0.0,0.0,0.0,0.0,0.0,0.0,0.0,0.0,0.0,0.0,0.0,2.0,algo_no_comparison_result_sampled,D:\בעלי תשובה\ברק כהן\ברק כהן עם דובי גינז\עונג,D:\בעלי תשובה\קול אחי\השקיפה
160.0,128.0,32.0,0.8,0.0,0.0,0.38524365674718647,1.0,0.6147563432528136,0.38524365674718647,1.0,0.6147563432528136,0.0,0.0,0.0,0.0,0.0,0.6558724479102671,0.18617324666686275,0.1303521574668528,0.0,0.0,0.0,0.32258064516129037,0.0,0.627645495187303,0.0,0.0,0.0,2.0,algo_low_certainty_sampled,D:\בעלי תשובה\אלטרנטיבי\להקת נפקא מינה-גשר צר,D:\בעלי תשובה\ברק כהן\כי לא ינום
98.9090909090909,128.0,29.090909090909093,0.7727272727272727,0.0,0.0,0.2270135150184752,0.22711722683296007,0.00010371181448487476,0.2270135150184752,0.22711722683296007,0.00010371181448487476,0.0,0.0,0.0,0.0,0.0,0.615463167476831,0.4825734121260805,0.2871062374158349,0.0,0.0,0.0,0.15384615384615385,0.0,0.5277614047401294,0.0,1.0,1.0,2.0,algo_low_certainty_sampled,D:\בעלי תשובה\יצחק פוקס\פוקס,D:\בעלי תשובה\יניב\קומי אורי
320.0,160.0,160.0,0.5,0.0,0.0,0.45042736031577224,0.21497468337814524,0.235452676937627,0.45042736031577224,0.21497468337814524,0.235452676937627,0.0,0.0,0.0,0.0,0.0,0.14943322810062618,0.4091140781288362,0.28105014755873386,0.0,0.0,0.0,0.2857142857142857,0.0,0.17285148654332586,0.0,0.0,0.0,2.0,algo_low_certainty_sampled,D:\בעלי תשובה\יאיר כלב\הרב יאיר כלב ולהקת א גרויסע מציאה\עצם הנשמה,D:\בעלי תשובה\מים 2
128.0,128.0,0.0,1.0,0.0,0.0,0.21966512044689707,0.22718027545586006,0.007515155008962993,0.29173991200759963,0.22718027545586006,0.06455963655173957,0.0,1.0,0.0,0.0,0.0,0.5735639558889043,0.4532101593269539,0.234880604288499,0.04083333333333333,0.07017543859649122,0.0,0.26315789473684215,0.0,0.3718138032285821,0.0,1.0,1.0,2.0,algo_low_certainty_sampled,D:\בעלי תשובה\ישראל דגן\למען שמו באהבה,D:\בעלי תשובה\יונתן רזאל\יונתן רזאל - בין הצלילים
128.0,128.0,0.0,1.0,1.0,1.0,0.2941560623287137,0.2755814301892734,0.018574632139440328,0.0,0.2755814301892734,0.2755814301892734,0.0,0.0,0.0,0.0,0.0,0.671800426341061,0.46153131230270084,0.0,0.0,0.0,0.0,0.0,0.0,0.5122920402284025,0.0,0.0,0.0,2.0,algo_low_certainty_sampled,D:\בעלי תשובה\עדי רן\אל תכה בסלע,D:\בעלי תשובה\יהודה גלאנץ\Phinar
128.0,128.0,0.0,1.0,0.0,1.0,0.7648210459606535,0.4063265208397102,0.35849452512094326,0.635970973660645,0.25247161105728266,0.38349936260336237,0.0,0.0,0.0,0.0,0.0,0.6253744795105892,0.3053338913632327,0.3065740951705864,0.0,0.0,0.0,0.4444444444444444,0.0,0.4412101094758995,0.0,1.0,1.0,2.0,algo_low_certainty_sampled,D:\בעלי תשובה\הלוים,D:\בעלי תשובה\ישראל זינגר\ריקוד המלאכים
160.0,128.0,32.0,0.8,1.0,1.0,0.27238638174643265,1.0,0.7276136182535673,0.27238638174643265,0.0,0.27238638174643265,0.0,0.0,0.0,0.0,0.0,0.7120881152158635,0.20183313267295472,0.0,0.0,0.0,0.0,0.2222222222222222,0.0,0.22741271541996227,0.0,1.0,1.0,2.0,algo_low_certainty_sampled,D:\בעלי תשובה\אהרון רזאל\זמן הגאולה,D:\בעלי תשובה\חיים דוד סרצ'יק\מצור דבש
128.0,128.0,0.0,1.0,0.0,0.0,0.23306579697939106,0.2409177614286613,0.007851964449270249,0.23306579697939106,0.2393952727002871,0.006329475720896038,0.0,0.0,0.0,0.0,0.0,0.0,0.0,0.0,0.0,0.0,0.0,0.0,0.0,0.0,0.0,0.0,0.0,2.0,algo_no_comparison_result_sampled,D:\בעלי תשובה\אודי אולמן\אודי - 3,D:\בעלי תשובה\שולי רנד\שולי רנד קיסריה
128.0,128.0,0.0,1.0,0.0,0.0,0.5556271404987482,0.22718027545586006,0.3284468650428881,0.309324224284178,0.22718027545586006,0.08214394882831794,0.0,1.0,0.0,0.0,0.0,0.0,0.0,0.0,0.0,0.0,0.0,0.0,0.0,0.0,0.0,0.0,0.0,2.0,algo_no_comparison_result_sampled,D:\בעלי תשובה\הזמיר\נוסע לאומן,D:\בעלי תשובה\יונתן רזאל\יונתן רזאל - בין הצלילים
98.9090909090909,160.0,61.09090909090909,0.6181818181818182,0.0,0.0,0.2270135150184752,0.27238638174643265,0.045372866727957456,0.2270135150184752,0.0,0.2270135150184752,0.0,0.0,0.0,0.0,0.0,0.36888948528550275,0.4933668686131669,0.0,0.0,0.0,0.0,0.07692307692307687,0.0,0.4416354390141406,0.0,0.0,0.0,2.0,algo_low_certainty_sampled,D:\בעלי תשובה\יצחק פוקס\פוקס,D:\בעלי תשובה\אהרון רזאל\אהרן רזאל - זמן הגאולה
128.0,192.0,64.0,0.6666666666666666,0.0,0.0,0.3409729108296054,0.6993872645079584,0.358414353678353,0.3409729108296054,0.27946841589077837,0.06150449493882704,0.0,0.0,0.0,0.0,0.0,0.39339492882053784,0.3528042629500775,0.2687868541714695,0.0,0.0,0.0,0.3529411764705882,0.0,0.17184966278398373,0.0,1.0,1.0,2.0,algo_low_certainty_sampled,D:\בעלי תשובה\ישראל דגן\דגן חתונות\משה אונו,D:\בעלי תשובה\אהרון רזאל\אהבת חינם
320.0,128.0,192.0,0.4,1.0,1.0,0.31856504208855146,0.3569665526970235,0.03840151060847202,0.31856504208855146,0.2755814301892734,0.042983611899278074,0.0,0.0,0.0,0.0,0.0,0.19407961942601146,0.4637275021536042,0.2918167261588315,0.0,0.0,0.0,0.3529411764705882,0.0,0.44004632599812765,0.0,1.0,1.0,2.0,algo_low_certainty_sampled,D:\בעלי תשובה\אהוד בר לוי,D:\בעלי תשובה\יהודה גלאנץ\פיונרו
128.0,128.0,0.0,1.0,0.0,0.0,1.0,0.6387530961627489,0.3612469038372511,0.27844605035436915,0.2787580723284634,0.00031202197409424537,0.0,0.0,0.0,0.0,0.0,0.0,0.0,0.0,0.0,0.0,0.0,0.0,0.0,0.0,0.0,0.0,0.0,2.0,algo_no_comparison_result_sampled,D:\בעלי תשובה\סנדי שמואלי\מחכים,D:\בעלי תשובה\ישראל דגן\עדיין יש תקווה
32.0,32.0,0.0,1.0,1.0,1.0,0.0,0.0,0.0,0.0,0.0,0.0,0.0,0.0,0.0,0.0,0.0,0.7056748391887204,0.8,0.5714285714285714,0.0,0.0,0.0,0.3783783783783784,0.0,0.38614468537089963,0.0,1.0,1.0,2.0,algo_low_certainty_sampled,D:\בעלי תשובה\ארז משה דורון\034 אש רוח מים עפר,D:\בעלי תשובה\ארז משה דורון\060 לבטל את היסורים
32.0,320.0,288.0,0.1,0.0,0.0,0.0,0.22554713804713802,0.22554713804713802,0.0,0.22554713804713802,0.22554713804713802,0.0,1.0,0.0,0.0,0.0,0.1976300343845086,0.4131313131313131,0.0,0.0,0.0,0.0,0.23076923076923073,0.0,0.0,0.0,0.0,0.0,2.0,algo_low_certainty_sampled,D:\בעלי תשובה\ארז משה דורון\003 שמחה מתוך צער,D:\בעלי תשובה\יצחק מאיר\סיום השס מפעלות הציונות הדתית עם יצחק מאיר UP FOR DOSSINET.ME\סיום השס מפעלות הציונות הדתית עם יצחק מאיר UP FOR DOSSINET.ME
128.0,192.0,64.0,0.6666666666666666,0.0,0.0,0.2139713364504999,0.3067488807297329,0.09277754427923299,0.21586764519215973,0.3067488807297329,0.09088123553757316,0.0,1.0,0.0,0.0,0.0,0.0,0.0,0.0,0.0,0.0,0.0,0.0,0.0,0.0,0.0,0.0,0.0,2.0,algo_no_comparison_result_sampled,D:\בעלי תשובה\אנסמבל שם-טוב לוי\תחנות רוח,D:\בעלי תשובה\אהרון רזאל\אהרן רזאל - קבעתי את מושבי\אהרן רזאל - קבעתי את מושבי
128.0,32.0,96.0,0.25,1.0,1.0,0.306539294039294,0.0,0.306539294039294,0.306539294039294,0.0,0.306539294039294,0.0,0.0,0.0,0.0,0.0,0.5679603857868777,0.42925942306747256,0.0,0.0,0.0,0.0,0.3571428571428571,0.0,0.0,0.0,0.0,0.0,2.0,algo_low_certainty_sampled,D:\בעלי תשובה\בהרוז אהרוני\שירת השבים,D:\בעלי תשובה\ארז משה דורון\034 אש רוח מים עפר
128.0,157.0909090909091,29.090909090909093,0.8148148148148148,0.0,0.0,0.2139713364504999,0.3433230563582517,0.12935171990775182,0.21586764519215973,0.2387152837785005,0.022847638586340757,0.0,0.0,0.0,0.0,0.0,0.0,0.0,0.0,0.0,0.0,0.0,0.0,0.0,0.0,0.0,0.0,0.0,2.0,algo_no_comparison_result_sampled,D:\בעלי תשובה\אנסמבל שם-טוב לוי\תחנות רוח,D:\בעלי תשובה\מאיר בנאי\לך אלי
48.0,96.0,48.0,0.5,0.0,0.0,0.3657312505730815,0.22190442340597138,0.1438268271671101,0.1783519691265463,0.22190442340597138,0.043552454279425085,0.0,0.0,0.0,0.0,0.0,0.31884710493763235,0.5704558313746955,0.16783372945137648,0.0,0.0,0.0,0.07692307692307687,0.0,0.5090163544926334,0.0,1.0,2.0,2.0,algo_low_certainty_sampled,D:\בעלי תשובה\עמיר בניון\עמיר בניון - עומד בשער,D:\בעלי תשובה\קול אחי\הללו
128.0,128.0,0.0,1.0,1.0,1.0,1.0,0.36207277452891484,0.6379272254710852,0.0,1.0,1.0,0.0,0.0,0.0,0.0,0.0,0.774857442293732,0.33609098228663453,0.0,0.0,0.0,0.0,0.4444444444444444,0.0,0.6695981881960329,0.0,1.0,1.0,2.0,algo_low_certainty_sampled,D:\בעלי תשובה\גיל עקביוב,D:\בעלי תשובה\ברק כהן\יש תקווה
32.0,120.0,88.0,0.26666666666666666,0.0,1.0,0.14285714285714285,0.22741860360456187,0.08456146074741902,0.0,0.2902449004652799,0.2902449004652799,0.0,0.0,0.0,0.0,0.0,0.58130101197145,0.3873664979750172,0.05555555555555555,0.0,0.0,0.0,0.2222222222222222,0.0,0.0,0.0,0.0,0.0,2.0,algo_low_certainty_sampled,D:\בעלי תשובה\ארז משה דורון\043 לצאת לחופש,D:\בעלי תשובה\ישראל גריזולט
32.0,128.0,96.0,0.25,1.0,1.0,0.0,0.30459474003409925,0.30459474003409925,0.0,0.30459474003409925,0.30459474003409925,0.0,0.0,0.0,0.0,0.0,0.7329801307374865,0.3478309516570386,0.0,0.0,0.0,0.0,0.31999999999999995,0.0,0.0,0.0,0.0,0.0,2.0,algo_low_certainty_sampled,D:\בעלי תשובה\ארז משה דורון\032 להמתיק את הדין,D:\בעלי תשובה\אשר אלפסי\אתה הכל
160.0,128.0,32.0,0.8,0.0,1.0,0.2726881529823451,1.0,0.7273118470176549,0.27311707713779837,1.0,0.7268829228622016,0.0,0.0,0.0,0.0,0.0,0.5027563770480884,0.24184827211037482,0.16147787397787397,0.0,0.0,0.0,0.09090909090909094,0.0,0.3434639273873203,0.0,1.0,1.0,2.0,algo_low_certainty_sampled,D:\בעלי תשובה\שמעונה,D:\בעלי תשובה\יצחק פוקס\(באנו ביחד (כדאי לבדוק אם חסר איזה שיר
32.0,128.0,96.0,0.25,0.0,1.0,0.0,1.0,1.0,0.0,1.0,1.0,0.0,0.0,0.0,0.0,0.0,0.25090152924871834,0.24210526315789474,0.05454545454545453,0.0,0.0,0.0,0.3125,0.0,0.2,0.0,0.0,0.0,2.0,algo_low_certainty_sampled,D:\בעלי תשובה\ארז משה דורון\000[023] מעלת השמחה,D:\בעלי תשובה\רונן  חזיזה\שמחה של מצווה
128.0,64.0,64.0,0.5,0.0,0.0,0.29698772961930864,0.24337572331410295,0.053612006305205684,1.0,0.4669122431312358,0.5330877568687642,0.0,0.0,0.0,0.0,0.0,0.3809259355135581,0.4210198858683126,0.026534802916381866,0.0,0.0,0.0,0.1428571428571429,0.0,0.43596204535930794,0.0,1.0,1.0,2.0,algo_low_certainty_sampled,D:\בעלי תשובה\אחישנה\לך ה' אלוקי,D:\בעלי תשובה\אודי טופלברג\מים
128.0,128.0,0.0,1.0,0.0,1.0,0.6974116257476615,0.8181818181818182,0.12077019243415676,0.6974116257476615,0.0,0.6974116257476615,0.0,0.0,0.0,0.0,0.0,0.6546065469203429,0.20601183757039782,0.021818181818181816,0.0,0.0,0.0,0.2857142857142857,0.0,0.4501957529221162,0.0,1.0,1.0,2.0,algo_low_certainty_sampled,D:\בעלי תשובה\חיות  הקודש,D:\בעלי תשובה\חיים דוד סרצ'יק\היום\1-זה כפול נא לסדר
128.0,192.0,64.0,0.6666666666666666,0.0,0.0,0.5556271404987482,0.3693793107610762,0.18624782973767195,0.309324224284178,0.22502142268352276,0.08430280160065523,0.0,1.0,0.0,0.0,0.0,0.0,0.0,0.0,0.0,0.0,0.0,0.0,0.0,0.0,0.0,0.0,0.0,2.0,algo_no_comparison_result_sampled,D:\בעלי תשובה\הזמיר\נוסע לאומן,D:\בעלי תשובה\שולי רנד\הופעה בקיסריה\שולי רנד - בקיסריה\דיסק 1
128.0,160.0,32.0,0.8,0.0,0.0,0.24746292294408634,0.2726881529823451,0.025225230038258772,0.24746292294408634,0.27311707713779837,0.02565415419371203,0.0,0.0,0.0,0.0,0.0,0.5012359154271354,0.4065182237590774,0.23582433193834026,0.0,0.05113636363636364,0.0,0.25,0.0,0.5073482362383149,0.0,0.0,0.0,2.0,algo_low_certainty_sampled,D:\בעלי תשובה\עדי רן\עדי רן והגיטרה - 2,D:\בעלי תשובה\שמעונה
96.0,128.0,32.0,0.75,0.0,0.0,0.22190442340597138,0.36207277452891484,0.14016835112294346,0.22190442340597138,1.0,0.7780955765940286,0.0,0.0,0.0,0.0,0.0,0.6229024947140467,0.39731585367267536,0.0544391616295641,0.0,0.0,0.0,0.16666666666666663,0.0,0.31991479421009117,0.0,1.0,1.0,2.0,algo_low_certainty_sampled,D:\בעלי תשובה\קול אחי\הללו,D:\בעלי תשובה\ברק כהן\יש תקווה
128.0,128.0,0.0,1.0,0.0,1.0,1.0,0.2809753868055855,0.7190246131944145,1.0,0.2555969699945765,0.7444030300054235,0.0,0.0,0.0,0.0,0.0,0.6979224586300706,0.2565734324232347,0.15803440672283903,0.0,0.0,0.0,0.16666666666666663,0.0,0.5921557277670798,0.0,1.0,1.0,2.0,algo_low_certainty_sampled,D:\בעלי תשובה\אודי דוידי\אודי דוידי דבר אליו,D:\בעלי תשובה\יוסף קרדונר\בחירה
320.0,128.0,192.0,0.4,0.0,0.0,0.269820031736722,0.2409177614286613,0.028902270308060668,0.269820031736722,0.2393952727002871,0.03042475903643488,0.0,0.0,0.0,0.0,0.0,0.23005237849493818,0.4650775186253979,0.29009746256973085,0.0,0.0,0.0,0.10526315789473684,0.0,0.16708553131083195,0.0,1.0,1.0,2.0,algo_low_certainty_sampled,D:\בעלי תשובה\חיים דוד סרצ'יק\היום,D:\בעלי תשובה\שולי רנד\שולי רנד קיסריה
32.0,32.0,0.0,1.0,1.0,1.0,0.0,0.0,0.0,1.0,0.0,1.0,0.0,0.0,0.0,0.0,0.0,0.5410701194574369,0.6666666666666667,0.11363636363636362,0.0,0.0,0.0,0.32258064516129037,0.0,0.23448362758121544,0.0,1.0,1.0,2.0,algo_low_certainty_sampled,D:\בעלי תשובה\ארז משה דורון\000[096] סוד הויתור,D:\בעלי תשובה\ארז משה דורון\037 ליל הסדר
128.0,128.0,0.0,1.0,0.0,0.0,1.0,0.7874080873534178,0.21259191264658217,1.0,0.7874080873534178,0.21259191264658217,1.0,0.0,0.0,0.0,0.0,0.4778855985000845,0.18253156337998694,0.11806057133597238,0.0,0.0,0.0,0.0,0.0,0.21351829385416163,0.0,1.0,1.0,2.0,algo_low_certainty_sampled,D:\בעלי תשובה\יצחק מאיר\נשמות חדשות\חלק 2,D:\בעלי תשובה\המדרגות
128.0,192.0,64.0,0.6666666666666666,0.0,0.0,0.7648210459606535,0.260760428742324,0.5040606172183295,0.635970973660645,0.260760428742324,0.375210544918321,0.0,1.0,0.0,0.0,0.0,0.4282812778624179,0.2720270517564084,0.3344856159069041,0.0,0.13095238095238096,0.0,0.18181818181818177,0.0,0.4583258508257346,0.0,1.0,1.0,2.0,algo_low_certainty_sampled,D:\בעלי תשובה\הלוים,D:\בעלי תשובה\יצחק פוקס\ממעמקים יצחק פוקס
128.0,128.0,0.0,1.0,0.0,0.0,0.4028413437474495,1.0,0.5971586562525505,0.2725157489002033,1.0,0.7274842510997968,0.0,0.0,0.0,0.0,0.0,0.0,0.0,0.0,0.0,0.0,0.0,0.0,0.0,0.0,0.0,0.0,0.0,2.0,algo_no_comparison_result_sampled,D:\בעלי תשובה\מאיר בנאי\שמע קולי,D:\בעלי תשובה\נפתלי גולד
128.0,128.0,0.0,1.0,1.0,1.0,0.2889764430020933,0.2499528889962427,0.039023554005850586,0.2889764430020933,0.2499528889962427,0.039023554005850586,0.0,0.0,0.0,0.0,0.0,0.6829144877569886,0.48918141665769754,0.2851556065716787,0.0,0.0,0.0,0.0,0.0,0.5193901490333441,0.0,1.0,1.0,2.0,algo_low_certainty_sampled,D:\בעלי תשובה\דני גולן\דני גולן והחברים\לב טהור,D:\בעלי תשובה\דני
128.0,128.0,0.0,1.0,0.0,1.0,0.27622047176536346,0.25729658680382567,0.018923884961537796,0.27622047176536346,0.25645829152593796,0.019762180239425498,0.0,0.0,0.0,0.0,0.0,0.6505892572592259,0.5064869666875014,0.30444678316336066,0.0,0.0,0.0,0.25,0.0,0.4975817889766257,0.0,1.0,1.0,2.0,algo_low_certainty_sampled,D:\בעלי תשובה\עקיבא מרגליות\לאורו נלך,D:\בעלי תשובה\צבי זלבסקי\פה ושם אני רוקד
128.0,128.0,0.0,1.0,1.0,1.0,0.3101754385964912,0.2876621417797888,0.02251329681670239,0.3101754385964912,0.2876621417797888,0.02251329681670239,0.0,0.0,0.0,0.0,0.0,0.6142849562927349,0.42320944790762516,0.19682539682539682,0.0,0.0,0.0,0.4285714285714286,0.0,0.2625288265911876,0.0,1.0,1.0,2.0,algo_low_certainty_sampled,D:\בעלי תשובה\יהודה גלאנץ\הופעה,D:\בעלי תשובה\שלמה זוהר
160.0,128.0,32.0,0.8,0.0,0.0,0.27238638174643265,0.37977690175096385,0.1073905200045312,0.27238638174643265,0.23290542901652928,0.039480952729903374,0.0,0.0,0.0,0.0,0.0,0.3832744763665493,0.44441995217649094,0.3172181895065423,0.0,0.0,0.0,0.34782608695652173,0.0,0.35526916925119284,0.0,0.0,0.0,2.0,algo_low_certainty_sampled,D:\בעלי תשובה\אהרון רזאל\זמן הגאולה,D:\בעלי תשובה\יוסף (גלעד) קרדונר\כל העולם - 02
128.0,128.0,0.0,1.0,0.0,0.0,0.264503876615915,0.6387530961627489,0.3742492195468339,1.0,0.2787580723284634,0.7212419276715366,0.0,0.0,0.0,0.0,0.0,0.590459699627387,0.43750655725444354,0.04558040488922842,0.5,0.5454545454545453,0.5454545454545453,0.33333333333333337,0.0,0.3060010572238175,0.0,1.0,2.0,2.0,algo_low_certainty_sampled,D:\בעלי תשובה\אסף נגל\אדיר במרום,D:\בעלי תשובה\ישראל דגן\עדיין יש תקווה
128.0,160.0,32.0,0.8,0.0,0.0,0.2409177614286613,0.27238638174643265,0.03146862031777134,0.2393952727002871,0.0,0.2393952727002871,0.0,0.0,0.0,0.0,0.0,0.0,0.0,0.0,0.0,0.0,0.0,0.0,0.0,0.0,0.0,0.0,0.0,2.0,algo_no_comparison_result_sampled,D:\בעלי תשובה\שולי רנד\שולי רנד קיסריה,D:\בעלי תשובה\אהרון רזאל\אהרן רזאל - זמן הגאולה
32.0,128.0,96.0,0.25,0.0,1.0,0.0,1.0,1.0,0.0,1.0,1.0,0.0,0.0,0.0,0.0,0.0,0.38908442492152495,0.125,0.009615384615384609,0.0,0.0,0.0,0.33333333333333337,0.0,0.0,0.0,0.0,0.0,2.0,algo_low_certainty_sampled,D:\בעלי תשובה\ארז משה דורון\062 להוציא מהכוח אל הפועל,D:\בעלי תשובה\יחיא אזולאי
128.0,128.0,0.0,1.0,0.0,0.0,0.2918023180740775,1.0,0.7081976819259225,0.28317402612751363,0.0,0.28317402612751363,0.0,0.0,0.0,0.0,0.0,0.6551404443443285,0.16321544004880326,0.0,0.0,0.21052631578947364,0.0,0.3571428571428571,0.0,0.40900389159977707,0.0,0.0,0.0,2.0,algo_low_certainty_sampled,D:\בעלי תשובה\ק'ן ברג'ס\לא לבד במדבר,D:\בעלי תשובה\אליך-יריב גולדמן
128.0,32.0,96.0,0.25,0.0,1.0,1.0,0.0,1.0,1.0,0.0,1.0,0.0,0.0,0.0,0.0,0.0,0.14445159130324572,0.21999999999999997,0.033333333333333326,0.0,0.0,0.0,0.2941176470588235,0.0,0.2749135452973589,0.0,0.0,0.0,2.0,algo_low_certainty_sampled,D:\בעלי תשובה\רונן  חזיזה\שמחה של מצווה,D:\בעלי תשובה\ארז משה דורון\000[068] להאמין בעצמו
128.0,128.0,0.0,1.0,0.0,1.0,0.6974116257476615,0.25729658680382567,0.4401150389438358,0.6974116257476615,0.25645829152593796,0.4409533342217235,0.0,0.0,0.0,0.0,0.0,0.5491021865361347,0.4574369407780333,0.29413144756742643,0.0,0.0,0.0,0.3846153846153846,0.0,0.28918257606111036,0.0,1.0,1.0,2.0,algo_low_certainty_sampled,D:\בעלי תשובה\חיות  הקודש,D:\בעלי תשובה\צבי זלבסקי\פה ושם אני רוקד
128.0,160.0,32.0,0.8,0.0,0.0,0.4249225978542701,0.2726881529823451,0.152234444871925,0.4249225978542701,0.27311707713779837,0.15180552071647174,1.0,0.0,0.0,0.0,0.0,0.5547599413171308,0.4113564153986024,0.22675618510410792,0.0,0.03253119429590018,0.0,0.1428571428571429,0.0,0.49289636345152027,0.0,1.0,1.0,2.0,algo_low_certainty_sampled,D:\בעלי תשובה\ניצן חן רזאל מוצא מקום,D:\בעלי תשובה\שמעונה
32.0,128.0,96.0,0.25,0.0,0.0,0.0,1.0,1.0,0.0,1.0,1.0,0.0,1.0,0.0,0.0,0.0,0.6150164853454535,0.24242424242424243,0.030303030303030293,0.0,0.0,0.0,0.09523809523809523,0.0,0.0,0.0,0.0,0.0,2.0,algo_low_certainty_sampled,D:\בעלי תשובה\ארז משה דורון\035 עוצמת השתיקה,D:\בעלי תשובה\יצחק מאיר\נשמות חדשות\חלק 1
320.0,128.0,192.0,0.4,0.0,0.0,0.269820031736722,0.4261133624252772,0.15629333068855522,0.269820031736722,0.4261133624252772,0.15629333068855522,0.0,0.0,0.0,0.0,0.0,0.16894465793083224,0.46359059261880586,0.22466144669353225,0.0,0.0,0.0,0.1428571428571429,0.0,0.42317543521874373,0.0,0.0,0.0,2.0,algo_low_certainty_sampled,D:\בעלי תשובה\חיים דוד סרצ'יק\היום,D:\בעלי תשובה\יוסף (גלעד) קרדונר\בחירה - 03
32.0,128.0,96.0,0.25,0.0,0.0,0.0,0.2981899040147123,0.2981899040147123,0.0,0.28165144247625074,0.28165144247625074,0.0,0.0,0.0,0.0,0.0,0.49920834586684365,0.3786792727969199,0.0,0.0,0.0,0.0,0.08333333333333337,0.0,0.0,0.0,0.0,0.0,2.0,algo_low_certainty_sampled,D:\בעלי תשובה\ארז משה דורון\010 ארץ אוכלת יושביה,D:\בעלי תשובה\הזמיר\נ נח
128.0,128.0,0.0,1.0,0.0,0.0,0.29698772961930864,1.0,0.7030122703806914,1.0,0.0,1.0,0.0,0.0,0.0,0.0,0.0,0.5798027727445263,0.19754754160065618,0.0,0.0,0.0,0.0,0.3157894736842105,0.0,0.3283793362813764,0.0,0.55,1.0,2.0,algo_low_certainty_sampled,D:\בעלי תשובה\אחישנה\לך ה' אלוקי,D:\בעלי תשובה\חיים דוד סרצ'יק\למעו שמו
128.0,32.0,96.0,0.25,0.0,0.0,0.6499881692003374,0.0,0.6499881692003374,0.6499881692003374,0.0,0.6499881692003374,0.0,0.0,0.0,0.0,0.0,0.359393815161617,0.29727575292091424,0.15622958362088799,0.0,0.0,0.0,0.23076923076923073,0.0,0.0,0.0,0.0,0.0,2.0,algo_low_certainty_sampled,D:\בעלי תשובה\ישראל דגן\לכבוד רשב'י,D:\בעלי תשובה\ארז משה דורון\032 תשובה מאהבה
128.0,128.0,0.0,1.0,1.0,1.0,0.3569665526970235,0.2499528889962427,0.10701366370078078,0.2755814301892734,0.2499528889962427,0.02562854119303068,0.0,0.0,0.0,0.0,0.0,0.6277918487962383,0.45954058592421765,0.27738041668476454,0.0,0.0,0.0,0.2222222222222222,0.0,0.3519492002264236,0.0,1.0,1.0,2.0,algo_low_certainty_sampled,D:\בעלי תשובה\יהודה גלאנץ\פיונרו,D:\בעלי תשובה\דני
128.0,128.0,0.0,1.0,0.0,0.0,1.0,0.29698772961930864,0.7030122703806914,1.0,1.0,0.0,0.0,0.0,0.0,0.0,0.0,0.5785828623329875,0.19754754160065618,0.3875,0.0,0.0,0.0,0.30000000000000004,0.0,0.2430424520847178,0.0,0.55,1.0,2.0,algo_low_certainty_sampled,D:\בעלי תשובה\יצחק שדהו,D:\בעלי תשובה\אחישנה\לך ה' אלוקי
128.0,128.0,0.0,1.0,0.0,0.0,0.264503876615915,0.6606431894230039,0.3961393128070889,1.0,0.8222222222222222,0.1777777777777778,0.0,0.0,0.0,0.0,0.0,0.8356604959083652,0.3851667217499508,0.08621553884711779,0.0,0.032103059581320446,0.0,0.2857142857142857,0.0,0.7258358411593353,0.0,1.0,1.0,2.0,algo_low_certainty_sampled,D:\בעלי תשובה\אסף נגל\אדיר במרום,D:\בעלי תשובה\המדרגות\המדרגות חדש
128.0,160.0,32.0,0.8,0.0,0.0,0.2280134555390086,0.27238638174643265,0.04437292620742406,0.25332720690615423,0.27238638174643265,0.019059174840278414,0.0,0.0,0.0,0.0,0.0,0.4579124492847349,0.49254050754050754,0.14145012881854988,0.0,0.0,0.0,0.41666666666666663,0.0,0.4249459082054548,0.0,0.0,0.0,2.0,algo_low_certainty_sampled,D:\בעלי תשובה\למען שמו באהבה,D:\בעלי תשובה\אהרון רזאל\זמן הגאולה
320.0,195.78571428571428,124.21428571428572,0.6118303571428572,0.0,0.0,1.0,0.2581071456170303,0.7418928543829697,1.0,1.0,0.0,0.0,0.0,0.0,0.0,0.0,0.37830662900412326,0.2531250141600602,0.0,0.0,0.0,0.0,0.15384615384615385,0.0,0.38238671042250444,0.0,1.0,1.0,2.0,algo_low_certainty_sampled,D:\בעלי תשובה\יצחק פוקס\יצחק פוקס בעת ההיא\בעת ההיא,D:\בעלי תשובה\חיים דוד סרצ'יק\לפניך
128.0,128.0,0.0,1.0,1.0,1.0,0.36207277452891484,0.2889764430020933,0.07309633152682155,1.0,0.2889764430020933,0.7110235569979066,0.0,0.0,0.0,0.0,0.0,0.5597677221245366,0.41705485319278424,0.05394312988353236,0.0,0.0,0.0,0.2666666666666667,0.0,0.21874408321046984,0.0,1.0,1.0,2.0,algo_low_certainty_sampled,D:\בעלי תשובה\ברק כהן\יש תקווה,D:\בעלי תשובה\דני גולן\דני גולן והחברים\לב טהור
320.0,128.0,192.0,0.4,0.0,0.0,0.20824731826827425,0.24746292294408634,0.03921560467581209,1.0,0.24746292294408634,0.7525370770559137,0.0,0.0,0.0,0.0,0.0,0.0,0.0,0.0,0.0,0.0,0.0,0.0,0.0,0.0,0.0,0.0,0.0,2.0,algo_no_comparison_result_sampled,D:\בעלי תשובה\שולי רנד\שולי רנד בקיסריה 1,D:\בעלי תשובה\עדי רן\עדי רן והגיטרה - 2
128.0,166.4,38.400000000000006,0.7692307692307692,0.0,0.0,0.2941560623287137,0.2594066150567698,0.0347494472719439,0.0,0.2594066150567698,0.2594066150567698,0.0,1.0,0.0,0.0,0.0,0.6303034603446117,0.412009624578083,0.0,0.0,0.0,0.0,0.25,0.0,0.36836361205101953,0.0,0.0,0.0,2.0,algo_low_certainty_sampled,D:\בעלי תשובה\עדי רן\אל תכה בסלע,D:\בעלי תשובה\עדי רן\עדי רן - גלגל של הצלה
32.0,32.0,0.0,1.0,1.0,1.0,0.0,0.0,0.0,0.0,0.0,0.0,0.0,0.0,0.0,0.0,0.0,0.6138212694490259,0.75,0.5,0.0,0.0,0.0,0.38095238095238093,0.0,0.21533852765483763,0.0,1.0,1.0,2.0,algo_low_certainty_sampled,D:\בעלי תשובה\ארז משה דורון\011 אחד היה אברהם,D:\בעלי תשובה\ארז משה דורון\062 להוציא מהכוח אל הפועל
128.0,128.0,0.0,1.0,0.0,1.0,1.0,0.25729658680382567,0.7427034131961743,0.0,0.25645829152593796,0.25645829152593796,0.0,0.0,0.0,0.0,0.0,0.49018049741153685,0.19345238095238093,0.0,0.0,0.0,0.0,0.26086956521739135,0.0,0.12457720692218203,0.0,1.0,1.0,2.0,algo_low_certainty_sampled,D:\בעלי תשובה\חיים דוד סרצ'יק\מצור דבש,D:\בעלי תשובה\צבי זלבסקי\פה ושם אני רוקד
128.0,128.0,0.0,1.0,0.0,1.0,0.8181818181818182,0.27622047176536346,0.5419613464164548,0.0,0.27622047176536346,0.27622047176536346,0.0,0.0,0.0,0.0,0.0,0.7030310799628148,0.24033060107440268,0.025974025974025972,0.0,0.0,0.0,0.3076923076923077,0.0,0.5303390448987815,0.0,1.0,1.0,2.0,algo_low_certainty_sampled,D:\בעלי תשובה\חיים דוד סרצ'יק\היום\1-זה כפול נא לסדר,D:\בעלי תשובה\עקיבא מרגליות\לאורו נלך
128.0,128.0,0.0,1.0,0.0,1.0,0.6606431894230039,0.25256305214732394,0.40808013727568,0.8222222222222222,0.25256305214732394,0.5696591700748983,0.0,0.0,0.0,0.0,0.0,0.701115342899514,0.3515277927553694,0.09964449922058619,0.0,0.0,0.0,0.2857142857142857,0.0,0.5685353203837652,0.0,1.0,1.0,2.0,algo_low_certainty_sampled,D:\בעלי תשובה\המדרגות\המדרגות חדש,D:\בעלי תשובה\יערות דבש-יצחק אזולאי\יערות דבש השיר והשבחלחי העולמים
128.0,128.0,0.0,1.0,0.0,0.0,0.264503876615915,0.3462975584756755,0.08179368185976049,1.0,0.3462975584756755,0.6537024415243244,0.0,0.0,0.0,0.0,0.0,0.512918421508194,0.5428300094661411,0.08653681406312985,0.0,0.0,0.0,0.19999999999999996,0.0,0.18984899001701405,0.0,1.0,1.0,2.0,algo_low_certainty_sampled,D:\בעלי תשובה\אסף נגל\אדיר במרום,D:\בעלי תשובה\ישראל דגן\נפשי החזקה
160.0,128.0,32.0,0.8,0.0,0.0,0.2150137524440931,0.3569665526970235,0.1419528002529304,0.18847562874257065,0.2755814301892734,0.08710580144670274,0.0,0.0,0.0,0.0,0.0,0.25643457832280764,0.4350927852197506,0.18233216724970847,0.0,0.0,0.0,0.4,0.0,0.13769635044654915,0.0,0.55,1.0,2.0,algo_low_certainty_sampled,D:\בעלי תשובה\ברק כהן\ברק כהן עם דובי גינז\עונג,D:\בעלי תשובה\יהודה גלאנץ\פיונרו
128.0,128.0,0.0,1.0,1.0,1.0,1.0,1.0,0.0,0.0,0.0,0.0,0.0,0.0,0.0,0.0,0.0,0.580208664954131,0.5,0.0,0.0,0.0,0.0,0.33333333333333337,0.0,0.23518251963860876,0.0,1.0,2.0,2.0,algo_low_certainty_sampled,D:\בעלי תשובה\גיל עקביוב,D:\בעלי תשובה\חיים דוד סרצ'יק\למעו שמו
320.0,128.0,192.0,0.4,0.0,0.0,0.6733800968690087,1.0,0.3266199031309913,0.3065353641482236,1.0,0.6934646358517764,0.0,0.0,0.0,0.0,0.0,0.15767007867653574,0.21909308436349795,0.11857026105636763,0.0,0.0,0.0,0.2857142857142857,0.0,0.3069687012385732,0.0,1.0,1.0,2.0,algo_low_certainty_sampled,D:\בעלי תשובה\ברלינגר\אהוד בנאי\רסיסי לילה-אהוד בנאי,D:\בעלי תשובה\ברלינגר\מתתיהו 1
128.0,128.0,0.0,1.0,0.0,0.0,0.2859762415131112,1.0,0.7140237584868888,1.0,1.0,0.0,1.0,0.0,0.0,0.0,0.0,0.0,0.0,0.0,0.0,0.0,0.0,0.0,0.0,0.0,0.0,0.0,0.0,2.0,algo_no_comparison_result_sampled,D:\בעלי תשובה\עדי רן\התבוננות,D:\בעלי תשובה\נפתלי גולד
32.0,128.0,96.0,0.25,0.0,0.0,0.0,0.2981899040147123,0.2981899040147123,0.0,0.28165144247625074,0.28165144247625074,0.0,0.0,0.0,0.0,0.0,0.3226303275973762,0.3786792727969199,0.0,0.0,0.0,0.0,0.09090909090909094,0.0,0.298508880808842,0.0,0.0,0.0,2.0,algo_low_certainty_sampled,D:\בעלי תשובה\ארז משה דורון\020 להדבק באין סוף,D:\בעלי תשובה\הזמיר\נ נח
128.0,32.0,96.0,0.25,1.0,1.0,0.16483886483886487,0.0,0.16483886483886487,0.0,0.0,0.0,1.0,0.0,0.0,0.0,0.0,0.5860223790275506,0.5266381766381766,0.0,0.0,0.0,0.0,0.26415094339622647,0.0,0.0,0.0,0.0,0.0,2.0,algo_low_certainty_sampled,D:\בעלי תשובה\עמיר בניון\עמיר בניון - כוונה תחילה,D:\בעלי תשובה\ארז משה דורון\000[022] איך זוכים לחיות באמת
128.0,157.0909090909091,29.090909090909093,0.8148148148148148,0.0,0.0,1.0,0.3433230563582517,0.6566769436417483,1.0,0.2387152837785005,0.7612847162214995,1.0,0.0,0.0,0.0,0.0,0.0,0.0,0.0,0.0,0.0,0.0,0.0,0.0,0.0,0.0,0.0,0.0,2.0,algo_no_comparison_result_sampled,D:\בעלי תשובה\יצחק מאיר\נשמות חדשות\חלק 2,D:\בעלי תשובה\מאיר בנאי\לך אלי
128.0,160.0,32.0,0.8,0.0,1.0,0.2963361711896721,0.21497468337814524,0.08136148781152686,0.2792337495532713,0.21497468337814524,0.06425906617512606,0.0,0.0,0.0,0.0,0.0,0.6068409532746806,0.48117516934535853,0.2693717403968896,0.0,0.0,0.0,0.19999999999999996,0.0,0.2079296488483555,0.0,1.0,1.0,2.0,algo_low_certainty_sampled,D:\בעלי תשובה\נסתרות דרכי האל,D:\בעלי תשובה\מים 2
128.0,128.0,0.0,1.0,0.0,0.0,0.5556271404987482,0.2844109435360347,0.2712161969627135,0.309324224284178,0.2844109435360347,0.024913280748143307,0.0,1.0,0.0,0.0,0.0,0.0,0.0,0.0,0.0,0.0,0.0,0.0,0.0,0.0,0.0,0.0,0.0,2.0,algo_no_comparison_result_sampled,D:\בעלי תשובה\הזמיר\נוסע לאומן,D:\בעלי תשובה\אודי דוידי\אודי דוידי - בן אהוב
128.0,128.0,0.0,1.0,0.0,0.0,0.2873753124937582,0.6974116257476615,0.4100363132539033,0.2873753124937582,0.6974116257476615,0.4100363132539033,0.0,0.0,0.0,0.0,0.0,0.4275598883509568,0.4648767740327354,0.34056733592737654,0.0,0.0,0.0,0.6666666666666667,0.0,0.1541158635630936,0.0,1.0,1.0,2.0,algo_low_certainty_sampled,D:\בעלי תשובה\אברהם אבוטבול\בית הקדושה,D:\בעלי תשובה\חיות  הקודש
128.0,128.0,0.0,1.0,0.0,1.0,0.2727991566036579,1.0,0.7272008433963422,0.27455635043139537,1.0,0.7254436495686046,0.0,0.0,0.0,0.0,0.0,0.6013455805271737,0.19709566262197842,0.06339559683522533,0.0,0.0,0.0,0.33333333333333337,0.0,0.2859054444735508,0.0,1.0,1.0,2.0,algo_low_certainty_sampled,D:\בעלי תשובה\ישעיה חסיד\אחד,D:\בעלי תשובה\יצחק שדהו
128.0,32.0,96.0,0.25,0.0,1.0,1.0,0.0,1.0,1.0,0.0,1.0,0.0,0.0,0.0,0.0,0.0,0.35461384764461024,0.1515151515151515,0.03999999999999998,0.0,0.0,0.0,0.23076923076923073,0.0,0.0,0.0,0.0,0.0,2.0,algo_low_certainty_sampled,D:\בעלי תשובה\יחיא אזולאי,D:\בעלי תשובה\ארז משה דורון\032 תשובה מאהבה
320.0,320.0,0.0,1.0,0.09090909090909091,0.0,0.21162859691843153,0.2328732027030505,0.02124460578461898,1.0,0.23477009369085064,0.7652299063091493,0.0,0.0,0.0,0.0,0.0,0.0,0.0,0.0,0.0,0.0,0.0,0.0,0.0,0.0,0.0,0.0,0.0,2.0,algo_no_comparison_result_sampled,D:\בעלי תשובה\שולי רנד\שולי רנד בקיסריה 2,D:\בעלי תשובה\צמאה - אומנים שרים את ניגוני הרבי מילובביץ
98.9090909090909,128.0,29.090909090909093,0.7727272727272727,1.0,1.0,0.2270135150184752,0.27114163132912755,0.04412811631065236,0.2270135150184752,0.27114163132912755,0.04412811631065236,0.0,0.0,0.0,0.0,0.0,0.5176449504464583,0.4597730061161982,0.2083259719770876,0.0,0.0,0.0,0.19999999999999996,0.0,0.34881695496418025,0.0,1.0,1.0,2.0,algo_low_certainty_sampled,D:\בעלי תשובה\יצחק פוקס\פוקס,D:\בעלי תשובה\דב אינדיג\בת קול
32.0,128.0,96.0,0.25,0.0,1.0,0.0,0.6596002478820621,0.6596002478820621,1.0,0.8333333333333334,0.16666666666666663,0.0,0.0,0.0,0.0,0.0,0.46614697533969063,0.2560227447561414,0.012499999999999997,0.0,0.0,0.0,0.16666666666666663,0.0,0.0,0.0,0.0,0.0,2.0,algo_low_certainty_sampled,D:\בעלי תשובה\ארז משה דורון\000[096] סוד הויתור,D:\בעלי תשובה\המושב
160.0,128.0,32.0,0.8,1.0,0.0,0.25237744776806564,0.24746292294408634,0.004914524823979305,0.25237744776806564,0.24746292294408634,0.004914524823979305,0.0,0.0,0.0,0.0,0.0,0.0,0.0,0.0,0.0,0.0,0.0,0.0,0.0,0.0,0.0,0.0,0.0,2.0,algo_no_comparison_result_sampled,D:\בעלי תשובה\עדי רן\עדי רן מה יש לכם לדאוג,D:\בעלי תשובה\עדי רן\עדי רן והגיטרה - 2
128.0,128.0,0.0,1.0,0.0,0.0,0.24746292294408634,0.4249225978542701,0.17745967491018377,0.24746292294408634,0.4249225978542701,0.17745967491018377,0.0,1.0,0.0,0.0,0.0,0.0,0.0,0.0,0.0,0.0,0.0,0.0,0.0,0.0,0.0,0.0,0.0,2.0,algo_no_comparison_result_sampled,D:\בעלי תשובה\עדי רן\עדי רן והגיטרה - 2,D:\בעלי תשובה\ניצן חן רזאל מוצא מקום
128.0,160.0,32.0,0.8,0.0,0.0,0.26167062689250503,0.38524365674718647,0.12357302985468144,0.26167062689250503,0.38524365674718647,0.12357302985468144,0.0,0.0,0.0,0.0,0.0,0.629172019233404,0.562202525105751,0.2158507236280849,0.0,0.0,0.0,0.16666666666666663,0.0,0.3567799509289802,0.0,0.0,0.0,2.0,algo_low_certainty_sampled,D:\בעלי תשובה\קול אחי\בני,D:\בעלי תשובה\אלטרנטיבי\להקת נפקא מינה-גשר צר
320.0,32.0,288.0,0.1,0.0,0.0,0.4266569804539248,0.0,0.4266569804539248,0.4266569804539248,0.0,0.4266569804539248,0.0,0.0,0.0,0.0,0.0,0.07651980695631061,0.4032267115600449,0.12147709961177454,0.0,0.0,0.0,0.2777777777777778,0.0,0.12847339224257914,0.0,0.0,0.0,2.0,algo_low_certainty_sampled,D:\בעלי תשובה\עמיר בניון\עמיר בניון - המקלט,D:\בעלי תשובה\ארז משה דורון\020 להדבק באין סוף
128.0,128.0,0.0,1.0,0.0,0.0,0.41342995655720544,1.0,0.5865700434427945,0.351482127623708,0.0,0.351482127623708,0.0,0.0,0.0,0.0,0.0,0.5148350640798347,0.21405865806318297,0.0,0.0,0.0,0.0,0.34285714285714286,0.0,0.2493945498044074,0.0,0.0,0.0,2.0,algo_low_certainty_sampled,D:\בעלי תשובה\ישראל דגן\גדולתינו ותיפארתינו,D:\בעלי תשובה\אליך-יריב גולדמן
160.0,128.0,32.0,0.8,0.0,0.0,0.22423017210857654,0.4028413437474495,0.17861117163887297,0.22423017210857654,0.2725157489002033,0.04828557679162676,0.0,0.0,0.0,0.0,0.0,0.43852094302210265,0.43749716535803146,0.276268503884603,0.0,0.0,0.0,0.3076923076923077,0.0,0.49964108611276536,0.0,1.0,1.0,2.0,algo_low_certainty_sampled,D:\בעלי תשובה\מים 1,D:\בעלי תשובה\מאיר בנאי\שמע קולי
32.0,153.6,121.6,0.20833333333333334,1.0,1.0,0.0,0.7400588508887702,0.7400588508887702,0.0,0.7400588508887702,0.7400588508887702,0.0,0.0,0.0,0.0,0.0,0.5190712277076562,0.15516708381482905,0.01049950957592692,0.0,0.0,0.0,0.21052631578947367,0.0,0.0,0.0,0.0,0.0,2.0,algo_low_certainty_sampled,D:\בעלי תשובה\ארז משה דורון\002 בעל תפילה,D:\בעלי תשובה\אבולוף
320.0,128.0,192.0,0.4,0.0,0.0,0.20824731826827425,0.8333333333333334,0.6250860150650591,1.0,0.23579977126416757,0.7642002287358325,0.0,0.0,0.0,0.0,0.0,0.0,0.0,0.0,0.0,0.0,0.0,0.0,0.0,0.0,0.0,0.0,0.0,2.0,algo_no_comparison_result_sampled,D:\בעלי תשובה\שולי רנד\שולי רנד בקיסריה 1,D:\בעלי תשובה\אודי דוידי\אודי דודי 2\no title
128.0,128.0,0.0,1.0,0.0,0.0,0.4028413437474495,0.4395813988062998,0.03674005505885031,0.2725157489002033,0.4395813988062998,0.16706564990609651,0.0,0.0,0.0,0.0,0.0,0.6055894787702062,0.4061742134656387,0.24840274667860873,0.0,0.0,0.0,0.4,0.0,0.4108033631596154,0.0,1.0,1.0,2.0,algo_low_certainty_sampled,D:\בעלי תשובה\מאיר בנאי\שמע קולי,D:\בעלי תשובה\ישראל דגן\ראש השנה שלי
128.0,128.0,0.0,1.0,0.0,1.0,1.0,0.7648210459606535,0.23517895403934652,1.0,0.635970973660645,0.36402902633935497,0.0,0.0,0.0,0.0,0.0,0.639059653869099,0.1898049910046814,0.11625521019015062,0.0,0.0,0.0,0.13953488372093026,0.0,0.46052748902999086,0.0,1.0,1.0,2.0,algo_low_certainty_sampled,D:\בעלי תשובה\יצחק פוקס\(באנו ביחד (כדאי לבדוק אם חסר איזה שיר,D:\בעלי תשובה\הלוים
32.0,32.0,0.0,1.0,1.0,1.0,0.0,0.0,0.0,0.0,0.0,0.0,0.0,0.0,0.0,0.0,0.0,0.6281219419335772,0.8000000000000002,0.5714285714285714,0.0,0.0,0.0,0.4516129032258065,0.0,0.27236120156992766,0.0,1.0,1.0,2.0,algo_low_certainty_sampled,D:\בעלי תשובה\ארז משה דורון\030 הגשמה עצמית,D:\בעלי תשובה\ארז משה דורון\035 עוצמת השתיקה
128.0,320.0,192.0,0.4,0.0,0.0,0.23306579697939106,0.21162859691843153,0.021437200060959533,0.23306579697939106,1.0,0.766934203020609,0.0,0.0,0.0,0.0,0.0,0.0,0.0,0.0,0.0,0.0,0.0,0.0,0.0,0.0,0.0,0.0,0.0,2.0,algo_no_comparison_result_sampled,D:\בעלי תשובה\אודי אולמן\אודי - 3,D:\בעלי תשובה\שולי רנד\שולי רנד בקיסריה 2
128.0,128.0,0.0,1.0,0.0,0.0,0.40582510542562483,0.21116393582337853,0.1946611696022463,0.2226164249693661,0.21116393582337853,0.011452489145987566,0.0,0.0,0.0,0.0,0.0,0.0,0.0,0.0,0.0,0.0,0.0,0.0,0.0,0.0,0.0,0.0,0.0,2.0,algo_no_comparison_result_sampled,D:\בעלי תשובה\יוסף (גלעד) קרדונר\סימנים בדרך - 01,D:\בעלי תשובה\סנדי שמואלי\בעזרת השם
160.0,128.0,32.0,0.8,1.0,1.0,0.27238638174643265,1.0,0.7276136182535673,0.27238638174643265,1.0,0.7276136182535673,0.0,0.0,0.0,0.0,0.0,0.708089524126668,0.23072390693990455,0.12677628314408015,0.0,0.0,0.0,0.2068965517241379,0.0,0.5967239355694596,0.0,1.0,1.0,2.0,algo_low_certainty_sampled,D:\בעלי תשובה\אהרון רזאל\זמן הגאולה,D:\בעלי תשובה\אודי דוידי\אודי דוידי דבר אליו
128.0,320.0,192.0,0.4,0.0,0.0,0.6974116257476615,0.2328732027030505,0.46453842304461096,0.6974116257476615,0.23477009369085064,0.4626415320568108,0.0,0.0,0.0,0.0,0.0,0.17837085164429742,0.4070184715132647,0.2352335872548493,0.0,0.0,0.0,0.2264150943396226,0.0,0.45781356046497096,0.0,0.0,0.0,2.0,algo_low_certainty_sampled,D:\בעלי תשובה\חיות  הקודש,D:\בעלי תשובה\צמאה - אומנים שרים את ניגוני הרבי מילובביץ
32.0,128.0,96.0,0.25,0.0,1.0,0.0,0.5271101878244517,0.5271101878244517,0.0,0.3771430161161515,0.3771430161161515,0.0,0.0,0.0,0.0,0.0,0.3040133959505557,0.24475349767027726,0.025974025974025965,0.0,0.0,0.0,0.2222222222222222,0.0,0.0,0.0,0.5714285714285714,0.0,2.0,algo_low_certainty_sampled,D:\בעלי תשובה\ארז משה דורון\101 מעשה מברגר ועני ב,D:\בעלי תשובה\עדי רן\עדי רן
128.0,128.0,0.0,1.0,0.0,1.0,0.2330104184381377,0.8181818181818182,0.5851713997436805,0.18359844124657437,0.0,0.18359844124657437,0.0,0.0,0.0,0.0,0.0,0.43677575442495925,0.23239505511323813,0.022727272727272728,0.0,0.0,0.0,0.2857142857142857,0.0,0.14269228856868144,0.0,1.0,1.0,2.0,algo_low_certainty_sampled,D:\בעלי תשובה\יוסף קרדונר\סימנים בדרך,D:\בעלי תשובה\חיים דוד סרצ'יק\היום\1-זה כפול נא לסדר
32.0,32.0,0.0,1.0,1.0,1.0,0.0,0.0,0.0,0.0,0.0,0.0,0.0,0.0,0.0,0.0,0.0,0.5250892839121072,0.5666666666666667,0.6428571428571428,0.0,0.0,0.0,0.4375,0.0,0.0,0.0,1.0,1.0,2.0,algo_low_certainty_sampled,D:\בעלי תשובה\ארז משה דורון\011 אחד היה אברהם,D:\בעלי תשובה\ארז משה דורון\032 תשובה מאהבה
320.0,128.0,192.0,0.4,0.0,0.0,0.4255032201276181,0.41342995655720544,0.012073263570412662,0.4242520955212302,0.351482127623708,0.07276996789752221,0.0,0.0,0.0,0.0,0.0,0.0,0.0,0.0,0.0,0.0,0.0,0.0,0.0,0.0,0.0,0.0,0.0,2.0,algo_no_comparison_result_sampled,D:\בעלי תשובה\יאיר כלב\עצם הנשמה 2,D:\בעלי תשובה\ישראל דגן\גדולתינו ותיפארתינו
192.0,128.0,64.0,0.6666666666666666,0.0,0.0,0.260760428742324,0.8333333333333334,0.5725729045910093,0.260760428742324,0.23579977126416757,0.024960657478156456,1.0,0.0,0.0,0.0,0.0,0.0,0.0,0.0,0.0,0.0,0.0,0.0,0.0,0.0,0.0,0.0,0.0,2.0,algo_no_comparison_result_sampled,D:\בעלי תשובה\יצחק פוקס\ממעמקים יצחק פוקס,D:\בעלי תשובה\אודי דוידי\אודי דודי 2\no title
128.0,48.0,80.0,0.375,1.0,1.0,0.24951725891354376,0.3657312505730815,0.11621399165953772,0.24951725891354376,0.1783519691265463,0.07116528978699746,0.0,0.0,0.0,0.0,0.0,0.07519877748593282,0.4490193999320685,0.249015922158337,0.0,0.0,0.0,0.25,0.0,0.26676188264136336,0.0,1.0,1.0,2.0,algo_low_certainty_sampled,D:\בעלי תשובה\דני ממן\זה שיר שבח,D:\בעלי תשובה\עמיר בניון\עמיר בניון - עומד בשער
128.0,128.0,0.0,1.0,0.0,1.0,1.0,0.2809753868055855,0.7190246131944145,0.0,0.2555969699945765,0.2555969699945765,0.0,0.0,0.0,0.0,0.0,0.631181902797548,0.22083699376827012,0.0,0.0,0.0,0.0,0.15384615384615385,0.0,0.4594825662027645,0.0,1.0,1.0,2.0,algo_low_certainty_sampled,D:\בעלי תשובה\חיים דוד סרצ'יק\מצור דבש,D:\בעלי תשובה\יוסף קרדונר\בחירה
128.0,157.0909090909091,29.090909090909093,0.8148148148148148,0.0,0.0,0.27700884219937516,0.3433230563582517,0.06631421415887656,0.27700884219937516,0.2387152837785005,0.038293558420874674,0.0,0.0,0.0,0.0,0.0,0.0,0.0,0.0,0.0,0.0,0.0,0.0,0.0,0.0,0.0,0.0,0.0,2.0,algo_no_comparison_result_sampled,D:\בעלי תשובה\עדי רן\עדי רן והגיטרה - 1,D:\בעלי תשובה\מאיר בנאי\לך אלי
128.0,192.0,64.0,0.6666666666666666,0.0,0.0,1.0,0.3067488807297329,0.6932511192702671,0.2601616418210846,0.3067488807297329,0.0465872389086483,0.0,1.0,0.0,0.0,0.0,0.0,0.0,0.0,0.0,0.0,0.0,0.0,0.0,0.0,0.0,0.0,0.0,2.0,algo_no_comparison_result_sampled,D:\בעלי תשובה\נקודה טובה,D:\בעלי תשובה\אהרון רזאל\אהרן רזאל - קבעתי את מושבי\אהרן רזאל - קבעתי את מושבי
128.0,160.0,32.0,0.8,0.0,0.0,0.2873753124937582,0.3707724849592341,0.0833971724654759,0.2873753124937582,0.3707724849592341,0.0833971724654759,0.0,0.0,0.0,0.0,0.0,0.0,0.0,0.0,0.0,0.0,0.0,0.0,0.0,0.0,0.0,0.0,0.0,2.0,algo_no_comparison_result_sampled,D:\בעלי תשובה\אברהם אבוטבול\בית הקדושה,D:\בעלי תשובה\תיקון הכללי
128.0,96.0,32.0,0.75,1.0,1.0,1.0,0.29735679447955665,0.7026432055204433,0.3076843579947969,0.29735679447955665,0.010327563515240223,0.0,0.0,0.0,0.0,0.0,0.7029612422678864,0.2044382244943255,0.2979243510218219,0.0,0.0,0.0,0.15384615384615385,0.0,0.16037996751732164,0.0,1.0,1.0,2.0,algo_low_certainty_sampled,D:\בעלי תשובה\מיקי רוזנבאום\פסיפס,D:\בעלי תשובה\גד ליאור
120.0,122.4,2.4000000000000057,0.9803921568627451,0.0,0.0,0.2813488882540223,0.23254868690654407,0.048800201347478256,0.3272736626182222,0.09523809523809523,0.23203556738012698,0.0,0.0,0.0,0.0,0.0,0.35240836283546473,0.425221559588283,0.02814814814814815,0.0,0.07185185185185186,0.0,0.3870967741935484,0.0,0.14658650118822045,0.0,0.1,0.0,2.0,algo_low_certainty_sampled,D:\בעלי תשובה\שונות ולא ידועים,D:\בעלי תשובה\שולי רנד\שולי רנד בצוותא
128.0,32.0,96.0,0.25,0.0,1.0,0.6596002478820621,0.0,0.6596002478820621,0.8333333333333334,0.0,0.8333333333333334,0.0,0.0,0.0,0.0,0.0,0.7721783559400808,0.2366799238951036,0.01715686274509804,0.0,0.0,0.0,0.2222222222222222,0.0,0.0,0.0,0.0,0.0,2.0,algo_low_certainty_sampled,D:\בעלי תשובה\המושב,D:\בעלי תשובה\ארז משה דורון\061 אמת לרחק ואמת לקרב
32.0,128.0,96.0,0.25,0.0,1.0,0.0,0.6596002478820621,0.6596002478820621,0.0,0.8333333333333334,0.8333333333333334,0.0,0.0,0.0,0.0,0.0,0.7066299210172599,0.26592851592851596,0.038888888888888876,0.0,0.0,0.0,0.2727272727272727,0.0,0.0,0.0,0.0,0.0,2.0,algo_low_certainty_sampled,D:\בעלי תשובה\ארז משה דורון\003 שמחה מתוך צער,D:\בעלי תשובה\המושב
32.0,128.0,96.0,0.25,0.0,1.0,0.0,1.0,1.0,0.0,1.0,1.0,0.0,0.0,0.0,0.0,0.0,0.07156039075458734,0.24444444444444446,0.039999999999999994,0.0,0.0,0.0,0.2222222222222222,0.0,0.2,0.0,0.0,0.0,2.0,algo_low_certainty_sampled,D:\בעלי תשובה\ארז משה דורון\005 ניקוי הראש,D:\בעלי תשובה\רונן  חזיזה\שמחה של מצווה
128.0,128.0,0.0,1.0,0.0,0.0,0.29698772961930864,0.6202184291388099,0.32323069951950123,1.0,0.27770914861101964,0.7222908513889803,0.0,0.0,0.0,0.0,0.0,0.0,0.0,0.0,0.0,0.0,0.0,0.0,0.0,0.0,0.0,0.0,0.0,2.0,algo_no_comparison_result_sampled,D:\בעלי תשובה\אחישנה\לך ה' אלוקי,D:\בעלי תשובה\אחיה רובין\ונזכה
320.0,128.0,192.0,0.4,0.0,0.0,0.45042736031577224,0.22718027545586006,0.22324708485991218,0.45042736031577224,0.22718027545586006,0.22324708485991218,0.0,1.0,0.0,0.0,0.0,0.0,0.0,0.0,0.0,0.0,0.0,0.0,0.0,0.0,0.0,0.0,0.0,2.0,algo_no_comparison_result_sampled,D:\בעלי תשובה\יאיר כלב\הרב יאיר כלב ולהקת א גרויסע מציאה\עצם הנשמה,D:\בעלי תשובה\יונתן רזאל\יונתן רזאל - בין הצלילים
128.0,128.0,0.0,1.0,0.0,0.0,0.21394797205483929,1.0,0.7860520279451607,0.32470163567732774,0.3076843579947969,0.017017277682530862,0.0,0.0,0.0,0.0,0.0,0.583959936902477,0.25569591428279737,0.2934198870731379,0.0,0.0,0.0,0.10526315789473684,0.0,0.3978573963085283,0.0,1.0,1.0,2.0,algo_low_certainty_sampled,D:\בעלי תשובה\ישראל דגן\תנו לי את לבכם,D:\בעלי תשובה\מיקי רוזנבאום\פסיפס
98.9090909090909,128.0,29.090909090909093,0.7727272727272727,0.0,0.0,0.2270135150184752,0.2000802777784875,0.026933237239987695,0.2270135150184752,0.0,0.2270135150184752,0.0,0.0,0.0,0.0,0.0,0.46822069177625747,0.5331606578051059,0.0,0.0,0.0,0.0,0.0,0.0,0.29990780617984836,0.0,0.0,0.0,2.0,algo_low_certainty_sampled,D:\בעלי תשובה\יצחק פוקס\פוקס,D:\בעלי תשובה\אודי אולמן\דברי שיר
192.0,128.0,64.0,0.6666666666666666,0.0,0.0,0.3067488807297329,1.0,0.6932511192702671,0.3067488807297329,0.0,0.3067488807297329,1.0,0.0,0.0,0.0,0.0,0.7047249222576004,0.19466131524193403,0.0,0.0,0.0,0.0,0.23529411764705888,0.0,0.2205797404263449,0.0,0.5454545454545454,1.0,2.0,algo_low_certainty_sampled,D:\בעלי תשובה\אהרון רזאל\אהרן רזאל - קבעתי את מושבי\אהרן רזאל - קבעתי את מושבי,D:\בעלי תשובה\חיים דוד סרצ'יק\מצור דבש
128.0,128.0,0.0,1.0,0.0,0.0,0.2499528889962427,0.4028413437474495,0.1528884547512068,0.2499528889962427,0.2725157489002033,0.02256285990396059,0.0,0.0,0.0,0.0,0.0,0.711261192314212,0.4207985737912298,0.2639639894228653,0.0,0.0,0.0,0.18181818181818177,0.0,0.5626561494747352,0.0,1.0,1.0,2.0,algo_low_certainty_sampled,D:\בעלי תשובה\דני,D:\בעלי תשובה\מאיר בנאי\שמע קולי
128.0,128.0,0.0,1.0,0.0,0.0,1.0,0.2280134555390086,0.7719865444609915,1.0,0.25332720690615423,0.7466727930938457,0.0,0.0,0.0,0.0,0.0,0.6014892159441411,0.22070410432479398,0.054389952153110044,0.0,0.0,0.0,0.303030303030303,0.0,0.39682890570599644,0.0,0.0,0.0,2.0,algo_low_certainty_sampled,D:\בעלי תשובה\אודי דוידי\אודי דוידי דבר אליו,D:\בעלי תשובה\למען שמו באהבה
128.0,320.0,192.0,0.4,0.0,0.0,0.8333333333333334,0.45042736031577224,0.38290597301756113,0.23579977126416757,0.45042736031577224,0.21462758905160467,0.0,0.0,0.0,0.0,0.0,0.0,0.0,0.0,0.0,0.0,0.0,0.0,0.0,0.0,0.0,0.0,0.0,2.0,algo_no_comparison_result_sampled,D:\בעלי תשובה\אודי דוידי\אודי דודי 2\no title,D:\בעלי תשובה\יאיר כלב\הרב יאיר כלב ולהקת א גרויסע מציאה\עצם הנשמה
160.0,128.0,32.0,0.8,0.0,0.0,0.25237744776806564,0.22718027545586006,0.025197172312205585,0.25237744776806564,0.22718027545586006,0.025197172312205585,0.0,1.0,0.0,0.0,0.0,0.0,0.0,0.0,0.0,0.0,0.0,0.0,0.0,0.0,0.0,0.0,0.0,2.0,algo_no_comparison_result_sampled,D:\בעלי תשובה\עדי רן\עדי רן מה יש לכם לדאוג,D:\בעלי תשובה\יונתן רזאל\יונתן רזאל - בין הצלילים
128.0,128.0,0.0,1.0,0.0,0.0,0.27114163132912755,1.0,0.7288583686708725,0.27114163132912755,1.0,0.7288583686708725,0.0,1.0,0.0,0.0,0.0,0.43192865456107704,0.2463121841249053,0.1305507623689442,0.0,0.0,0.0,0.18181818181818177,0.0,0.14179092515900016,0.0,1.0,1.0,2.0,algo_low_certainty_sampled,D:\בעלי תשובה\דב אינדיג\בת קול,D:\בעלי תשובה\יצחק מאיר\נשמות חדשות\חלק 2
56.0,160.0,104.0,0.35,0.0,0.0,0.7537098401213115,0.2150137524440931,0.5386960876772184,0.2459984041872587,0.18847562874257065,0.05752277544468806,0.0,0.0,0.0,0.0,0.0,0.0785239092708475,0.2377605489227852,0.22303418803418804,0.0,0.2962962962962963,0.0,0.19999999999999996,0.0,0.4655605090069958,0.0,1.0,1.0,2.0,algo_low_certainty_sampled,D:\בעלי תשובה\סנדי שמואלי\עד מתי,D:\בעלי תשובה\ברק כהן\ברק כהן עם דובי גינז\עונג
128.0,128.0,0.0,1.0,0.0,0.0,0.6202184291388099,0.6606431894230039,0.04042476028419406,0.27770914861101964,0.8222222222222222,0.5445130736112025,0.0,0.0,0.0,0.0,0.0,0.7439725683579222,0.37709014983751354,0.11023851801502449,0.0,0.27167915675655613,0.0,0.125,0.0,0.5265629784588891,0.0,1.0,1.0,2.0,algo_low_certainty_sampled,D:\בעלי תשובה\אחיה רובין\ונזכה,D:\בעלי תשובה\המדרגות\המדרגות חדש
128.0,128.0,0.0,1.0,0.0,0.0,0.2280134555390086,0.2873753124937582,0.0593618569547496,0.25332720690615423,0.2873753124937582,0.03404810558760396,0.0,0.0,0.0,0.0,0.0,0.3960259343973633,0.4664546345980026,0.15775853775853774,0.046442687747035576,0.04958677685950413,0.0,0.25,0.0,0.16358175968667024,0.0,0.0,0.0,2.0,algo_low_certainty_sampled,D:\בעלי תשובה\למען שמו באהבה,D:\בעלי תשובה\אברהם אבוטבול\בית הקדושה
128.0,128.0,0.0,1.0,0.0,0.0,0.2139713364504999,0.37977690175096385,0.16580556530046395,0.21586764519215973,0.23290542901652928,0.017037783824369546,0.0,0.0,0.0,0.0,0.0,0.0,0.0,0.0,0.0,0.0,0.0,0.0,0.0,0.0,0.0,0.0,0.0,2.0,algo_no_comparison_result_sampled,D:\בעלי תשובה\אנסמבל שם-טוב לוי\תחנות רוח,D:\בעלי תשובה\יוסף (גלעד) קרדונר\כל העולם - 02
160.0,192.0,32.0,0.8333333333333334,0.0,0.0,0.2726881529823451,0.260760428742324,0.011927724240021087,0.27311707713779837,0.260760428742324,0.012356648395474346,0.0,1.0,0.0,0.0,0.0,0.5409287616357368,0.5382656147338042,0.3099054834788168,0.0,0.029448621553884714,0.0,0.26086956521739135,0.0,0.7477383874229259,0.0,1.0,1.0,2.0,algo_low_certainty_sampled,D:\בעלי תשובה\שמעונה,D:\בעלי תשובה\יצחק פוקס\ממעמקים יצחק פוקס
128.0,64.0,64.0,0.5,1.0,0.0,1.0,0.24337572331410295,0.756624276685897,0.27844605035436915,0.4669122431312358,0.18846619277686666,0.0,0.0,0.0,0.0,0.0,0.3017097995375343,0.19656133144548477,0.1978227125843225,0.0,0.0,0.0,0.75,0.0,0.5180992619816553,0.0,1.0,1.0,2.0,algo_low_certainty_sampled,D:\בעלי תשובה\סנדי שמואלי\מחכים,D:\בעלי תשובה\אודי טופלברג\מים
128.0,157.0909090909091,29.090909090909093,0.8148148148148148,0.0,0.0,1.0,0.3433230563582517,0.6566769436417483,0.2601616418210846,0.2387152837785005,0.0214463580425841,0.0,0.0,0.0,0.0,0.0,0.0,0.0,0.0,0.0,0.0,0.0,0.0,0.0,0.0,0.0,0.0,0.0,2.0,algo_no_comparison_result_sampled,D:\בעלי תשובה\נקודה טובה,D:\בעלי תשובה\מאיר בנאי\לך אלי
320.0,128.0,192.0,0.4,0.0,0.0,0.21162859691843153,0.22711722683296007,0.01548862991452854,1.0,0.22711722683296007,0.7728827731670399,0.0,0.0,0.0,0.0,0.0,0.0,0.0,0.0,0.0,0.0,0.0,0.0,0.0,0.0,0.0,0.0,0.0,2.0,algo_no_comparison_result_sampled,D:\בעלי תשובה\שולי רנד\שולי רנד בקיסריה 2,D:\בעלי תשובה\יניב\קומי אורי
192.0,160.0,32.0,0.8333333333333334,0.0,1.0,0.23209041618433698,0.3975689808523364,0.1654785646679994,0.22662713231298284,0.3975689808523364,0.17094184853935354,0.0,0.0,0.0,0.0,0.0,0.3813973000973675,0.33452456996683244,0.06349500567318131,0.0,0.0,0.0,0.23076923076923073,0.0,0.14642635318195601,0.0,1.0,1.0,2.0,algo_low_certainty_sampled,D:\בעלי תשובה\יוסף קרדונר\האוסף- יוסף קרודנר,D:\בעלי תשובה\ישראל דגן\דגן חתונות\משה כליל
128.0,128.0,0.0,1.0,0.0,0.0,1.0,0.5556271404987482,0.4443728595012518,1.0,0.309324224284178,0.690675775715822,0.0,0.0,0.0,0.0,0.0,0.47763040830104614,0.17144814161327396,0.1110758359170153,0.0,0.0,0.0,0.20833333333333337,0.0,0.2997834068076259,0.0,0.5416666666666666,1.0,2.0,algo_low_certainty_sampled,D:\בעלי תשובה\יצחק פוקס\(באנו ביחד (כדאי לבדוק אם חסר איזה שיר,D:\בעלי תשובה\הזמיר\נוסע לאומן
128.0,192.0,64.0,0.6666666666666666,0.0,0.0,0.2873753124937582,0.3602569865901291,0.07288167409637092,0.2873753124937582,0.20396713382961987,0.08340817866413833,0.0,1.0,0.0,0.0,0.0,0.0,0.0,0.0,0.0,0.0,0.0,0.0,0.0,0.0,0.0,0.0,0.0,2.0,algo_no_comparison_result_sampled,D:\בעלי תשובה\אברהם אבוטבול\בית הקדושה,D:\בעלי תשובה\שולי רנד\הופעה בקיסריה\שולי רנד - בקיסריה\דיסק 2
128.0,128.0,0.0,1.0,1.0,1.0,1.0,0.3462975584756755,0.6537024415243244,1.0,0.3462975584756755,0.6537024415243244,0.0,0.0,0.0,0.0,0.0,0.4889311765506358,0.18955515739695478,0.0835065110328268,0.0,0.0,0.0,0.42105263157894735,0.0,0.26316720060080057,0.0,1.0,1.0,2.0,algo_low_certainty_sampled,D:\בעלי תשובה\יצחק שדהו,D:\בעלי תשובה\ישראל דגן\נפשי החזקה
128.0,128.0,0.0,1.0,0.0,0.0,0.6974116257476615,0.26316833264670075,0.4342432931009607,0.6974116257476615,0.26316833264670075,0.4342432931009607,0.0,0.0,0.0,0.0,0.0,0.6301151240448669,0.42983446256173535,0.2787587999186746,0.0,0.0,0.0,0.19047619047619047,0.0,0.3751982523097629,0.0,1.0,1.0,2.0,algo_low_certainty_sampled,D:\בעלי תשובה\חיות  הקודש,D:\בעלי תשובה\ירמיהו\כנגן המנגן
128.0,128.0,0.0,1.0,0.0,0.0,0.6974116257476615,0.2139713364504999,0.48344028929716154,0.6974116257476615,0.21586764519215973,0.48154398055550174,0.0,0.0,0.0,0.0,0.0,0.5185586358873583,0.4333904314648666,0.2634558994054716,0.0,0.0,0.0,0.5,0.0,0.2780559768174409,0.0,0.0,0.0,2.0,algo_low_certainty_sampled,D:\בעלי תשובה\חיות  הקודש,D:\בעלי תשובה\אנסמבל שם-טוב לוי\תחנות רוח
128.0,128.0,0.0,1.0,0.0,1.0,0.306539294039294,0.6596002478820621,0.3530609538427681,0.306539294039294,0.8333333333333334,0.5267940392940393,0.0,0.0,0.0,0.0,0.0,0.627684766464134,0.3871737207920518,0.09933574879227053,0.0,0.0,0.0,0.4,0.0,0.37166557592094845,0.0,1.0,1.0,2.0,algo_low_certainty_sampled,D:\בעלי תשובה\בהרוז אהרוני\שירת השבים,D:\בעלי תשובה\המושב
192.0,128.0,64.0,0.6666666666666666,0.0,0.0,0.3067488807297329,0.2000802777784875,0.10666860295124539,0.3067488807297329,0.0,0.3067488807297329,1.0,0.0,0.0,0.0,0.0,0.0,0.0,0.0,0.0,0.0,0.0,0.0,0.0,0.0,0.0,0.0,0.0,2.0,algo_no_comparison_result_sampled,D:\בעלי תשובה\אהרון רזאל\אהרן רזאל - קבעתי את מושבי\אהרן רזאל - קבעתי את מושבי,D:\בעלי תשובה\אודי אולמן\דברי שיר
32.0,128.0,96.0,0.25,0.0,1.0,0.0,1.0,1.0,0.0,1.0,1.0,0.0,0.0,0.0,0.0,0.0,0.35516015871487466,0.125,0.009615384615384609,0.0,0.0,0.0,0.26086956521739135,0.0,0.0,0.0,0.0,0.0,2.0,algo_low_certainty_sampled,D:\בעלי תשובה\ארז משה דורון\037 ליל הסדר,D:\בעלי תשובה\יחיא אזולאי
128.0,160.0,32.0,0.8,0.0,1.0,0.2809753868055855,0.27238638174643265,0.008589005059152832,0.2555969699945765,0.27238638174643265,0.016789411751856165,0.0,0.0,0.0,0.0,0.0,0.582894159209274,0.45997837538816383,0.23460227641764367,0.0,0.0,0.0,0.1333333333333333,0.0,0.46162349955084586,0.0,1.0,1.0,2.0,algo_low_certainty_sampled,D:\בעלי תשובה\יוסף קרדונר\בחירה,D:\בעלי תשובה\אהרון רזאל\זמן הגאולה
128.0,128.0,0.0,1.0,0.0,0.0,0.4028413437474495,0.25256305214732394,0.15027829160012557,0.2725157489002033,0.25256305214732394,0.019952696752879362,0.0,0.0,0.0,0.0,0.0,0.5952584151801007,0.4418752543752544,0.29916285087909805,0.0,0.0,0.0,0.2564102564102564,0.0,0.3315361608020853,0.0,1.0,1.0,2.0,algo_low_certainty_sampled,D:\בעלי תשובה\מאיר בנאי\שמע קולי,D:\בעלי תשובה\יערות דבש-יצחק אזולאי\יערות דבש השיר והשבחלחי העולמים
320.0,192.0,128.0,0.6,0.0,0.0,0.20824731826827425,0.260760428742324,0.05251311047404977,1.0,0.260760428742324,0.739239571257676,0.0,1.0,0.0,0.0,0.0,0.0,0.0,0.0,0.0,0.0,0.0,0.0,0.0,0.0,0.0,0.0,0.0,2.0,algo_no_comparison_result_sampled,D:\בעלי תשובה\שולי רנד\שולי רנד בקיסריה 1,D:\בעלי תשובה\יצחק פוקס\ממעמקים יצחק פוקס
128.0,128.0,0.0,1.0,0.0,0.0,0.2330104184381377,0.27700884219937516,0.04399842376123747,0.18359844124657437,0.27700884219937516,0.09341040095280079,0.0,0.0,0.0,0.0,0.0,0.4452805018544419,0.4340889131892402,0.19400087786310696,0.0,0.012121212121212118,0.0,0.2068965517241379,0.0,0.21414268022544486,0.0,0.0,0.0,2.0,algo_low_certainty_sampled,D:\בעלי תשובה\יוסף קרדונר\סימנים בדרך,D:\בעלי תשובה\עדי רן\עדי רן והגיטרה - 1
128.0,128.0,0.0,1.0,0.0,1.0,0.2889764430020933,0.6606431894230039,0.37166674642091063,0.2889764430020933,0.8222222222222222,0.5332457792201288,0.0,0.0,0.0,0.0,0.0,0.6595695417607466,0.395584962833261,0.11054607043378972,0.0,0.0,0.0,0.2222222222222222,0.0,0.45125293401969324,0.0,1.0,1.0,2.0,algo_low_certainty_sampled,D:\בעלי תשובה\דני גולן\דני גולן והחברים\לב טהור,D:\בעלי תשובה\המדרגות\המדרגות חדש
32.0,32.0,0.0,1.0,1.0,1.0,0.0,0.0,0.0,0.0,0.0,0.0,0.0,0.0,0.0,0.0,0.0,0.7729285164261805,0.7142857142857143,0.33333333333333337,0.0,0.0,0.0,0.2702702702702703,0.0,0.7729272128401664,0.0,1.0,1.0,2.0,algo_low_certainty_sampled,D:\בעלי תשובה\ארז משה דורון\038 לשלוט על המלאכים,D:\בעלי תשובה\ארז משה דורון\004 זוגיות רוחנית
128.0,128.0,0.0,1.0,0.0,0.0,1.0,0.2876621417797888,0.7123378582202111,1.0,0.2876621417797888,0.7123378582202111,1.0,0.0,0.0,0.0,0.0,0.48088147117946134,0.23000949667616336,0.13472222222222222,0.0,0.0,0.0,0.2857142857142857,0.0,0.27042432763807805,0.0,1.0,1.0,2.0,algo_low_certainty_sampled,D:\בעלי תשובה\יצחק מאיר\נשמות חדשות\חלק 1,D:\בעלי תשובה\שלמה זוהר
128.0,128.0,0.0,1.0,0.0,0.0,0.264503876615915,1.0,0.735496123384085,1.0,0.27844605035436915,0.7215539496456309,0.0,0.0,0.0,0.0,0.0,0.0,0.0,0.0,0.0,0.0,0.0,0.0,0.0,0.0,0.0,0.0,0.0,2.0,algo_no_comparison_result_sampled,D:\בעלי תשובה\אסף נגל\אדיר במרום,D:\בעלי תשובה\סנדי שמואלי\מחכים
128.0,48.0,80.0,0.375,1.0,1.0,0.2941560623287137,0.3657312505730815,0.07157518824436776,0.0,0.1783519691265463,0.1783519691265463,0.0,0.0,0.0,0.0,0.0,0.103750428310542,0.42038354405797185,0.0,0.0,0.0,0.0,0.24242424242424243,0.0,0.3178981860758186,0.0,0.0,0.0,2.0,algo_low_certainty_sampled,D:\בעלי תשובה\עדי רן\אל תכה בסלע,D:\בעלי תשובה\עמיר בניון\עמיר בניון - עומד בשער
320.0,160.0,160.0,0.5,0.0,0.0,0.45042736031577224,0.25237744776806564,0.1980499125477066,0.45042736031577224,0.25237744776806564,0.1980499125477066,0.0,0.0,0.0,0.0,0.0,0.0,0.0,0.0,0.0,0.0,0.0,0.0,0.0,0.0,0.0,0.0,0.0,2.0,algo_no_comparison_result_sampled,D:\בעלי תשובה\יאיר כלב\הרב יאיר כלב ולהקת א גרויסע מציאה\עצם הנשמה,D:\בעלי תשובה\עדי רן\עדי רן מה יש לכם לדאוג
131.04761904761904,192.0,60.95238095238096,0.6825396825396824,0.0,0.0,0.24481103003147509,0.23209041618433698,0.012720613847138101,0.21175375144557793,0.22662713231298284,0.014873380867404917,0.0,0.0,0.0,0.0,0.0,0.5562561769774831,0.43038095948677807,0.20443363291232491,0.0,0.014109347442680775,0.0,0.3846153846153846,0.0,0.23010852535785253,0.0,1.0,1.0,2.0,algo_low_certainty_sampled,D:\בעלי תשובה\שולי רנד\שולי רנד,D:\בעלי תשובה\יוסף קרדונר\האוסף- יוסף קרודנר
128.0,128.0,0.0,1.0,0.0,0.0,0.24746292294408634,0.2963361711896721,0.048873248245585754,0.24746292294408634,0.2792337495532713,0.031770826609184954,0.0,0.0,0.0,0.0,0.0,0.6068875136651825,0.4595773352283368,0.2703798976682272,0.0,0.17071969696969694,0.0,0.24242424242424243,0.0,0.3469368572648082,0.0,0.08333333333333333,0.0,2.0,algo_low_certainty_sampled,D:\בעלי תשובה\עדי רן\עדי רן והגיטרה - 2,D:\בעלי תשובה\נסתרות דרכי האל
128.0,157.0909090909091,29.090909090909093,0.8148148148148148,0.0,0.0,0.2000802777784875,0.3433230563582517,0.14324277857976422,0.0,0.2387152837785005,0.2387152837785005,0.0,0.0,0.0,0.0,0.0,0.0,0.0,0.0,0.0,0.0,0.0,0.0,0.0,0.0,0.0,0.0,0.0,2.0,algo_no_comparison_result_sampled,D:\בעלי תשובה\אודי אולמן\דברי שיר,D:\בעלי תשובה\מאיר בנאי\לך אלי
128.0,128.0,0.0,1.0,0.0,0.0,0.21966512044689707,0.24746292294408634,0.027797802497189272,0.29173991200759963,0.24746292294408634,0.044276989063513295,0.0,0.0,0.0,0.0,0.0,0.5842642212839712,0.42569439180038254,0.25019892331531596,0.05813172043010753,0.06666666666666667,0.0,0.375,0.0,0.42187049884594324,0.0,0.0,0.0,2.0,algo_low_certainty_sampled,D:\בעלי תשובה\ישראל דגן\למען שמו באהבה,D:\בעלי תשובה\עדי רן\עדי רן והגיטרה - 2
128.0,98.9090909090909,29.090909090909093,0.7727272727272727,0.0,1.0,0.8181818181818182,0.2270135150184752,0.591168303163343,0.0,0.2270135150184752,0.2270135150184752,0.0,0.0,0.0,0.0,0.0,0.5102486841427512,0.22709913917983915,0.03305785123966942,0.0,0.0,0.0,0.2857142857142857,0.0,0.45400689027014124,0.0,1.0,1.0,2.0,algo_low_certainty_sampled,D:\בעלי תשובה\חיים דוד סרצ'יק\היום\1-זה כפול נא לסדר,D:\בעלי תשובה\יצחק פוקס\פוקס
32.0,128.0,96.0,0.25,0.0,1.0,0.0,0.6596002478820621,0.6596002478820621,0.0,0.8333333333333334,0.8333333333333334,0.0,0.0,0.0,0.0,0.0,0.7321781340298599,0.2606936548688795,0.04794389978213508,0.0,0.0,0.0,0.11111111111111116,0.0,0.0,0.0,0.0,0.0,2.0,algo_low_certainty_sampled,D:\בעלי תשובה\ארז משה דורון\000[074] שלום,D:\בעלי תשובה\המושב
128.0,128.0,0.0,1.0,0.0,0.0,1.0,0.6387530961627489,0.3612469038372511,0.0,0.2787580723284634,0.2787580723284634,0.0,0.0,0.0,0.0,0.0,0.644877382629901,0.16760210613442755,0.0,0.0,0.0,0.0,0.36363636363636365,0.0,0.46667913015888834,0.0,0.55,1.0,2.0,algo_low_certainty_sampled,D:\בעלי תשובה\חיים דוד סרצ'יק\למעו שמו,D:\בעלי תשובה\ישראל דגן\עדיין יש תקווה
128.0,195.78571428571428,67.78571428571428,0.6537759941627144,0.0,0.0,0.39700289550146606,0.2581071456170303,0.13889574988443576,0.39700289550146606,1.0,0.6029971044985339,0.0,0.0,0.0,0.0,0.0,0.4422257572871941,0.4815090308136148,0.057119368837711855,0.0,0.0,0.0,0.3076923076923077,0.0,0.7752595963028884,0.0,1.0,1.0,2.0,algo_low_certainty_sampled,D:\בעלי תשובה\אלי מנדלבוים\חסינגלים,D:\בעלי תשובה\חיים דוד סרצ'יק\לפניך
160.0,128.0,32.0,0.8,0.0,0.0,0.27238638174643265,0.22711722683296007,0.04526915491347258,0.27238638174643265,0.22711722683296007,0.04526915491347258,0.0,0.0,0.0,0.0,0.0,0.5880842272253074,0.425743348852359,0.19414251039638036,0.0,0.0,0.0,0.42105263157894735,0.0,0.4113858509718099,0.0,1.0,1.0,2.0,algo_low_certainty_sampled,D:\בעלי תשובה\אהרון רזאל\זמן הגאולה,D:\בעלי תשובה\יניב\קומי אורי
128.0,128.0,0.0,1.0,0.0,0.0,0.2755814301892734,0.6202184291388099,0.3446369989495365,0.2755814301892734,0.27770914861101964,0.0021277184217462497,0.0,0.0,0.0,0.0,0.0,0.6893139676996374,0.5118527985461276,0.20201931298835324,0.0,0.0,0.0,0.0,0.0,0.6274773267812082,0.0,1.0,1.0,2.0,algo_low_certainty_sampled,D:\בעלי תשובה\יהודה גלאנץ\Phinar,D:\בעלי תשובה\אחיה רובין\ונזכה
128.0,128.0,0.0,1.0,1.0,1.0,0.24951725891354376,0.36207277452891484,0.11255551561537108,0.24951725891354376,1.0,0.7504827410864563,0.0,0.0,0.0,0.0,0.0,0.4086831878890173,0.4479719877545964,0.037455034645437126,0.0,0.0,0.0,0.2222222222222222,0.0,0.0,0.0,1.0,1.0,2.0,algo_low_certainty_sampled,D:\בעלי תשובה\דני ממן\זה שיר שבח,D:\בעלי תשובה\ברק כהן\יש תקווה
32.0,153.6,121.6,0.20833333333333334,1.0,1.0,0.0,0.7400588508887702,0.7400588508887702,0.0,0.7400588508887702,0.7400588508887702,0.0,0.0,0.0,0.0,0.0,0.5587622834927986,0.15074208454854737,0.0096918549931633,0.0,0.0,0.0,0.10526315789473684,0.0,0.0,0.0,0.0,0.0,2.0,algo_low_certainty_sampled,D:\בעלי תשובה\ארז משה דורון\093 ישוב הדעת,D:\בעלי תשובה\אבולוף
128.0,128.0,0.0,1.0,0.0,0.0,0.26316833264670075,0.27622047176536346,0.013052139118662709,0.26316833264670075,0.27622047176536346,0.013052139118662709,0.0,0.0,0.0,0.0,0.0,0.6068536298925653,0.4862298654892788,0.2848359189985985,0.0,0.0,0.0,0.21052631578947367,0.0,0.248108678423945,0.0,1.0,1.0,2.0,algo_low_certainty_sampled,D:\בעלי תשובה\ירמיהו\כנגן המנגן,D:\בעלי תשובה\עקיבא מרגליות\לאורו נלך
128.0,192.0,64.0,0.6666666666666666,0.0,0.0,0.39700289550146606,1.0,0.6029971044985339,0.39700289550146606,0.0,0.39700289550146606,0.0,0.0,0.0,0.0,0.0,0.39695802747801634,0.15414966389659626,0.0,0.0,0.0,0.0,0.5,0.0,0.26015465281824207,0.0,1.0,2.0,2.0,algo_low_certainty_sampled,D:\בעלי תשובה\אלי מנדלבוים\חסינגלים,D:\בעלי תשובה\סיני תור\סיני חדש
160.0,128.0,32.0,0.8,0.0,0.0,0.3707724849592341,1.0,0.6292275150407659,0.3707724849592341,1.0,0.6292275150407659,0.0,0.0,0.0,0.0,0.0,0.5977419492764137,0.2559842421926259,0.10832926275694552,0.0,0.0,0.0,0.33333333333333337,0.0,0.2910550899216393,0.0,1.0,1.0,2.0,algo_low_certainty_sampled,D:\בעלי תשובה\תיקון הכללי,D:\בעלי תשובה\אודי דוידי\אודי דוידי דבר אליו
128.0,129.77777777777777,1.7777777777777715,0.9863013698630138,0.0,0.0,0.2249296836256957,0.2639767313285904,0.03904704770289469,0.2249296836256957,0.16590077661212185,0.059028907013573856,0.0,0.0,0.0,0.0,0.0,0.0,0.0,0.0,0.0,0.0,0.0,0.0,0.0,0.0,0.0,0.0,0.0,2.0,algo_no_comparison_result_sampled,D:\בעלי תשובה\שולי רנד\בצוותא,D:\בעלי תשובה\עדי רן\האחרון שבעם
64.0,128.0,64.0,0.5,1.0,1.0,0.24337572331410295,1.0,0.756624276685897,0.4669122431312358,0.0,0.4669122431312358,0.0,0.0,0.0,0.0,0.0,0.2804287273529428,0.19656133144548477,0.0,0.0,0.0,0.0,0.18181818181818177,0.0,0.5254653036343839,0.0,1.0,1.0,2.0,algo_low_certainty_sampled,D:\בעלי תשובה\אודי טופלברג\מים,D:\בעלי תשובה\חיים דוד סרצ'יק\למעו שמו
128.0,157.0909090909091,29.090909090909093,0.8148148148148148,0.0,0.0,0.4261133624252772,0.3433230563582517,0.08279030606702548,0.4261133624252772,0.2387152837785005,0.1873980786467767,0.0,0.0,0.0,0.0,0.0,0.0,0.0,0.0,0.0,0.0,0.0,0.0,0.0,0.0,0.0,0.0,0.0,2.0,algo_no_comparison_result_sampled,D:\בעלי תשובה\יוסף (גלעד) קרדונר\בחירה - 03,D:\בעלי תשובה\מאיר בנאי\לך אלי
128.0,96.0,32.0,0.75,0.0,0.0,0.6847330038265858,0.22190442340597138,0.46282858042061437,0.22257521613042763,0.22190442340597138,0.0006707927244562484,0.0,0.0,0.0,0.0,0.0,0.0,0.0,0.0,0.0,0.0,0.0,0.0,0.0,0.0,0.0,0.0,0.0,2.0,algo_no_comparison_result_sampled,D:\בעלי תשובה\אורן ארנון\עלי באר,D:\בעלי תשובה\קול אחי\הללו
192.0,128.0,64.0,0.6666666666666666,0.0,0.0,0.3067488807297329,0.25729658680382567,0.04945229392590722,0.3067488807297329,0.25645829152593796,0.05029058920379492,1.0,0.0,0.0,0.0,0.0,0.4178139895367016,0.4625508467160845,0.2516326836252435,0.0,0.039525691699604744,0.0,0.29268292682926833,0.0,0.4145995110797234,0.0,1.0,1.0,2.0,algo_low_certainty_sampled,D:\בעלי תשובה\אהרון רזאל\אהרן רזאל - קבעתי את מושבי\אהרן רזאל - קבעתי את מושבי,D:\בעלי תשובה\צבי זלבסקי\פה ושם אני רוקד
48.0,128.0,80.0,0.375,1.0,1.0,0.3657312505730815,0.3462975584756755,0.019433692097405975,0.1783519691265463,0.3462975584756755,0.1679455893491292,0.0,0.0,0.0,0.0,0.0,0.1496739885777551,0.5338644928278997,0.18239163565479355,0.0,0.0,0.0,0.1875,0.0,0.23782922036598864,0.0,1.0,1.0,2.0,algo_low_certainty_sampled,D:\בעלי תשובה\עמיר בניון\עמיר בניון - עומד בשער,D:\בעלי תשובה\ישראל דגן\נפשי החזקה
128.0,98.9090909090909,29.090909090909093,0.7727272727272727,0.0,0.0,0.37977690175096385,0.2270135150184752,0.15276338673248865,0.23290542901652928,0.2270135150184752,0.0058919139980540824,0.0,0.0,0.0,0.0,0.0,0.5270966482366091,0.42349794542457125,0.22506193371940625,0.0,0.0,0.0,0.11764705882352944,0.0,0.23446084949843937,0.0,0.0,0.0,2.0,algo_low_certainty_sampled,D:\בעלי תשובה\יוסף (גלעד) קרדונר\כל העולם - 02,D:\בעלי תשובה\יצחק פוקס\פוקס
128.0,128.0,0.0,1.0,1.0,1.0,1.0,0.2889764430020933,0.7110235569979066,0.0,0.2889764430020933,0.2889764430020933,0.0,0.0,0.0,0.0,0.0,0.6313238700129662,0.2003941323544022,0.0,0.0,0.0,0.0,0.3529411764705882,0.0,0.3804607793960185,0.0,1.0,1.0,2.0,algo_low_certainty_sampled,D:\בעלי תשובה\גיל עקביוב,D:\בעלי תשובה\דני גולן\דני גולן והחברים\לב טהור
160.0,128.0,32.0,0.8,0.0,0.0,0.21497468337814524,0.21966512044689707,0.004690437068751829,0.21497468337814524,0.29173991200759963,0.0767652286294544,0.0,0.0,0.0,0.0,0.0,0.5103910579028046,0.4890080789689049,0.2951226325135346,0.0,0.0,0.0,0.21052631578947367,0.0,0.39825754056010626,0.0,1.0,1.0,2.0,algo_low_certainty_sampled,D:\בעלי תשובה\מים 2,D:\בעלי תשובה\ישראל דגן\למען שמו באהבה
32.0,32.0,0.0,1.0,1.0,1.0,0.0,0.0,0.0,0.0,0.0,0.0,0.0,0.0,0.0,0.0,0.0,0.8018108232699148,0.75,0.5,0.0,0.0,0.0,0.45714285714285713,0.0,0.6468528214025246,0.0,1.0,1.0,2.0,algo_low_certainty_sampled,D:\בעלי תשובה\ארז משה דורון\011 אחד היה אברהם,D:\בעלי תשובה\ארז משה דורון\034 אש רוח מים עפר
128.0,128.0,0.0,1.0,0.0,0.0,0.39919417184261435,0.6474081690747675,0.24821399723215315,0.25183269050770285,0.6474081690747675,0.39557547856706465,0.0,0.0,0.0,0.0,0.0,0.561399343110712,0.4983052797658086,0.30828541334366855,0.0,0.23293008142337346,0.0,0.19999999999999996,0.0,0.2548884129876783,0.0,1.0,1.0,2.0,algo_low_certainty_sampled,D:\בעלי תשובה\מיקי רוזנבאום\פסיפס-2,D:\בעלי תשובה\ברלינגר\משה לוי - טוב
192.0,128.0,64.0,0.6666666666666666,0.0,0.0,0.3067488807297329,0.22711722683296007,0.07963165389677282,0.3067488807297329,0.22711722683296007,0.07963165389677282,1.0,0.0,0.0,0.0,0.0,0.3741574341788718,0.5960452125301958,0.23721227273009954,0.5217391304347825,0.0,0.0,0.34285714285714286,0.0,0.651775907655498,0.0,1.0,1.0,2.0,algo_low_certainty_sampled,D:\בעלי תשובה\אהרון רזאל\אהרן רזאל - קבעתי את מושבי\אהרן רזאל - קבעתי את מושבי,D:\בעלי תשובה\יניב\קומי אורי
128.0,98.9090909090909,29.090909090909093,0.7727272727272727,1.0,1.0,1.0,0.2270135150184752,0.7729864849815248,1.0,0.2270135150184752,0.7729864849815248,0.0,0.0,0.0,0.0,0.0,0.4885848175266476,0.21632051519896542,0.09538662427418408,0.0,0.0,0.0,0.08695652173913049,0.0,0.44195350222615654,0.0,1.0,1.0,2.0,algo_low_certainty_sampled,D:\בעלי תשובה\אודי דוידי\אודי דוידי דבר אליו,D:\בעלי תשובה\יצחק פוקס\פוקס
32.0,32.0,0.0,1.0,1.0,1.0,0.0,0.0,0.0,0.0,0.0,0.0,0.0,0.0,0.0,0.0,0.0,0.5071683302475372,0.7692307692307692,0.4,0.0,0.0,0.0,0.35,0.0,0.3434191160775873,0.0,1.0,1.0,2.0,algo_low_certainty_sampled,D:\בעלי תשובה\ארז משה דורון\005 ניקוי הראש,D:\בעלי תשובה\ארז משה דורון\014 אין שום יאוש בעולם כלל
32.0,128.0,96.0,0.25,0.0,1.0,0.0,0.6596002478820621,0.6596002478820621,0.0,0.8333333333333334,0.8333333333333334,0.0,0.0,0.0,0.0,0.0,0.7229911707016536,0.2498378186319457,0.033360566448801754,0.0,0.0,0.0,0.2222222222222222,0.0,0.0,0.0,0.0,0.0,2.0,algo_low_certainty_sampled,D:\בעלי תשובה\ארז משה דורון\065 שכל פנמי ושכל מקיף,D:\בעלי תשובה\המושב
128.0,96.0,32.0,0.75,0.0,0.0,0.24951725891354376,0.24974139732911663,0.0002241384155728665,0.24951725891354376,0.24974139732911663,0.0002241384155728665,0.0,0.0,0.0,0.0,0.0,0.4005095520337686,0.4886706135163486,0.208984126984127,0.0,0.0,0.0,0.375,0.0,0.5434543729820429,0.0,1.0,1.0,2.0,algo_low_certainty_sampled,D:\בעלי תשובה\דני ממן\זה שיר שבח,D:\בעלי תשובה\קול אחי\השקיפה
128.0,160.0,32.0,0.8,1.0,1.0,0.36207277452891484,0.22423017210857654,0.1378426024203383,1.0,0.22423017210857654,0.7757698278914235,0.0,0.0,0.0,0.0,0.0,0.3563915979082392,0.4316875063590738,0.05796776608847547,0.0,0.0,0.0,0.3076923076923077,0.0,0.1612468177580526,0.0,1.0,1.0,2.0,algo_low_certainty_sampled,D:\בעלי תשובה\ברק כהן\יש תקווה,D:\בעלי תשובה\מים 1
128.0,128.0,0.0,1.0,0.0,0.0,0.3569665526970235,0.4028413437474495,0.04587479105042602,0.2755814301892734,0.2725157489002033,0.003065681289070088,0.0,0.0,0.0,0.0,0.0,0.728273987133995,0.46608176104143845,0.25200050375881583,0.0,0.0,0.0,0.1428571428571429,0.0,0.5033807595841909,0.0,0.55,1.0,2.0,algo_low_certainty_sampled,D:\בעלי תשובה\יהודה גלאנץ\פיונרו,D:\בעלי תשובה\מאיר בנאי\שמע קולי
128.0,160.0,32.0,0.8,0.0,0.0,0.23306579697939106,0.27238638174643265,0.03932058476704159,0.23306579697939106,0.0,0.23306579697939106,0.0,0.0,0.0,0.0,0.0,0.0,0.0,0.0,0.0,0.0,0.0,0.0,0.0,0.0,0.0,0.0,0.0,2.0,algo_no_comparison_result_sampled,D:\בעלי תשובה\אודי אולמן\אודי - 3,D:\בעלי תשובה\אהרון רזאל\אהרן רזאל - זמן הגאולה
128.0,128.0,0.0,1.0,0.0,0.0,1.0,0.2139713364504999,0.7860286635495001,0.0,0.21586764519215973,0.21586764519215973,0.0,0.0,0.0,0.0,0.0,0.5864457838116501,0.18855874764965674,0.0,0.0,0.0,0.0,0.23529411764705888,0.0,0.42553030958783183,0.0,0.0,0.0,2.0,algo_low_certainty_sampled,D:\בעלי תשובה\חיים דוד סרצ'יק\מצור דבש,D:\בעלי תשובה\אנסמבל שם-טוב לוי\תחנות רוח
128.0,128.0,0.0,1.0,0.0,0.0,0.40024241465807686,0.3569665526970235,0.043275861961053375,0.29184619831127967,0.2755814301892734,0.01626476812200628,0.0,0.0,0.0,0.0,0.0,0.6873260163616275,0.45874599580721326,0.2714792193411293,0.0,0.0,0.0,0.1428571428571429,0.0,0.4645160501932703,0.0,0.0,0.0,2.0,algo_low_certainty_sampled,D:\בעלי תשובה\אלטרנטיבי\להקת המדרגות-בפתח הדלת,D:\בעלי תשובה\יהודה גלאנץ\פיונרו
128.0,32.0,96.0,0.25,0.0,1.0,1.0,0.0,1.0,1.0,0.0,1.0,0.0,0.0,0.0,0.0,0.0,0.3825982780182372,0.125,0.009615384615384609,0.0,0.0,0.0,0.16666666666666663,0.0,0.0,0.0,0.0,0.0,2.0,algo_low_certainty_sampled,D:\בעלי תשובה\יחיא אזולאי,D:\בעלי תשובה\ארז משה דורון\000[074] שלום
32.0,32.0,0.0,1.0,1.0,1.0,0.0,0.0,0.0,0.0,0.0,0.0,0.0,0.0,0.0,0.0,0.0,0.8700591221732165,0.7142857142857143,0.33333333333333337,0.0,0.0,0.0,0.48484848484848486,0.0,0.7769553978859876,0.0,1.0,1.0,2.0,algo_low_certainty_sampled,D:\בעלי תשובה\ארז משה דורון\032 להמתיק את הדין,D:\בעלי תשובה\ארז משה דורון\001 תיקון הכללי
128.0,128.0,0.0,1.0,1.0,1.0,0.4395813988062998,0.3462975584756755,0.09328384033062431,0.4395813988062998,0.3462975584756755,0.09328384033062431,0.0,0.0,0.0,0.0,0.0,0.4526240797719985,0.4156707522476933,0.26920071485994407,0.0,0.0,0.0,0.36363636363636365,0.0,0.39780528507308327,0.0,1.0,1.0,2.0,algo_low_certainty_sampled,D:\בעלי תשובה\ישראל דגן\ראש השנה שלי,D:\בעלי תשובה\ישראל דגן\נפשי החזקה
32.0,128.0,96.0,0.25,0.0,1.0,0.0,1.0,1.0,0.0,1.0,1.0,0.0,0.0,0.0,0.0,0.0,0.1408299128941147,0.24210526315789474,0.07636363636363636,0.0,0.0,0.0,0.19354838709677424,0.0,0.2674724258647013,0.0,0.0,0.0,2.0,algo_low_certainty_sampled,D:\בעלי תשובה\ארז משה דורון\012 אסור להיות זקן,D:\בעלי תשובה\רונן  חזיזה\שמחה של מצווה
128.0,160.0,32.0,0.8,0.0,0.0,0.27700884219937516,0.27238638174643265,0.004622460452942512,0.27700884219937516,0.0,0.27700884219937516,0.0,0.0,0.0,0.0,0.0,0.0,0.0,0.0,0.0,0.0,0.0,0.0,0.0,0.0,0.0,0.0,0.0,2.0,algo_no_comparison_result_sampled,D:\בעלי תשובה\עדי רן\עדי רן והגיטרה - 1,D:\בעלי תשובה\אהרון רזאל\אהרן רזאל - זמן הגאולה
128.0,128.0,0.0,1.0,1.0,1.0,0.3462975584756755,0.2941560623287137,0.052141496146961785,0.3462975584756755,0.0,0.3462975584756755,0.0,0.0,0.0,0.0,0.0,0.46314672879374835,0.4196490394155929,0.0,0.0,0.0,0.0,0.19047619047619047,0.0,0.2387446736930913,0.0,0.0,0.0,2.0,algo_low_certainty_sampled,D:\בעלי תשובה\ישראל דגן\נפשי החזקה,D:\בעלי תשובה\עדי רן\אל תכה בסלע
128.0,128.0,0.0,1.0,0.0,0.0,1.0,0.29698772961930864,0.7030122703806914,1.0,1.0,0.0,0.0,0.0,0.0,0.0,0.0,0.6542545578831174,0.24971500036964933,0.39210526315789473,0.0,0.1290322580645161,0.0,0.4615384615384615,0.0,0.4194302675110717,0.0,1.0,1.0,2.0,algo_low_certainty_sampled,D:\בעלי תשובה\ברלינגר\משה לוי והלויים,D:\בעלי תשובה\אחישנה\לך ה' אלוקי
128.0,96.0,32.0,0.75,0.0,0.0,0.2844109435360347,0.7141580422083057,0.429747098672271,0.2844109435360347,0.26794241943258684,0.016468524103447846,1.0,0.0,0.0,0.0,0.0,0.0,0.0,0.0,0.0,0.0,0.0,0.0,0.0,0.0,0.0,0.0,0.0,2.0,algo_no_comparison_result_sampled,D:\בעלי תשובה\אודי דוידי\אודי דוידי - בן אהוב,D:\בעלי תשובה\אודי אולמן\אגודה אחת
32.0,32.0,0.0,1.0,1.0,1.0,0.0,0.0,0.0,0.0,0.0,0.0,0.0,0.0,0.0,0.0,0.0,0.6346514896124236,0.8571428571428573,0.6666666666666667,0.0,0.0,0.0,0.36363636363636365,0.0,0.438841307249641,0.0,1.0,1.0,2.0,algo_low_certainty_sampled,D:\בעלי תשובה\ארז משה דורון\009 סיפור אישי,D:\בעלי תשובה\ארז משה דורון\079 הגיע זמן הגאולה
32.0,32.0,0.0,1.0,1.0,1.0,0.0,0.0,0.0,0.0,0.0,0.0,0.0,0.0,0.0,0.0,0.0,0.8720026285575125,0.7142857142857143,0.33333333333333337,0.0,0.0,0.0,0.2222222222222222,0.0,0.8720018567888455,0.0,1.0,1.0,2.0,algo_low_certainty_sampled,D:\בעלי תשובה\ארז משה דורון\014 אין שום יאוש בעולם כלל,D:\בעלי תשובה\ארז משה דורון\000[023] מעלת השמחה
128.0,128.0,0.0,1.0,0.0,0.0,0.29698772961930864,1.0,0.7030122703806914,1.0,1.0,0.0,0.0,0.0,0.0,0.0,0.0,0.0,0.0,0.0,0.0,0.0,0.0,0.0,0.0,0.0,0.0,0.0,0.0,2.0,algo_no_comparison_result_sampled,D:\בעלי תשובה\אחישנה\לך ה' אלוקי,D:\בעלי תשובה\נפתלי גולד
128.0,128.0,0.0,1.0,0.0,0.0,0.7180435668882397,0.23094965439521678,0.4870939124930229,0.7180435668882397,0.23094965439521678,0.4870939124930229,0.0,0.0,0.0,0.0,0.0,0.7102544911471984,0.24440602496903763,0.12211672788424319,0.0,0.0,0.0,0.2857142857142857,0.0,0.5230063746480927,0.0,0.0,0.0,2.0,algo_low_certainty_sampled,D:\בעלי תשובה\מערבה מכאן,D:\בעלי תשובה\סיני\אספרה כבודך - סיני
160.0,320.0,160.0,0.5,0.0,0.0,0.25237744776806564,0.416959409862627,0.16458196209456133,0.25237744776806564,0.31644553061421565,0.06406808284615001,0.0,1.0,0.0,0.0,0.0,0.0,0.0,0.0,0.0,0.0,0.0,0.0,0.0,0.0,0.0,0.0,0.0,2.0,algo_no_comparison_result_sampled,D:\בעלי תשובה\עדי רן\עדי רן מה יש לכם לדאוג,D:\בעלי תשובה\עמיר בניון\עמיר בניון שירי ארץ אהבה\עמיר בניון - שירי ארץ-אהבה
64.0,128.0,64.0,0.5,0.0,0.0,0.24337572331410295,0.2859762415131112,0.04260051819900823,0.4669122431312358,1.0,0.5330877568687642,0.0,1.0,0.0,0.0,0.0,0.20791811760010764,0.415157308332503,0.06534080298786181,0.0,0.0,0.0,0.0,0.0,0.2600954052635824,0.0,1.0,1.0,2.0,algo_low_certainty_sampled,D:\בעלי תשובה\אודי טופלברג\מים,D:\בעלי תשובה\עדי רן\התבוננות
32.0,128.0,96.0,0.25,1.0,1.0,0.0,0.306539294039294,0.306539294039294,0.0,0.306539294039294,0.306539294039294,0.0,0.0,0.0,0.0,0.0,0.7304244489224683,0.42925942306747256,0.0,0.0,0.0,0.0,0.26086956521739135,0.0,0.0,0.0,0.0,0.0,2.0,algo_low_certainty_sampled,D:\בעלי תשובה\ארז משה דורון\000[074] שלום,D:\בעלי תשובה\בהרוז אהרוני\שירת השבים
192.0,195.78571428571428,3.7857142857142776,0.9806639912440716,1.0,1.0,1.0,0.2581071456170303,0.7418928543829697,0.0,1.0,1.0,0.0,0.0,0.0,0.0,0.0,0.6073568103411715,0.23388806395063347,0.0,0.0,0.0,0.0,0.3076923076923077,0.0,0.399199991266077,0.0,1.0,1.0,2.0,algo_low_certainty_sampled,D:\בעלי תשובה\סיני תור\סיני חדש,D:\בעלי תשובה\חיים דוד סרצ'יק\לפניך
128.0,128.0,0.0,1.0,0.0,0.0,0.6387530961627489,0.40024241465807686,0.23851068150467203,0.2787580723284634,0.29184619831127967,0.013088125982816279,0.0,0.0,0.0,0.0,0.0,0.0,0.0,0.0,0.0,0.0,0.0,0.0,0.0,0.0,0.0,0.0,0.0,2.0,algo_no_comparison_result_sampled,D:\בעלי תשובה\ישראל דגן\עדיין יש תקווה,D:\בעלי תשובה\אלטרנטיבי\להקת המדרגות-בפתח הדלת
320.0,128.0,192.0,0.4,1.0,1.0,0.31856504208855146,0.36207277452891484,0.04350773244036338,0.31856504208855146,1.0,0.6814349579114485,0.0,0.0,0.0,0.0,0.0,0.20902671675667817,0.4027587601667498,0.05467383923266276,0.0,0.0,0.0,0.21052631578947367,0.0,0.48264551956113044,0.0,1.0,1.0,2.0,algo_low_certainty_sampled,D:\בעלי תשובה\אהוד בר לוי,D:\בעלי תשובה\ברק כהן\יש תקווה
192.0,128.0,64.0,0.6666666666666666,0.3333333333333333,0.0,0.3602569865901291,0.2409177614286613,0.1193392251614678,0.20396713382961987,0.2393952727002871,0.03542813887066723,1.0,0.0,0.0,0.0,0.0,0.0,0.0,0.0,0.0,0.0,0.0,0.0,0.0,0.0,0.0,0.0,0.0,2.0,algo_no_comparison_result_sampled,D:\בעלי תשובה\שולי רנד\הופעה בקיסריה\שולי רנד - בקיסריה\דיסק 2,D:\בעלי תשובה\שולי רנד\שולי רנד קיסריה
128.0,128.0,0.0,1.0,1.0,1.0,1.0,1.0,0.0,0.0,1.0,1.0,0.0,0.0,0.0,0.0,0.0,0.6617980614080143,0.5,0.0,0.0,0.0,0.0,0.3157894736842105,0.0,0.45838935709342987,0.0,1.0,2.0,2.0,algo_low_certainty_sampled,D:\בעלי תשובה\גיל עקביוב,D:\בעלי תשובה\יצחק שדהו
128.0,128.0,0.0,1.0,0.0,0.0,0.2844109435360347,0.24746292294408634,0.03694802059194835,0.2844109435360347,0.24746292294408634,0.03694802059194835,1.0,0.0,0.0,0.0,0.0,0.0,0.0,0.0,0.0,0.0,0.0,0.0,0.0,0.0,0.0,0.0,0.0,2.0,algo_no_comparison_result_sampled,D:\בעלי תשובה\אודי דוידי\אודי דוידי - בן אהוב,D:\בעלי תשובה\עדי רן\עדי רן והגיטרה - 2
128.0,128.0,0.0,1.0,0.0,0.0,0.27700884219937516,0.25729658680382567,0.019712255395549494,0.27700884219937516,0.25645829152593796,0.020550550673437196,0.0,0.0,0.0,0.0,0.0,0.562616095864005,0.4274839051590145,0.23295806181524312,0.0,0.02727272727272728,0.0,0.24242424242424243,0.0,0.4154728453392938,0.0,0.0,0.0,2.0,algo_low_certainty_sampled,D:\בעלי תשובה\עדי רן\עדי רן והגיטרה - 1,D:\בעלי תשובה\צבי זלבסקי\פה ושם אני רוקד
32.0,32.0,0.0,1.0,1.0,1.0,0.0,0.0,0.0,0.0,0.0,0.0,0.0,0.0,0.0,0.0,0.0,0.6572934773576737,0.7,0.42857142857142855,0.0,0.0,0.0,0.4242424242424242,0.0,0.3486161718157327,0.0,1.0,1.0,2.0,algo_low_certainty_sampled,D:\בעלי תשובה\ארז משה דורון\034 אש רוח מים עפר,D:\בעלי תשובה\ארז משה דורון\032 תשובה מאהבה
128.0,166.4,38.400000000000006,0.7692307692307692,0.0,0.0,0.6606431894230039,0.2594066150567698,0.4012365743662341,0.8222222222222222,0.2594066150567698,0.5628156071654524,0.0,1.0,0.0,0.0,0.0,0.6405911775188615,0.369104502489161,0.09446238617726033,0.0,0.17305544129073538,0.0,0.3125,0.0,0.649930240168152,0.0,1.0,1.0,2.0,algo_low_certainty_sampled,D:\בעלי תשובה\המדרגות\המדרגות חדש,D:\בעלי תשובה\עדי רן\עדי רן - גלגל של הצלה
32.0,32.0,0.0,1.0,1.0,1.0,0.0,0.0,0.0,0.0,0.0,0.0,0.0,0.0,0.0,0.0,0.0,0.6627001813531809,0.6666666666666667,0.2857142857142857,0.0,0.0,0.0,0.303030303030303,0.0,0.43951977439764756,0.0,1.0,1.0,2.0,algo_low_certainty_sampled,D:\בעלי תשובה\ארז משה דורון\029 לראות טוב,D:\בעלי תשובה\ארז משה דורון\038 לשלוט על המלאכים
128.0,160.0,32.0,0.8,0.0,0.0,0.40024241465807686,0.22423017210857654,0.17601224254950032,0.29184619831127967,0.22423017210857654,0.06761602620270313,0.0,0.0,0.0,0.0,0.0,0.33574289833485793,0.40360934202225646,0.25736952962466314,0.0,0.0,0.0,0.14814814814814814,0.0,0.26134316480817904,0.0,0.0,0.0,2.0,algo_low_certainty_sampled,D:\בעלי תשובה\אלטרנטיבי\להקת המדרגות-בפתח הדלת,D:\בעלי תשובה\מים 1
128.0,128.0,0.0,1.0,0.0,0.0,0.40024241465807686,0.2499528889962427,0.15028952566183415,0.29184619831127967,0.2499528889962427,0.04189330931503696,0.0,0.0,0.0,0.0,0.0,0.7531240950616395,0.4291826375197858,0.32268875399671654,0.0,0.0,0.0,0.07999999999999996,0.0,0.6509141282927164,0.0,0.0,0.0,2.0,algo_low_certainty_sampled,D:\בעלי תשובה\אלטרנטיבי\להקת המדרגות-בפתח הדלת,D:\בעלי תשובה\דני
320.0,64.0,256.0,0.2,1.0,1.0,0.31856504208855146,0.24337572331410295,0.07518931877444851,0.31856504208855146,0.4669122431312358,0.14834720104268434,0.0,0.0,0.0,0.0,0.0,0.058778481610604616,0.4648747257513163,0.18494929864111448,0.0,0.0,0.0,0.1428571428571429,0.0,0.31387751923847534,0.0,1.0,1.0,2.0,algo_low_certainty_sampled,D:\בעלי תשובה\אהוד בר לוי,D:\בעלי תשובה\אודי טופלברג\מים
128.0,32.0,96.0,0.25,0.0,0.0,0.2981899040147123,0.0,0.2981899040147123,0.28165144247625074,0.0,0.28165144247625074,0.0,0.0,0.0,0.0,0.0,0.5676288955614884,0.35643463703959766,0.0,0.0,0.0,0.0,0.14814814814814814,0.0,0.11417529389507974,0.0,0.0,0.0,2.0,algo_low_certainty_sampled,D:\בעלי תשובה\הזמיר\נ נח,D:\בעלי תשובה\ארז משה דורון\069 כח המושח וכח המכריח
128.0,128.0,0.0,1.0,0.0,0.0,0.0,0.30704742811940955,0.30704742811940955,1.0,0.30704742811940955,0.6929525718805905,0.0,0.0,0.0,0.0,0.0,0.426148479713076,0.5338039614523663,0.08275736609069943,0.0,0.0,0.0,0.34782608695652173,0.0,0.24771947641391426,0.0,1.0,1.0,2.0,algo_low_certainty_sampled,D:\בעלי תשובה\רונן  חזיזה\ירמיהו גרוסקוט,D:\בעלי תשובה\דני ממן\נהר המטהר
96.0,128.0,32.0,0.75,0.0,0.0,0.24974139732911663,0.2889764430020933,0.03923504567297667,0.24974139732911663,0.2889764430020933,0.03923504567297667,0.0,0.0,0.0,0.0,0.0,0.7262142025950606,0.47765725940725956,0.23998506069094305,0.0,0.0,0.0,0.15384615384615385,0.0,0.4292665767572984,0.0,1.0,1.0,2.0,algo_low_certainty_sampled,D:\בעלי תשובה\קול אחי\השקיפה,D:\בעלי תשובה\דני גולן\דני גולן והחברים\לב טהור
32.0,32.0,0.0,1.0,1.0,1.0,0.0,0.0,0.0,0.0,0.0,0.0,0.0,0.0,0.0,0.0,0.0,0.8552191254822421,0.6666666666666667,0.2857142857142857,0.0,0.0,0.0,0.4117647058823529,0.0,0.7217286466784613,0.0,1.0,1.0,2.0,algo_low_certainty_sampled,D:\בעלי תשובה\ארז משה דורון\038 לשלוט על המלאכים,D:\בעלי תשובה\ארז משה דורון\025 שלוש אהבות
128.0,128.0,0.0,1.0,0.0,0.0,0.6202184291388099,1.0,0.37978157086119013,0.27770914861101964,1.0,0.7222908513889803,0.0,0.0,0.0,0.0,0.0,0.7127954992045965,0.16449315857210595,0.06182334607257208,0.0,0.0,0.0,0.1428571428571429,0.0,0.5348264330794953,0.0,0.55,1.0,2.0,algo_low_certainty_sampled,D:\בעלי תשובה\אחיה רובין\ונזכה,D:\בעלי תשובה\יצחק שדהו
128.0,128.0,0.0,1.0,1.0,1.0,0.4395813988062998,0.36207277452891484,0.07750862427738497,0.4395813988062998,1.0,0.5604186011937002,0.0,0.0,0.0,0.0,0.0,0.5363033503974098,0.3513579534811543,0.030991041366041368,0.0,0.0,0.0,0.30000000000000004,0.0,0.31676872744833157,0.0,1.0,1.0,2.0,algo_low_certainty_sampled,D:\בעלי תשובה\ישראל דגן\ראש השנה שלי,D:\בעלי תשובה\ברק כהן\יש תקווה
160.0,128.0,32.0,0.8,0.0,0.0,0.27238638174643265,0.8181818181818182,0.5457954364353856,0.0,0.0,0.0,0.0,0.0,0.0,0.0,0.0,0.6324962752266963,0.2407044066969236,0.0,0.0,0.015810276679841896,0.0,0.3076923076923077,0.0,0.7231963955605374,0.0,0.0,0.0,2.0,algo_low_certainty_sampled,D:\בעלי תשובה\אהרון רזאל\אהרן רזאל - זמן הגאולה,D:\בעלי תשובה\חיים דוד סרצ'יק\היום\1-זה כפול נא לסדר
123.42857142857143,64.0,59.42857142857143,0.5185185185185185,0.0,0.0,0.660156550265895,0.27853859442082746,0.3816179558450676,0.8433164511595885,0.2705358574406193,0.5727805937189692,0.0,0.0,0.0,0.0,0.0,0.15372259670689822,0.32043765175781264,0.1263679689924968,0.0,0.0,0.0,0.09999999999999998,0.0,0.0,0.0,1.0,1.0,2.0,algo_low_certainty_sampled,D:\בעלי תשובה\ישראל דגן\דגן- הופעה חיה,D:\בעלי תשובה\ישראל דגן\אשרינו
128.0,128.0,0.0,1.0,0.0,0.0,0.2889764430020933,0.6202184291388099,0.33124198613671657,0.2889764430020933,0.27770914861101964,0.011267294391073657,0.0,0.0,0.0,0.0,0.0,0.6138449672576707,0.41516085387053125,0.29223200428443397,0.0,0.0,0.0,0.16666666666666663,0.0,0.308568777237682,0.0,1.0,1.0,2.0,algo_low_certainty_sampled,D:\בעלי תשובה\דני גולן\דני גולן והחברים\לב טהור,D:\בעלי תשובה\אחיה רובין\ונזכה
320.0,128.0,192.0,0.4,1.0,1.0,0.31856504208855146,0.2499528889962427,0.06861215309230875,0.31856504208855146,0.2499528889962427,0.06861215309230875,0.0,0.0,0.0,0.0,0.0,0.2015666771233109,0.47845738051297426,0.27829837769287397,0.0,0.0,0.0,0.2857142857142857,0.0,0.6172013668990852,0.0,1.0,1.0,2.0,algo_low_certainty_sampled,D:\בעלי תשובה\אהוד בר לוי,D:\בעלי תשובה\דני
128.0,320.0,192.0,0.4,0.0,0.0,0.314852760634035,0.4255032201276181,0.1106504594935831,0.19920827968857835,0.4242520955212302,0.22504381583265187,0.0,0.0,0.0,0.0,0.0,0.0,0.0,0.0,0.0,0.0,0.0,0.0,0.0,0.0,0.0,0.0,0.0,2.0,algo_no_comparison_result_sampled,D:\בעלי תשובה\קן ברג'ס\קן ברג'ס-בנה מלכותו,D:\בעלי תשובה\יאיר כלב\עצם הנשמה 2
64.0,128.0,64.0,0.5,1.0,1.0,0.24337572331410295,0.25256305214732394,0.009187328833220987,0.4669122431312358,0.25256305214732394,0.21434919098391186,0.0,0.0,0.0,0.0,0.0,0.3886038766500804,0.46082470669427195,0.15384445963393328,0.0,0.0,0.0,0.17647058823529416,0.0,0.3637270438306054,0.0,1.0,1.0,2.0,algo_low_certainty_sampled,D:\בעלי תשובה\אודי טופלברג\מים,D:\בעלי תשובה\יערות דבש-יצחק אזולאי\יערות דבש השיר והשבחלחי העולמים
320.0,32.0,288.0,0.1,1.0,1.0,0.21379310344827585,0.0,0.21379310344827585,0.21379310344827585,0.0,0.21379310344827585,0.0,0.0,0.0,0.0,0.0,0.27174018470853845,0.3505026455026455,0.0,0.0,0.0,0.0,0.1333333333333333,0.0,0.0,0.0,0.0,0.0,2.0,algo_low_certainty_sampled,D:\בעלי תשובה\בנגי רפאל\משיח,D:\בעלי תשובה\ארז משה דורון\053 להשתנות
128.0,128.0,0.0,1.0,0.0,0.0,1.0,0.4249225978542701,0.5750774021457299,1.0,0.4249225978542701,0.5750774021457299,0.0,1.0,0.0,0.0,0.0,0.6358763757809942,0.27581332573899886,0.20116028965666646,0.0,0.0,0.0,0.30000000000000004,0.0,0.36707381896710706,0.0,1.0,1.0,2.0,algo_low_certainty_sampled,D:\בעלי תשובה\יצחק פוקס\(באנו ביחד (כדאי לבדוק אם חסר איזה שיר,D:\בעלי תשובה\ניצן חן רזאל מוצא מקום
128.0,128.0,0.0,1.0,0.0,0.0,0.27700884219937516,0.2280134555390086,0.04899538666036657,0.27700884219937516,0.25332720690615423,0.023681635293220926,0.0,0.0,0.0,0.0,0.0,0.5163695914487106,0.4301413563427836,0.1284123770965876,0.06341642228739003,0.07272727272727274,0.0,0.375,0.0,0.23563649953166657,0.0,0.0,0.0,2.0,algo_low_certainty_sampled,D:\בעלי תשובה\עדי רן\עדי רן והגיטרה - 1,D:\בעלי תשובה\למען שמו באהבה
128.0,128.0,0.0,1.0,0.0,0.0,0.2000802777784875,1.0,0.7999197222215125,0.0,1.0,1.0,0.0,1.0,0.0,0.0,0.0,0.0,0.0,0.0,0.0,0.0,0.0,0.0,0.0,0.0,0.0,0.0,0.0,2.0,algo_no_comparison_result_sampled,D:\בעלי תשובה\אודי אולמן\דברי שיר,D:\בעלי תשובה\יצחק מאיר\נשמות חדשות\חלק 2
128.0,320.0,192.0,0.4,0.0,0.0,0.4601311768377076,0.4637226853878569,0.0035915085501492805,0.4601311768377076,0.4626829626472544,0.0025517858095467916,0.0,0.0,0.0,0.0,0.0,0.076995698255119,0.40040710840808674,0.30747735214108224,0.0,0.0,0.0,0.125,0.0,0.27009403748961497,0.0,0.0,0.0,2.0,algo_low_certainty_sampled,D:\בעלי תשובה\יונתן,D:\בעלי תשובה\יאיר כלב\עצם הנשמה 3
320.0,128.0,192.0,0.4,0.0,0.0,0.2184054305612374,0.26316833264670075,0.04476290208546335,0.2184054305612374,0.26316833264670075,0.04476290208546335,1.0,0.0,0.0,0.0,0.0,0.0,0.0,0.0,0.0,0.0,0.0,0.0,0.0,0.0,0.0,0.0,0.0,2.0,algo_no_comparison_result_sampled,D:\בעלי תשובה\ישי ריבו\שטח אפור,D:\בעלי תשובה\ירמיהו\כנגן המנגן
128.0,128.0,0.0,1.0,0.0,0.0,0.21394797205483929,1.0,0.7860520279451607,0.32470163567732774,0.0,0.32470163567732774,0.0,0.0,0.0,0.0,0.0,0.15683601577860218,0.22900216959020891,0.0,0.0,0.0,0.0,0.10526315789473684,0.0,0.0,0.0,1.0,1.0,2.0,algo_low_certainty_sampled,D:\בעלי תשובה\ישראל דגן\תנו לי את לבכם,D:\בעלי תשובה\ישראל דגן\דגן חתונות\יוחנן
320.0,128.0,192.0,0.4,1.0,1.0,0.269820031736722,1.0,0.730179968263278,0.269820031736722,0.0,0.269820031736722,0.0,0.0,0.0,0.0,0.0,0.31026988839457303,0.20041588845936673,0.0,0.0,0.0,0.0,0.16666666666666663,0.0,0.35144705879429206,0.0,1.0,1.0,2.0,algo_low_certainty_sampled,D:\בעלי תשובה\חיים דוד סרצ'יק\היום,D:\בעלי תשובה\חיים דוד סרצ'יק\מצור דבש
128.0,64.0,64.0,0.5,1.0,1.0,0.3569665526970235,0.24337572331410295,0.11359082938292053,0.2755814301892734,0.4669122431312358,0.1913308129419624,0.0,0.0,0.0,0.0,0.0,0.3359002923129859,0.42968736714881484,0.13472999222999227,0.0,0.0,0.0,0.2222222222222222,0.0,0.4158679973386515,0.0,1.0,1.0,2.0,algo_low_certainty_sampled,D:\בעלי תשובה\יהודה גלאנץ\פיונרו,D:\בעלי תשובה\אודי טופלברג\מים
128.0,128.0,0.0,1.0,1.0,1.0,0.26167062689250503,0.7180435668882397,0.45637293999573464,0.26167062689250503,0.7180435668882397,0.45637293999573464,0.0,0.0,0.0,0.0,0.0,0.6574565109399537,0.2515755366362251,0.15523202809426687,0.0,0.0,0.0,0.15384615384615385,0.0,0.47268930299674444,0.0,1.0,1.0,2.0,algo_low_certainty_sampled,D:\בעלי תשובה\קול אחי\בני,D:\בעלי תשובה\מערבה מכאן
128.0,48.0,80.0,0.375,1.0,1.0,1.0,0.3657312505730815,0.6342687494269186,0.0,0.1783519691265463,0.1783519691265463,0.0,0.0,0.0,0.0,0.0,0.1554200503741499,0.21050293671845396,0.0,0.0,0.0,0.0,0.33333333333333337,0.0,0.5861354786941685,0.0,0.55,1.0,2.0,algo_low_certainty_sampled,D:\בעלי תשובה\חיים דוד סרצ'יק\למעו שמו,D:\בעלי תשובה\עמיר בניון\עמיר בניון - עומד בשער
48.0,128.0,80.0,0.375,0.0,0.0,0.3657312505730815,0.264503876615915,0.10122737395716647,0.1783519691265463,1.0,0.8216480308734537,0.0,0.0,0.0,0.0,0.0,0.16809337508158909,0.5851776287301871,0.03407331832254433,0.0,0.0,0.0,0.375,0.0,0.46252700191457824,0.0,1.0,2.0,2.0,algo_low_certainty_sampled,D:\בעלי תשובה\עמיר בניון\עמיר בניון - עומד בשער,D:\בעלי תשובה\אסף נגל\אדיר במרום
128.0,128.0,0.0,1.0,1.0,1.0,0.27622047176536346,1.0,0.7237795282346365,0.27622047176536346,1.0,0.7237795282346365,0.0,0.0,0.0,0.0,0.0,0.6876694524100561,0.22898780178322226,0.11261487050960736,0.0,0.0,0.0,0.3571428571428571,0.0,0.4345637304093705,0.0,1.0,1.0,2.0,algo_low_certainty_sampled,D:\בעלי תשובה\עקיבא מרגליות\לאורו נלך,D:\בעלי תשובה\אודי דוידי\אודי דוידי דבר אליו
128.0,320.0,192.0,0.4,0.0,0.0,0.4601311768377076,0.20824731826827425,0.25188385856943335,0.4601311768377076,1.0,0.5398688231622923,0.0,0.0,0.0,0.0,0.0,0.09551317749901574,0.3863301374677623,0.09971130706563153,0.0,0.0,0.0,0.17391304347826086,0.0,0.24322845369630916,0.0,1.0,1.0,2.0,algo_low_certainty_sampled,D:\בעלי תשובה\יונתן,D:\בעלי תשובה\שולי רנד\שולי רנד בקיסריה 1
157.0909090909091,128.0,29.090909090909093,0.8148148148148148,0.0,0.0,0.3433230563582517,0.2873753124937582,0.05594774386449353,0.2387152837785005,0.2873753124937582,0.04866002871525771,0.0,0.0,0.0,0.0,0.0,0.0,0.0,0.0,0.0,0.0,0.0,0.0,0.0,0.0,0.0,0.0,0.0,2.0,algo_no_comparison_result_sampled,D:\בעלי תשובה\מאיר בנאי\לך אלי,D:\בעלי תשובה\אברהם אבוטבול\בית הקדושה
128.0,320.0,192.0,0.4,0.0,0.0,1.0,1.0,0.0,0.260144522835359,1.0,0.7398554771646411,0.0,0.0,0.0,0.0,0.0,0.0,0.0,0.0,0.0,0.0,0.0,0.0,0.0,0.0,0.0,0.0,0.0,2.0,algo_no_comparison_result_sampled,D:\בעלי תשובה\חיים דוד סרצ'יק\הפורש,D:\בעלי תשובה\יצחק פוקס\יצחק פוקס בעת ההיא\בעת ההיא
128.0,128.0,0.0,1.0,1.0,1.0,1.0,0.36207277452891484,0.6379272254710852,1.0,1.0,0.0,0.0,0.0,0.0,0.0,0.0,0.6048116976063793,0.33609098228663453,0.39749999999999996,0.0,0.0,0.0,0.3529411764705882,0.0,0.2478058161177326,0.0,1.0,1.0,2.0,algo_low_certainty_sampled,D:\בעלי תשובה\יצחק שדהו,D:\בעלי תשובה\ברק כהן\יש תקווה
128.0,128.0,0.0,1.0,0.0,1.0,0.6606431894230039,0.2755814301892734,0.38506175923373054,0.8222222222222222,0.2755814301892734,0.5466407920329488,0.0,0.0,0.0,0.0,0.0,0.7113784156642116,0.39258424952392323,0.13605436507936508,0.0,0.0,0.0,0.0,0.0,0.55293551091385,0.0,1.0,1.0,2.0,algo_low_certainty_sampled,D:\בעלי תשובה\המדרגות\המדרגות חדש,D:\בעלי תשובה\יהודה גלאנץ\Phinar
128.0,192.0,64.0,0.6666666666666666,0.0,0.0,0.24746292294408634,0.260760428742324,0.013297505798237685,0.24746292294408634,0.260760428742324,0.013297505798237685,0.0,1.0,0.0,0.0,0.0,0.0,0.0,0.0,0.0,0.0,0.0,0.0,0.0,0.0,0.0,0.0,0.0,2.0,algo_no_comparison_result_sampled,D:\בעלי תשובה\עדי רן\עדי רן והגיטרה - 2,D:\בעלי תשובה\יצחק פוקס\ממעמקים יצחק פוקס
128.0,128.0,0.0,1.0,0.0,0.0,1.0,0.40582510542562483,0.5941748945743752,0.27844605035436915,0.2226164249693661,0.05582962538500305,0.0,0.0,0.0,0.0,0.0,0.0,0.0,0.0,0.0,0.0,0.0,0.0,0.0,0.0,0.0,0.0,0.0,2.0,algo_no_comparison_result_sampled,D:\בעלי תשובה\סנדי שמואלי\מחכים,D:\בעלי תשובה\יוסף (גלעד) קרדונר\סימנים בדרך - 01
32.0,32.0,0.0,1.0,1.0,1.0,0.0,0.0,0.0,0.0,0.0,0.0,0.0,0.0,0.0,0.0,0.0,0.6397403107231373,0.7142857142857143,0.08333333333333334,0.0,0.0,0.0,0.33333333333333337,0.0,0.5630295893183337,0.0,1.0,1.0,2.0,algo_low_certainty_sampled,D:\בעלי תשובה\ארז משה דורון\032 תשובה מאהבה,D:\בעלי תשובה\ארז משה דורון\028 חינוך ילדים
128.0,128.0,0.0,1.0,0.0,0.0,1.0,0.37977690175096385,0.6202230982490362,0.2601616418210846,0.23290542901652928,0.027256212804555313,0.0,0.0,0.0,0.0,0.0,0.0,0.0,0.0,0.0,0.0,0.0,0.0,0.0,0.0,0.0,0.0,0.0,2.0,algo_no_comparison_result_sampled,D:\בעלי תשובה\נקודה טובה,D:\בעלי תשובה\יוסף (גלעד) קרדונר\כל העולם - 02
320.0,32.0,288.0,0.1,0.0,0.0,0.22554713804713802,0.0,0.22554713804713802,0.22554713804713802,0.0,0.22554713804713802,1.0,0.0,0.0,0.0,0.0,0.194143305483821,0.37424242424242427,0.0,0.0,0.0,0.0,0.1351351351351351,0.0,0.0,0.0,0.0,0.0,2.0,algo_low_certainty_sampled,D:\בעלי תשובה\יצחק מאיר\סיום השס מפעלות הציונות הדתית עם יצחק מאיר UP FOR DOSSINET.ME\סיום השס מפעלות הציונות הדתית עם יצחק מאיר UP FOR DOSSINET.ME,D:\בעלי תשובה\ארז משה דורון\000[074] שלום
192.0,32.0,160.0,0.16666666666666666,0.0,0.0,0.7029066585588325,0.0,0.7029066585588325,0.28324915824915825,0.0,0.28324915824915825,0.0,0.0,0.0,0.0,0.0,0.3178556863609356,0.1744623886659354,0.0,0.0,0.0,0.0,0.18181818181818177,0.0,0.0,0.0,0.0,0.0,2.0,algo_low_certainty_sampled,D:\בעלי תשובה\אהוד בנאי\טיפ טיפה,D:\בעלי תשובה\ארז משה דורון\062 להוציא מהכוח אל הפועל
160.0,128.0,32.0,0.8,1.0,1.0,0.22423017210857654,0.4395813988062998,0.21535122669772327,0.22423017210857654,0.4395813988062998,0.21535122669772327,0.0,0.0,0.0,0.0,0.0,0.40839756102747177,0.37149324004587164,0.193292453367455,0.0,0.0,0.0,0.11764705882352944,0.0,0.2733539201245507,0.0,1.0,1.0,2.0,algo_low_certainty_sampled,D:\בעלי תשובה\מים 1,D:\בעלי תשובה\ישראל דגן\ראש השנה שלי
128.0,98.9090909090909,29.090909090909093,0.7727272727272727,1.0,1.0,0.6974116257476615,0.2270135150184752,0.47039811072918625,0.6974116257476615,0.2270135150184752,0.47039811072918625,0.0,0.0,0.0,0.0,0.0,0.6385399767595993,0.44440739030730625,0.28041936780411797,0.0,0.0,0.0,0.2666666666666667,0.0,0.560812092446871,0.0,1.0,1.0,2.0,algo_low_certainty_sampled,D:\בעלי תשובה\חיות  הקודש,D:\בעלי תשובה\יצחק פוקס\פוקס
96.0,128.0,32.0,0.75,0.0,0.0,0.22190442340597138,0.2499528889962427,0.028048465590271326,0.22190442340597138,0.2499528889962427,0.028048465590271326,0.0,0.0,0.0,0.0,0.0,0.5196099486096513,0.4351241150154193,0.22192792097545916,0.0,0.0,0.0,0.0,0.0,0.4318981100404066,0.0,1.0,1.0,2.0,algo_low_certainty_sampled,D:\בעלי תשובה\קול אחי\הללו,D:\בעלי תשובה\דני
96.0,160.0,64.0,0.6,0.0,0.0,0.29735679447955665,0.38524365674718647,0.08788686226762982,0.29735679447955665,0.38524365674718647,0.08788686226762982,0.0,0.0,0.0,0.0,0.0,0.7310099686546729,0.39253535511142,0.1974487857821191,0.0,0.0,0.0,0.2068965517241379,0.0,0.07519807548377996,0.0,0.0,0.0,2.0,algo_low_certainty_sampled,D:\בעלי תשובה\גד ליאור,D:\בעלי תשובה\אלטרנטיבי\להקת נפקא מינה-גשר צר
128.0,56.0,72.0,0.4375,0.0,0.0,0.29698772961930864,0.7537098401213115,0.45672211050200284,1.0,0.2459984041872587,0.7540015958127413,0.0,0.0,0.0,0.0,0.0,0.326193430682835,0.2711471872554047,0.04375405425328026,0.0,0.07407407407407407,0.0,0.23529411764705888,0.0,0.4786899468152176,0.0,1.0,1.0,2.0,algo_low_certainty_sampled,D:\בעלי תשובה\אחישנה\לך ה' אלוקי,D:\בעלי תשובה\סנדי שמואלי\עד מתי
128.0,320.0,192.0,0.4,1.0,1.0,0.2941560623287137,0.31856504208855146,0.024408979759837746,0.0,0.31856504208855146,0.31856504208855146,0.0,0.0,0.0,0.0,0.0,0.31659375161882475,0.5175780075780076,0.0,0.0,0.0,0.0,0.4545454545454546,0.0,0.23497181670896694,0.0,0.0,0.0,2.0,algo_low_certainty_sampled,D:\בעלי תשובה\עדי רן\אל תכה בסלע,D:\בעלי תשובה\אהוד בר לוי
128.0,128.0,0.0,1.0,0.0,0.0,0.22711722683296007,0.4261133624252772,0.19899613559231713,0.22711722683296007,0.4261133624252772,0.19899613559231713,0.0,0.0,0.0,0.0,0.0,0.0,0.0,0.0,0.0,0.0,0.0,0.0,0.0,0.0,0.0,0.0,0.0,2.0,algo_no_comparison_result_sampled,D:\בעלי תשובה\יניב\קומי אורי,D:\בעלי תשובה\יוסף (גלעד) קרדונר\בחירה - 03
128.0,120.0,8.0,0.9375,0.0,0.0,0.29365193145651797,0.22741860360456187,0.0662333278519561,1.0,0.2902449004652799,0.7097550995347202,0.0,0.0,0.0,0.0,0.0,0.7702897078053152,0.4350391154558284,0.0491824493736038,0.0,0.013888888888888895,0.0,0.24,0.0,0.6597188442146042,0.0,1.0,1.0,2.0,algo_low_certainty_sampled,D:\בעלי תשובה\ברלינגר\משה לוי - טוב\מים עמוקים-1,D:\בעלי תשובה\ישראל גריזולט
32.0,128.0,96.0,0.25,1.0,1.0,0.0,0.30459474003409925,0.30459474003409925,0.0,0.30459474003409925,0.30459474003409925,0.0,0.0,0.0,0.0,0.0,0.7267887031586714,0.36379494190020506,0.0,0.0,0.0,0.0,0.19999999999999996,0.0,0.0,0.0,0.0,0.0,2.0,algo_low_certainty_sampled,D:\בעלי תשובה\ארז משה דורון\002 בעל תפילה,D:\בעלי תשובה\אשר אלפסי\אתה הכל
128.0,128.0,0.0,1.0,0.0,0.0,0.6202184291388099,0.2859762415131112,0.3342421876256987,0.27770914861101964,1.0,0.7222908513889803,0.0,1.0,0.0,0.0,0.0,0.0,0.0,0.0,0.0,0.0,0.0,0.0,0.0,0.0,0.0,0.0,0.0,2.0,algo_no_comparison_result_sampled,D:\בעלי תשובה\אחיה רובין\ונזכה,D:\בעלי תשובה\עדי רן\התבוננות
160.0,128.0,32.0,0.8,0.0,0.0,0.2726881529823451,0.22718027545586006,0.04550787752648505,0.27311707713779837,0.22718027545586006,0.04593680168193831,0.0,1.0,0.0,0.0,0.0,0.37494410433608105,0.4634666855139659,0.2584109000194263,0.0,0.044444444444444446,0.0,0.19999999999999996,0.0,0.28023175090520375,0.0,1.0,1.0,2.0,algo_low_certainty_sampled,D:\בעלי תשובה\שמעונה,D:\בעלי תשובה\יונתן רזאל\יונתן רזאל - בין הצלילים
128.0,128.0,0.0,1.0,0.0,0.0,0.4028413437474495,0.2859762415131112,0.11686510223433833,0.2725157489002033,1.0,0.7274842510997968,0.0,1.0,0.0,0.0,0.0,0.0,0.0,0.0,0.0,0.0,0.0,0.0,0.0,0.0,0.0,0.0,0.0,2.0,algo_no_comparison_result_sampled,D:\בעלי תשובה\מאיר בנאי\שמע קולי,D:\בעלי תשובה\עדי רן\התבוננות
160.0,320.0,160.0,0.5,0.0,0.0,0.27238638174643265,0.2184054305612374,0.05398095118519525,0.27238638174643265,0.2184054305612374,0.05398095118519525,0.0,1.0,0.0,0.0,0.0,0.35187859841379193,0.4446441273618529,0.27741826442055273,0.0,0.0,0.0,0.33333333333333337,0.0,0.30617868725928693,0.0,0.0,0.0,2.0,algo_low_certainty_sampled,D:\בעלי תשובה\אהרון רזאל\זמן הגאולה,D:\בעלי תשובה\ישי ריבו\שטח אפור
96.0,128.0,32.0,0.75,0.0,0.0,0.24974139732911663,0.2727991566036579,0.023057759274541262,0.24974139732911663,0.27455635043139537,0.024814953102278742,0.0,0.0,0.0,0.0,0.0,0.7160174097438057,0.4531570881226054,0.21204863763687293,0.0,0.021052631578947368,0.0,0.0,0.0,0.6125012440714961,0.0,1.0,1.0,2.0,algo_low_certainty_sampled,D:\בעלי תשובה\קול אחי\השקיפה,D:\בעלי תשובה\ישעיה חסיד\אחד
128.0,320.0,192.0,0.4,0.0,0.0,0.4249225978542701,0.20824731826827425,0.21667527958599586,0.4249225978542701,1.0,0.5750774021457299,1.0,0.0,0.0,0.0,0.0,0.0,0.0,0.0,0.0,0.0,0.0,0.0,0.0,0.0,0.0,0.0,0.0,2.0,algo_no_comparison_result_sampled,D:\בעלי תשובה\ניצן חן רזאל מוצא מקום,D:\בעלי תשובה\שולי רנד\שולי רנד בקיסריה 1
64.0,128.0,64.0,0.5,1.0,1.0,0.24337572331410295,0.3462975584756755,0.10292183516157255,0.4669122431312358,0.3462975584756755,0.1206146846555603,0.0,0.0,0.0,0.0,0.0,0.23326443804526692,0.43448437435687504,0.19134259925334976,0.0,0.0,0.0,0.15384615384615385,0.0,0.2421475385020874,0.0,1.0,1.0,2.0,algo_low_certainty_sampled,D:\בעלי תשובה\אודי טופלברג\מים,D:\בעלי תשובה\ישראל דגן\נפשי החזקה
160.0,157.0909090909091,2.9090909090909065,0.9818181818181818,0.0,0.0,0.27238638174643265,0.3433230563582517,0.07093667461181907,0.0,0.2387152837785005,0.2387152837785005,0.0,0.0,0.0,0.0,0.0,0.0,0.0,0.0,0.0,0.0,0.0,0.0,0.0,0.0,0.0,0.0,0.0,2.0,algo_no_comparison_result_sampled,D:\בעלי תשובה\אהרון רזאל\אהרן רזאל - זמן הגאולה,D:\בעלי תשובה\מאיר בנאי\לך אלי
128.0,128.0,0.0,1.0,0.0,0.0,1.0,0.2000802777784875,0.7999197222215125,0.0,0.0,0.0,0.0,0.0,0.0,0.0,0.0,0.6376855791188718,0.19743940335946963,0.0,0.0,0.0,0.0,0.375,0.0,0.4060231004143562,0.0,0.0,0.0,2.0,algo_low_certainty_sampled,D:\בעלי תשובה\חיים דוד סרצ'יק\מצור דבש,D:\בעלי תשובה\אודי אולמן\דברי שיר
128.0,128.0,0.0,1.0,0.0,0.0,0.6387530961627489,0.25256305214732394,0.38619004401542495,0.2787580723284634,0.25256305214732394,0.02619502018113945,0.0,0.0,0.0,0.0,0.0,0.5054244844513783,0.33652168360095186,0.3025147002680991,0.0,0.0,0.0,0.3111111111111111,0.0,0.254242351187337,0.0,1.0,1.0,2.0,algo_low_certainty_sampled,D:\בעלי תשובה\ישראל דגן\עדיין יש תקווה,D:\בעלי תשובה\יערות דבש-יצחק אזולאי\יערות דבש השיר והשבחלחי העולמים
128.0,128.0,0.0,1.0,0.0,0.0,0.7599515654402101,0.29365193145651797,0.4662996339836922,0.9852941176470589,1.0,0.014705882352941124,0.0,0.0,0.0,0.0,0.0,0.11349503826116306,0.21733356252270244,0.05798311781609195,0.0,0.10464711807389153,0.0,0.21052631578947367,0.0,0.0,0.0,1.0,1.0,2.0,algo_low_certainty_sampled,D:\בעלי תשובה\ישראל דגן\מחרוזות,D:\בעלי תשובה\ברלינגר\משה לוי - טוב\מים עמוקים-1
128.0,128.0,0.0,1.0,0.0,0.0,0.2026569618223385,0.0,0.2026569618223385,0.2026569618223385,1.0,0.7973430381776615,0.0,0.0,0.0,0.0,0.0,0.4487189835368926,0.49768900212656675,0.006535947712418302,0.0,0.0,0.0,0.11111111111111116,0.0,0.25238970745748873,0.0,1.0,1.0,2.0,algo_low_certainty_sampled,D:\בעלי תשובה\להבה,D:\בעלי תשובה\רונן  חזיזה\ירמיהו גרוסקוט
128.0,128.0,0.0,1.0,0.0,1.0,0.36207277452891484,0.2727991566036579,0.08927361792525695,1.0,0.27455635043139537,0.7254436495686046,0.0,0.0,0.0,0.0,0.0,0.6718099472140425,0.4021193231719547,0.050361197110423125,0.0,0.0,0.0,0.0,0.0,0.4199517900317432,0.0,1.0,1.0,2.0,algo_low_certainty_sampled,D:\בעלי תשובה\ברק כהן\יש תקווה,D:\בעלי תשובה\ישעיה חסיד\אחד
160.0,128.0,32.0,0.8,0.0,0.0,0.2150137524440931,0.6606431894230039,0.44562943697891083,0.18847562874257065,0.8222222222222222,0.6337465934796516,0.0,0.0,0.0,0.0,0.0,0.30734800815052105,0.382800894928168,0.12192011732229124,0.0,0.1522350562396329,0.0,0.1333333333333333,0.0,0.1632860376703292,0.0,1.0,1.0,2.0,algo_low_certainty_sampled,D:\בעלי תשובה\ברק כהן\ברק כהן עם דובי גינז\עונג,D:\בעלי תשובה\המדרגות\המדרגות חדש
128.0,320.0,192.0,0.4,0.0,0.0,1.0,0.2184054305612374,0.7815945694387626,0.2601616418210846,0.2184054305612374,0.04175621125984719,0.0,1.0,0.0,0.0,0.0,0.0,0.0,0.0,0.0,0.0,0.0,0.0,0.0,0.0,0.0,0.0,0.0,2.0,algo_no_comparison_result_sampled,D:\בעלי תשובה\נקודה טובה,D:\בעלי תשובה\ישי ריבו\שטח אפור
128.0,160.0,32.0,0.8,0.0,0.0,1.0,0.2150137524440931,0.7849862475559068,0.0,0.18847562874257065,0.18847562874257065,0.0,0.0,0.0,0.0,0.0,0.32897138172943863,0.21734861820102092,0.0,0.0,0.0,0.0,0.33333333333333337,0.0,0.1908797530398872,0.0,0.55,1.0,2.0,algo_low_certainty_sampled,D:\בעלי תשובה\חיים דוד סרצ'יק\למעו שמו,D:\בעלי תשובה\ברק כהן\ברק כהן עם דובי גינז\עונג
32.0,192.0,160.0,0.16666666666666666,0.0,0.0,0.0,0.7029066585588325,0.7029066585588325,0.0,0.28324915824915825,0.28324915824915825,0.0,0.0,0.0,0.0,0.0,0.3813157833973664,0.1370779512884776,0.0,0.0,0.0,0.0,0.17391304347826086,0.0,0.0,0.0,0.0,0.0,2.0,algo_low_certainty_sampled,D:\בעלי תשובה\ארז משה דורון\032 תשובה מאהבה,D:\בעלי תשובה\אהוד בנאי\טיפ טיפה
32.0,32.0,0.0,1.0,1.0,1.0,0.0,0.0,0.0,0.0,0.0,0.0,0.0,0.0,0.0,0.0,0.0,0.46000900566169695,0.7692307692307692,0.39999999999999997,0.0,0.0,0.0,0.5294117647058824,0.0,0.0,0.0,1.0,1.0,2.0,algo_low_certainty_sampled,D:\בעלי תשובה\ארז משה דורון\021 טוב להודות לה,D:\בעלי תשובה\ארז משה דורון\007 המסיבה הגדולה
128.0,320.0,192.0,0.4,0.0,0.0,0.4063265208397102,0.4637226853878569,0.057396164548146666,0.25247161105728266,0.4626829626472544,0.21021135158997173,0.0,0.0,0.0,0.0,0.0,0.1376334455974785,0.4707721555646082,0.23378496999973009,0.0,0.0,0.0,0.25,0.0,0.3880951940201065,0.0,1.0,1.0,2.0,algo_low_certainty_sampled,D:\בעלי תשובה\ישראל זינגר\ריקוד המלאכים,D:\בעלי תשובה\יאיר כלב\עצם הנשמה 3
32.0,32.0,0.0,1.0,1.0,1.0,0.0,0.0,0.0,0.0,0.0,0.0,0.0,0.0,0.0,0.0,0.0,0.7515805026761126,0.6666666666666667,0.2857142857142857,0.0,0.0,0.0,0.303030303030303,0.0,0.6274893520271504,0.0,1.0,1.0,2.0,algo_low_certainty_sampled,D:\בעלי תשובה\ארז משה דורון\025 שלוש אהבות,D:\בעלי תשובה\ארז משה דורון\079 הגיע זמן הגאולה
32.0,128.0,96.0,0.25,0.0,0.0,0.0,0.6499881692003374,0.6499881692003374,0.0,0.6499881692003374,0.6499881692003374,0.0,0.0,0.0,0.0,0.0,0.35884511083145787,0.3021799372902314,0.09240400404193508,0.0,0.0,0.0,0.26086956521739135,0.0,0.0,0.0,0.0,0.0,2.0,algo_low_certainty_sampled,D:\בעלי תשובה\ארז משה דורון\037 ליל הסדר,D:\בעלי תשובה\ישראל דגן\לכבוד רשב'י
128.0,128.0,0.0,1.0,0.0,0.0,0.39919417184261435,0.41880170358742175,0.019607531744807394,0.25183269050770285,0.41880170358742175,0.1669690130797189,0.0,0.0,0.0,0.0,0.0,0.5182035039717277,0.3985241617487746,0.24473273639940304,0.0,0.0,0.0,0.21052631578947367,0.0,0.27949555675447585,0.0,1.0,1.0,2.0,algo_low_certainty_sampled,D:\בעלי תשובה\מיקי רוזנבאום\פסיפס-2,D:\בעלי תשובה\ישראל דגן\סמכו על כוחי
96.0,160.0,64.0,0.6,0.0,0.0,0.22190442340597138,0.22423017210857654,0.002325748702605157,0.22190442340597138,0.22423017210857654,0.002325748702605157,0.0,0.0,0.0,0.0,0.0,0.17720633727363494,0.4089313232624428,0.18929892571196916,0.0,0.0,0.0,0.0,0.0,0.23509225502400932,0.0,1.0,1.0,2.0,algo_low_certainty_sampled,D:\בעלי תשובה\קול אחי\הללו,D:\בעלי תשובה\מים 1
128.0,32.0,96.0,0.25,1.0,1.0,0.4407025534851622,0.0,0.4407025534851622,0.4407025534851622,0.0,0.4407025534851622,0.0,0.0,0.0,0.0,0.0,0.26798586597171925,0.4050517598343685,0.1209653092006033,0.0,0.0,0.0,0.08695652173913049,0.0,0.3338325204602738,0.0,0.0,0.0,2.0,algo_low_certainty_sampled,D:\בעלי תשובה\ישראל דגן\מחול צדיקים,D:\בעלי תשובה\ארז משה דורון\000[066] כסף
320.0,128.0,192.0,0.4,1.0,1.0,0.269820031736722,0.6974116257476615,0.4275915940109395,0.269820031736722,0.6974116257476615,0.4275915940109395,0.0,0.0,0.0,0.0,0.0,0.15363764775999755,0.4476799160934867,0.27470834830518626,0.0,0.0,0.0,0.2666666666666667,0.0,0.35094796746985013,0.0,1.0,1.0,2.0,algo_low_certainty_sampled,D:\בעלי תשובה\חיים דוד סרצ'יק\היום,D:\בעלי תשובה\חיות  הקודש
128.0,128.0,0.0,1.0,0.0,1.0,1.0,0.7874080873534178,0.21259191264658217,1.0,0.7874080873534178,0.21259191264658217,0.0,0.0,0.0,0.0,0.0,0.763777271900532,0.18253156337998694,0.1104509675816976,0.0,0.0,0.0,0.23076923076923073,0.0,0.6205484816094177,0.0,1.0,1.0,2.0,algo_low_certainty_sampled,D:\בעלי תשובה\אודי דוידי\אודי דוידי דבר אליו,D:\בעלי תשובה\המדרגות
128.0,160.0,32.0,0.8,1.0,1.0,0.24951725891354376,0.22423017210857654,0.025287086804967218,0.24951725891354376,0.22423017210857654,0.025287086804967218,0.0,0.0,0.0,0.0,0.0,0.5753229068655165,0.45508925523918026,0.22605331510594665,0.0,0.0,0.0,0.2666666666666667,0.0,0.6694648109871553,0.0,1.0,1.0,2.0,algo_low_certainty_sampled,D:\בעלי תשובה\דני ממן\זה שיר שבח,D:\בעלי תשובה\מים 1
128.0,128.0,0.0,1.0,1.0,1.0,0.4395813988062998,0.2755814301892734,0.16399996861702643,0.4395813988062998,0.2755814301892734,0.16399996861702643,0.0,0.0,0.0,0.0,0.0,0.5837850217182561,0.40388073016839154,0.23079926647418905,0.0,0.0,0.0,0.0,0.0,0.41416153853123144,0.0,1.0,1.0,2.0,algo_low_certainty_sampled,D:\בעלי תשובה\ישראל דגן\ראש השנה שלי,D:\בעלי תשובה\יהודה גלאנץ\Phinar
192.0,320.0,128.0,0.6,0.0,0.0,0.3067488807297329,0.21162859691843153,0.09512028381130136,0.3067488807297329,1.0,0.6932511192702671,1.0,0.0,0.0,0.0,0.0,0.0,0.0,0.0,0.0,0.0,0.0,0.0,0.0,0.0,0.0,0.0,0.0,2.0,algo_no_comparison_result_sampled,D:\בעלי תשובה\אהרון רזאל\אהרן רזאל - קבעתי את מושבי\אהרן רזאל - קבעתי את מושבי,D:\בעלי תשובה\שולי רנד\שולי רנד בקיסריה 2
128.0,128.0,0.0,1.0,0.0,0.0,0.2941560623287137,0.6847330038265858,0.39057694149787203,0.0,0.22257521613042763,0.22257521613042763,0.0,0.0,0.0,0.0,0.0,0.5655901691335911,0.40113237639553423,0.0,0.0,0.0,0.0,0.33333333333333337,0.0,0.32885471305359715,0.0,0.0,0.0,2.0,algo_low_certainty_sampled,D:\בעלי תשובה\עדי רן\אל תכה בסלע,D:\בעלי תשובה\אורן ארנון\עלי באר
166.4,128.0,38.400000000000006,0.7692307692307692,0.0,0.0,0.2594066150567698,1.0,0.7405933849432302,0.2594066150567698,0.27844605035436915,0.019039435297599328,1.0,0.0,0.0,0.0,0.0,0.0,0.0,0.0,0.0,0.0,0.0,0.0,0.0,0.0,0.0,0.0,0.0,2.0,algo_no_comparison_result_sampled,D:\בעלי תשובה\עדי רן\עדי רן - גלגל של הצלה,D:\בעלי תשובה\סנדי שמואלי\מחכים
192.0,128.0,64.0,0.6666666666666666,0.0,0.0,0.3602569865901291,0.27622047176536346,0.08403651482476565,0.20396713382961987,0.27622047176536346,0.0722533379357436,1.0,0.0,0.0,0.0,0.0,0.3089762001171207,0.4426289303917001,0.26713788603740757,0.0,0.0,0.0,0.1333333333333333,0.0,0.304653749869264,0.0,0.0,0.0,2.0,algo_low_certainty_sampled,D:\בעלי תשובה\שולי רנד\הופעה בקיסריה\שולי רנד - בקיסריה\דיסק 2,D:\בעלי תשובה\עקיבא מרגליות\לאורו נלך
128.0,128.0,0.0,1.0,1.0,0.0,1.0,0.4395813988062998,0.5604186011937002,0.27844605035436915,0.4395813988062998,0.16113534845193067,0.0,0.0,0.0,0.0,0.0,0.5679832776617838,0.1668810592487179,0.23668450058516002,0.0,0.0,0.0,0.11764705882352944,0.0,0.3838388645360903,0.0,1.0,1.0,2.0,algo_low_certainty_sampled,D:\בעלי תשובה\סנדי שמואלי\מחכים,D:\בעלי תשובה\ישראל דגן\ראש השנה שלי
128.0,32.0,96.0,0.25,0.0,0.0,0.2981899040147123,0.0,0.2981899040147123,0.28165144247625074,0.0,0.28165144247625074,0.0,0.0,0.0,0.0,0.0,0.4455125681889456,0.3786792727969199,0.0,0.0,0.0,0.0,0.09523809523809523,0.0,0.0,0.0,0.0,0.0,2.0,algo_low_certainty_sampled,D:\בעלי תשובה\הזמיר\נ נח,D:\בעלי תשובה\ארז משה דורון\017 מדטציה יהודית
128.0,128.0,0.0,1.0,0.0,0.0,0.4063265208397102,0.24746292294408634,0.15886359789562388,0.25247161105728266,0.24746292294408634,0.0050086881131963246,0.0,0.0,0.0,0.0,0.0,0.7634508965175081,0.5632064974159646,0.2611223036223036,0.0,0.0,0.0,0.25806451612903225,0.0,0.6672880975900054,0.0,1.0,1.0,2.0,algo_low_certainty_sampled,D:\בעלי תשובה\ישראל זינגר\ריקוד המלאכים,D:\בעלי תשובה\עדי רן\עדי רן והגיטרה - 2
128.0,128.0,0.0,1.0,0.0,0.0,0.26167062689250503,0.21394797205483929,0.047722654837665746,0.26167062689250503,0.32470163567732774,0.0630310087848227,0.0,0.0,0.0,0.0,0.0,0.46110250338978415,0.44278950596161215,0.27054498956055917,0.0,0.0,0.0,0.23529411764705888,0.0,0.25843273799611755,0.0,1.0,1.0,2.0,algo_low_certainty_sampled,D:\בעלי תשובה\קול אחי\בני,D:\בעלי תשובה\ישראל דגן\תנו לי את לבכם
128.0,96.0,32.0,0.75,0.0,1.0,1.0,0.29735679447955665,0.7026432055204433,0.0,0.29735679447955665,0.29735679447955665,0.0,0.0,0.0,0.0,0.0,0.3031956990531131,0.1949623927446508,0.0,0.0,0.0,0.0,0.3076923076923077,0.0,0.0842793408633759,0.0,1.0,1.0,2.0,algo_low_certainty_sampled,D:\בעלי תשובה\ישראל דגן\דגן חתונות\יוחנן,D:\בעלי תשובה\גד ליאור
128.0,128.0,0.0,1.0,1.0,1.0,0.4063265208397102,0.4601311768377076,0.053804655997997386,0.25247161105728266,0.4601311768377076,0.20765956578042494,0.0,0.0,0.0,0.0,0.0,0.543927928248942,0.3866501452299722,0.22051960224057152,0.0,0.0,0.0,0.2222222222222222,0.0,0.2249492343278384,0.0,1.0,1.0,2.0,algo_low_certainty_sampled,D:\בעלי תשובה\ישראל זינגר\ריקוד המלאכים,D:\בעלי תשובה\יונתן
128.0,320.0,192.0,0.4,0.0,0.0,0.40024241465807686,0.31856504208855146,0.0816773725695254,0.29184619831127967,0.31856504208855146,0.026718843777271795,0.0,0.0,0.0,0.0,0.0,0.19239567969557497,0.4189632918893005,0.2857104390352472,0.0,0.0,0.0,0.303030303030303,0.0,0.5614882446683255,0.0,0.0,0.0,2.0,algo_low_certainty_sampled,D:\בעלי תשובה\אלטרנטיבי\להקת המדרגות-בפתח הדלת,D:\בעלי תשובה\אהוד בר לוי
157.0909090909091,128.0,29.090909090909093,0.8148148148148148,0.0,0.0,0.3433230563582517,1.0,0.6566769436417483,0.2387152837785005,0.0,0.2387152837785005,0.0,0.0,0.0,0.0,0.0,0.8059186639172086,0.10293808924128613,0.0,0.0,0.0,0.0,0.1428571428571429,0.0,0.6211897242311117,0.0,1.0,1.0,2.0,algo_low_certainty_sampled,D:\בעלי תשובה\מאיר בנאי\לך אלי,D:\בעלי תשובה\חיים דוד סרצ'יק\מצור דבש
128.0,128.0,0.0,1.0,0.0,0.0,0.6981405755041324,0.2918023180740775,0.4063382574300549,0.28284348986098745,0.28317402612751363,0.0003305362665261824,0.0,0.0,0.0,0.0,0.0,0.5944901887003083,0.25814242708039126,0.07135986922776222,0.0,0.2222222222222223,0.0,0.24390243902439024,0.0,0.3210544508007367,0.0,1.0,1.0,2.0,algo_low_certainty_sampled,D:\בעלי תשובה\עמיר בניון\עמיר בניון - עץ על מים האלבום,D:\בעלי תשובה\ק'ן ברג'ס\לא לבד במדבר
32.0,32.0,0.0,1.0,1.0,1.0,0.0,0.0,0.0,0.0,0.0,0.0,0.0,0.0,0.0,0.0,0.0,0.5150775404032476,0.6666666666666667,0.2857142857142857,0.0,0.0,0.0,0.14814814814814814,0.0,0.0,0.0,1.0,1.0,2.0,algo_low_certainty_sampled,D:\בעלי תשובה\ארז משה דורון\000[066] כסף,D:\בעלי תשובה\ארז משה דורון\013 צא אל השדות
32.0,32.0,0.0,1.0,1.0,1.0,0.0,0.0,0.0,0.0,0.0,0.0,0.0,0.0,0.0,0.0,0.0,0.5734673583963474,0.6666666666666667,0.2857142857142857,0.0,0.0,0.0,0.3870967741935484,0.0,0.34555271730599085,0.0,1.0,1.0,2.0,algo_low_certainty_sampled,D:\בעלי תשובה\ארז משה דורון\012 אסור להיות זקן,D:\בעלי תשובה\ארז משה דורון\093 ישוב הדעת
128.0,128.0,0.0,1.0,0.0,0.0,0.306539294039294,0.6499881692003374,0.34344887516104344,0.306539294039294,0.6499881692003374,0.34344887516104344,0.0,0.0,0.0,0.0,0.0,0.3357751774344704,0.3613757243788204,0.1877998345740281,0.0,0.0,0.0,0.38095238095238093,0.0,0.20680854941454066,0.0,1.0,1.0,2.0,algo_low_certainty_sampled,D:\בעלי תשובה\בהרוז אהרוני\שירת השבים,D:\בעלי תשובה\ישראל דגן\לכבוד רשב'י
128.0,96.0,32.0,0.75,1.0,1.0,0.26167062689250503,0.29735679447955665,0.03568616758705162,0.26167062689250503,0.29735679447955665,0.03568616758705162,0.0,0.0,0.0,0.0,0.0,0.6032176215778604,0.44635238686962825,0.24827710603572672,0.0,0.0,0.0,0.18181818181818177,0.0,0.24542563350191196,0.0,1.0,1.0,2.0,algo_low_certainty_sampled,D:\בעלי תשובה\קול אחי\בני,D:\בעלי תשובה\גד ליאור
166.4,128.0,38.400000000000006,0.7692307692307692,0.0,0.0,0.2594066150567698,0.4395813988062998,0.18017478374953,0.2594066150567698,0.4395813988062998,0.18017478374953,1.0,0.0,0.0,0.0,0.0,0.6262352977246349,0.35078637980756083,0.14970445532151522,0.0,0.0,0.0,0.303030303030303,0.0,0.35627061696039436,0.0,1.0,1.0,2.0,algo_low_certainty_sampled,D:\בעלי תשובה\עדי רן\עדי רן - גלגל של הצלה,D:\בעלי תשובה\ישראל דגן\ראש השנה שלי
160.0,128.0,32.0,0.8,0.0,1.0,0.27238638174643265,0.8181818181818182,0.5457954364353856,0.27238638174643265,0.0,0.27238638174643265,0.0,0.0,0.0,0.0,0.0,0.6323753516069704,0.2407044066969236,0.030303030303030307,0.0,0.0,0.0,0.2962962962962963,0.0,0.7231963955605374,0.0,1.0,1.0,2.0,algo_low_certainty_sampled,D:\בעלי תשובה\אהרון רזאל\זמן הגאולה,D:\בעלי תשובה\חיים דוד סרצ'יק\היום\1-זה כפול נא לסדר
128.0,128.0,0.0,1.0,0.0,1.0,0.26167062689250503,0.6474081690747675,0.38573754218226247,0.26167062689250503,0.6474081690747675,0.38573754218226247,0.0,0.0,0.0,0.0,0.0,0.49807755356038474,0.44617764559715023,0.29135578824857755,0.0,0.0,0.0,0.125,0.0,0.16819511484819183,0.0,1.0,1.0,2.0,algo_low_certainty_sampled,D:\בעלי תשובה\קול אחי\בני,D:\בעלי תשובה\ברלינגר\משה לוי - טוב
128.0,128.0,0.0,1.0,0.0,0.0,0.2941560623287137,0.264503876615915,0.029652185712798707,0.0,1.0,1.0,0.0,0.0,0.0,0.0,0.0,0.678687395520515,0.46263091247106597,0.0,0.0,0.0,0.0,0.2857142857142857,0.0,0.5082414512692787,0.0,0.0,0.0,2.0,algo_low_certainty_sampled,D:\בעלי תשובה\עדי רן\אל תכה בסלע,D:\בעלי תשובה\אסף נגל\אדיר במרום
128.0,128.0,0.0,1.0,0.0,0.0,0.2330104184381377,0.2000802777784875,0.03293014065965019,0.18359844124657437,0.0,0.18359844124657437,0.0,0.0,0.0,0.0,0.0,0.40295183093694936,0.5106840859411318,0.0,0.0,0.028708133971291863,0.0,0.3157894736842105,0.0,0.05968552166521748,0.0,0.0,0.0,2.0,algo_low_certainty_sampled,D:\בעלי תשובה\יוסף קרדונר\סימנים בדרך,D:\בעלי תשובה\אודי אולמן\דברי שיר
320.0,192.0,128.0,0.6,0.0,0.0,0.4637226853878569,0.260760428742324,0.20296225664553286,0.4626829626472544,0.260760428742324,0.20192253390493037,0.0,1.0,0.0,0.0,0.0,0.0,0.0,0.0,0.0,0.0,0.0,0.0,0.0,0.0,0.0,0.0,0.0,2.0,algo_no_comparison_result_sampled,D:\בעלי תשובה\יאיר כלב\עצם הנשמה 3,D:\בעלי תשובה\יצחק פוקס\ממעמקים יצחק פוקס
32.0,32.0,0.0,1.0,1.0,1.0,0.0,0.0,0.0,0.0,0.0,0.0,0.0,0.0,0.0,0.0,0.0,0.9245499880414192,0.5333333333333333,0.2857142857142857,0.0,0.0,0.0,0.32432432432432434,0.0,0.924549653328072,0.0,1.0,1.0,2.0,algo_low_certainty_sampled,D:\בעלי תשובה\ארז משה דורון\032 תשובה מאהבה,D:\בעלי תשובה\ארז משה דורון\065 שכל פנמי ושכל מקיף
32.0,32.0,0.0,1.0,1.0,1.0,0.0,0.0,0.0,0.0,0.0,0.0,0.0,0.0,0.0,0.0,0.0,0.7948721070128748,0.7692307692307692,0.4,0.0,0.0,0.0,0.3448275862068966,0.0,0.5248929928406377,0.0,1.0,1.0,2.0,algo_low_certainty_sampled,D:\בעלי תשובה\ארז משה דורון\001 תיקון הכללי,D:\בעלי תשובה\ארז משה דורון\025 שלוש אהבות
166.4,128.0,38.400000000000006,0.7692307692307692,0.0,0.0,0.2594066150567698,1.0,0.7405933849432302,0.2594066150567698,0.0,0.2594066150567698,1.0,0.0,0.0,0.0,0.0,0.6048575312303399,0.18391464163578106,0.0,0.0,0.0,0.0,0.19354838709677424,0.0,0.6281790545741441,0.0,1.0,1.0,2.0,algo_low_certainty_sampled,D:\בעלי תשובה\עדי רן\עדי רן - גלגל של הצלה,D:\בעלי תשובה\גיל עקביוב
128.0,128.0,0.0,1.0,0.0,0.0,0.29698772961930864,0.36207277452891484,0.0650850449096062,1.0,1.0,0.0,0.0,0.0,0.0,0.0,0.0,0.8021145428139491,0.3734918881637458,0.40374999999999994,0.0,0.0,0.0,0.21052631578947367,0.0,0.7610394787401012,0.0,1.0,1.0,2.0,algo_low_certainty_sampled,D:\בעלי תשובה\אחישנה\לך ה' אלוקי,D:\בעלי תשובה\ברק כהן\יש תקווה
32.0,128.0,96.0,0.25,0.0,1.0,0.14285714285714285,0.7599515654402101,0.6170944225830672,0.0,0.9852941176470589,0.9852941176470589,0.0,0.0,0.0,0.0,0.0,0.06663932969163926,0.1433429575551367,0.03896930095567639,0.0,0.0,0.0,0.19047619047619047,0.0,0.3098148893305684,0.0,0.0,0.0,2.0,algo_low_certainty_sampled,D:\בעלי תשובה\ארז משה דורון\043 לצאת לחופש,D:\בעלי תשובה\ישראל דגן\מחרוזות
128.0,128.0,0.0,1.0,0.0,0.0,0.22718027545586006,0.2844109435360347,0.05723066808017463,0.22718027545586006,0.2844109435360347,0.05723066808017463,1.0,1.0,1.0,0.0,0.0,0.0,0.0,0.0,0.0,0.0,0.0,0.0,0.0,0.0,0.0,0.0,0.0,2.0,algo_no_comparison_result_sampled,D:\בעלי תשובה\יונתן רזאל\יונתן רזאל - בין הצלילים,D:\בעלי תשובה\אודי דוידי\אודי דוידי - בן אהוב
153.6,32.0,121.6,0.20833333333333334,1.0,1.0,0.7400588508887702,0.0,0.7400588508887702,0.7400588508887702,0.0,0.7400588508887702,0.0,0.0,0.0,0.0,0.0,0.537637347912847,0.15986004642831153,0.01049950957592692,0.0,0.0,0.0,0.09999999999999998,0.0,0.0,0.0,0.0,0.0,2.0,algo_low_certainty_sampled,D:\בעלי תשובה\אבולוף,D:\בעלי תשובה\ארז משה דורון\009 סיפור אישי
128.0,320.0,192.0,0.4,0.0,0.0,0.3409729108296054,0.4255032201276181,0.0845303092980127,0.3409729108296054,0.4242520955212302,0.08327918469162482,0.0,0.0,0.0,0.0,0.0,0.353000988023305,0.3389439832818777,0.09082935273570726,0.0,0.08286241423893247,0.0,0.3157894736842105,0.0,0.2959222819663872,0.0,0.0,0.0,2.0,algo_low_certainty_sampled,D:\בעלי תשובה\ישראל דגן\דגן חתונות\משה אונו,D:\בעלי תשובה\יאיר כלב\עצם הנשמה 2
128.0,128.0,0.0,1.0,0.0,0.0,0.3462975584756755,0.6202184291388099,0.27392087066313436,0.3462975584756755,0.27770914861101964,0.06858840986465586,0.0,0.0,0.0,0.0,0.0,0.6200955017253362,0.514122022285972,0.2569983559113994,0.0,0.0,0.0,0.4,0.0,0.49556870197283176,0.0,1.0,1.0,2.0,algo_low_certainty_sampled,D:\בעלי תשובה\ישראל דגן\נפשי החזקה,D:\בעלי תשובה\אחיה רובין\ונזכה
128.0,128.0,0.0,1.0,0.0,0.0,0.2809753868055855,0.26316833264670075,0.017807054158884728,0.2555969699945765,0.26316833264670075,0.007571362652124269,0.0,0.0,0.0,0.0,0.0,0.6581468205033482,0.4674583487385215,0.26402080055881494,0.0,0.03305785123966942,0.0,0.1333333333333333,0.0,0.5887269820954371,0.0,1.0,1.0,2.0,algo_low_certainty_sampled,D:\בעלי תשובה\יוסף קרדונר\בחירה,D:\בעלי תשובה\ירמיהו\כנגן המנגן
320.0,32.0,288.0,0.1,1.0,1.0,0.21379310344827585,0.0,0.21379310344827585,0.21379310344827585,0.0,0.21379310344827585,0.0,0.0,0.0,0.0,0.0,0.1469627681695645,0.3505026455026455,0.0,0.0,0.0,0.0,0.09523809523809523,0.0,0.0,0.0,0.0,0.0,2.0,algo_low_certainty_sampled,D:\בעלי תשובה\בנגי רפאל\משיח,D:\בעלי תשובה\ארז משה דורון\011 אחד היה אברהם
128.0,128.0,0.0,1.0,1.0,1.0,0.36207277452891484,0.2941560623287137,0.06791671220020112,1.0,0.0,1.0,0.0,0.0,0.0,0.0,0.0,0.6948522174011793,0.38668631665989844,0.0,0.0,0.0,0.0,0.3157894736842105,0.0,0.5583544641613207,0.0,0.0,0.0,2.0,algo_low_certainty_sampled,D:\בעלי תשובה\ברק כהן\יש תקווה,D:\בעלי תשובה\עדי רן\אל תכה בסלע
32.0,32.0,0.0,1.0,1.0,1.0,0.0,0.0,0.0,0.0,1.0,1.0,0.0,0.0,0.0,0.0,0.0,0.5375949436985191,0.5714285714285714,0.2,0.0,0.0,0.0,0.2941176470588235,0.0,0.25,0.0,1.0,1.0,2.0,algo_low_certainty_sampled,D:\בעלי תשובה\ארז משה דורון\032 תשובה מאהבה,D:\בעלי תשובה\ארז משה דורון\000[096] סוד הויתור
128.0,128.0,0.0,1.0,0.0,0.0,0.264503876615915,0.3569665526970235,0.09246267608110847,1.0,0.2755814301892734,0.7244185698107266,0.0,0.0,0.0,0.0,0.0,0.7571378083248206,0.44134395073525506,0.039681372549019614,0.0,0.0,0.0,0.375,0.0,0.5813568103906045,0.0,0.55,1.0,2.0,algo_low_certainty_sampled,D:\בעלי תשובה\אסף נגל\אדיר במרום,D:\בעלי תשובה\יהודה גלאנץ\פיונרו
160.0,320.0,160.0,0.5,0.0,0.0,0.2360348106993184,0.2643842694212485,0.028349458721930093,0.2360348106993184,0.2643842694212485,0.028349458721930093,0.0,0.0,0.0,0.0,0.0,0.38917422433171317,0.41733648532253487,0.23783939909971472,0.0,0.0,0.0,0.2222222222222222,0.0,0.5051664964321005,0.0,1.0,1.0,2.0,algo_low_certainty_sampled,D:\בעלי תשובה\שירים שאלעזר אהב,D:\בעלי תשובה\אהרון רזאל\להיות מחובר
128.0,128.0,0.0,1.0,0.0,0.0,0.2859762415131112,1.0,0.7140237584868888,1.0,0.0,1.0,1.0,0.0,0.0,0.0,0.0,0.5436205116666022,0.17607217845250447,0.0,0.0,0.0,0.0,0.2222222222222222,0.0,0.2571309870849271,0.0,1.0,1.0,2.0,algo_low_certainty_sampled,D:\בעלי תשובה\עדי רן\התבוננות,D:\בעלי תשובה\גיל עקביוב
128.0,32.0,96.0,0.25,0.0,1.0,0.6596002478820621,0.0,0.6596002478820621,0.8333333333333334,0.0,0.8333333333333334,0.0,0.0,0.0,0.0,0.0,0.6818092675880131,0.25096563818081785,0.03431372549019608,0.0,0.0,0.0,0.11764705882352944,0.0,0.0,0.0,0.0,0.0,2.0,algo_low_certainty_sampled,D:\בעלי תשובה\המושב,D:\בעלי תשובה\ארז משה דורון\037 ליל הסדר
56.0,96.0,40.0,0.5833333333333334,0.0,0.0,0.7537098401213115,0.24974139732911663,0.5039684427921949,0.2459984041872587,0.24974139732911663,0.0037429931418579143,0.0,0.0,0.0,0.0,0.0,0.3740132804664558,0.23903053216780545,0.23088821653063135,0.0,0.28571428571428564,0.0,0.16666666666666663,0.0,0.6910932583677001,0.0,1.0,1.0,2.0,algo_low_certainty_sampled,D:\בעלי תשובה\סנדי שמואלי\עד מתי,D:\בעלי תשובה\קול אחי\השקיפה
128.0,128.0,0.0,1.0,0.0,0.0,0.6474081690747675,0.21394797205483929,0.4334601970199282,0.6474081690747675,0.32470163567732774,0.32270653339743977,0.0,0.0,0.0,0.0,0.0,0.527894625197764,0.45326692271996705,0.3449800816467483,0.0,0.08994708994708994,0.0,0.4444444444444444,0.0,0.2823546609062868,0.0,1.0,1.0,2.0,algo_low_certainty_sampled,D:\בעלי תשובה\ברלינגר\משה לוי - טוב,D:\בעלי תשובה\ישראל דגן\תנו לי את לבכם
128.0,128.0,0.0,1.0,1.0,1.0,1.0,0.4063265208397102,0.5936734791602898,1.0,0.25247161105728266,0.7475283889427173,0.0,0.0,0.0,0.0,0.0,0.6707912104231287,0.279021272070841,0.09976907230196704,0.0,0.0,0.0,0.23529411764705888,0.0,0.40235990062568283,0.0,1.0,1.0,2.0,algo_low_certainty_sampled,D:\בעלי תשובה\יצחק פוקס\(באנו ביחד (כדאי לבדוק אם חסר איזה שיר,D:\בעלי תשובה\ישראל זינגר\ריקוד המלאכים
128.0,128.0,0.0,1.0,1.0,1.0,1.0,1.0,0.0,1.0,0.0,1.0,0.0,0.0,0.0,0.0,0.0,0.6430833138512576,0.5,0.0,0.0,0.0,0.0,0.3529411764705882,0.0,0.33772360841391097,0.0,1.0,2.0,2.0,algo_low_certainty_sampled,D:\בעלי תשובה\יצחק שדהו,D:\בעלי תשובה\חיים דוד סרצ'יק\למעו שמו
128.0,128.0,0.0,1.0,0.0,0.0,0.26316833264670075,0.27700884219937516,0.013840509552674407,0.26316833264670075,0.27700884219937516,0.013840509552674407,0.0,0.0,0.0,0.0,0.0,0.0,0.0,0.0,0.0,0.0,0.0,0.0,0.0,0.0,0.0,0.0,0.0,2.0,algo_no_comparison_result_sampled,D:\בעלי תשובה\ירמיהו\כנגן המנגן,D:\בעלי תשובה\עדי רן\עדי רן והגיטרה - 1
32.0,32.0,0.0,1.0,1.0,1.0,0.0,0.0,0.0,0.0,0.0,0.0,0.0,0.0,0.0,0.0,0.0,0.7798346857234547,0.7142857142857143,0.33333333333333337,0.0,0.0,0.0,0.4117647058823529,0.0,0.7090189765216179,0.0,1.0,1.0,2.0,algo_low_certainty_sampled,D:\בעלי תשובה\ארז משה דורון\001 תיקון הכללי,D:\בעלי תשובה\ארז משה דורון\079 הגיע זמן הגאולה
128.0,128.0,0.0,1.0,0.0,1.0,0.675501164221651,1.0,0.32449883577834904,0.675501164221651,0.2991702741702742,0.37633089005137677,0.0,0.0,0.0,0.0,0.0,0.6757975545767432,0.1550673118067213,0.2779339925449983,0.0,0.0,0.0,0.2727272727272727,0.0,0.4957846085929222,0.0,1.0,1.0,2.0,algo_low_certainty_sampled,D:\בעלי תשובה\ניסים גרמה,D:\בעלי תשובה\ישראל אזרחי\כל הליל מאבק
128.0,128.0,0.0,1.0,0.0,0.0,0.2889764430020933,0.2859762415131112,0.0030002014889821127,0.2889764430020933,1.0,0.7110235569979066,0.0,1.0,0.0,0.0,0.0,0.480426724436214,0.44528709733381594,0.09023516086596581,0.0,0.0,0.0,0.2666666666666667,0.0,0.2854621003668587,0.0,1.0,1.0,2.0,algo_low_certainty_sampled,D:\בעלי תשובה\דני גולן\דני גולן והחברים\לב טהור,D:\בעלי תשובה\עדי רן\התבוננות
128.0,128.0,0.0,1.0,0.0,0.0,0.4249225978542701,0.4063265208397102,0.018596077014559897,0.4249225978542701,0.25247161105728266,0.17245098679698745,1.0,0.0,0.0,0.0,0.0,0.7661370330750791,0.6362928501086397,0.22527278019538086,0.0,0.0,0.0,0.2857142857142857,0.0,0.6959016587689303,0.0,0.625,1.0,2.0,algo_low_certainty_sampled,D:\בעלי תשובה\ניצן חן רזאל מוצא מקום,D:\בעלי תשובה\ישראל זינגר\ריקוד המלאכים
128.0,157.0909090909091,29.090909090909093,0.8148148148148148,0.0,0.0,0.7874080873534178,0.3433230563582517,0.4440850309951661,0.7874080873534178,0.2387152837785005,0.5486928035749173,0.0,0.0,0.0,0.0,0.0,0.545227303315397,0.18876569900021847,0.1318109553037363,0.0,0.25,0.0,0.0,0.0,0.4748687417072636,0.0,1.0,1.0,2.0,algo_low_certainty_sampled,D:\בעלי תשובה\המדרגות,D:\בעלי תשובה\מאיר בנאי\לך אלי
160.0,320.0,160.0,0.5,0.0,0.0,0.2726881529823451,0.45042736031577224,0.17773920733342713,0.27311707713779837,0.45042736031577224,0.17731028317797387,0.0,0.0,0.0,0.0,0.0,0.12924806976871253,0.4003856236730505,0.2647256685745847,0.0,0.036923704610363116,0.0,0.4,0.0,0.2746095026594335,0.0,0.0,0.0,2.0,algo_low_certainty_sampled,D:\בעלי תשובה\שמעונה,D:\בעלי תשובה\יאיר כלב\הרב יאיר כלב ולהקת א גרויסע מציאה\עצם הנשמה
128.0,128.0,0.0,1.0,0.0,1.0,0.2727991566036579,1.0,0.7272008433963422,0.27455635043139537,0.0,0.27455635043139537,0.0,0.0,0.0,0.0,0.0,0.7590931547389663,0.19709566262197842,0.0,0.0,0.0,0.0,0.0,0.0,0.5198648059848281,0.0,1.0,1.0,2.0,algo_low_certainty_sampled,D:\בעלי תשובה\ישעיה חסיד\אחד,D:\בעלי תשובה\גיל עקביוב
128.0,128.0,0.0,1.0,1.0,1.0,0.25256305214732394,0.3569665526970235,0.10440350054969955,0.25256305214732394,0.2755814301892734,0.02301837804194945,0.0,0.0,0.0,0.0,0.0,0.7050501880412592,0.4476219077718328,0.23759602626475695,0.0,0.0,0.0,0.2162162162162162,0.0,0.5009886001029594,0.0,1.0,1.0,2.0,algo_low_certainty_sampled,D:\בעלי תשובה\יערות דבש-יצחק אזולאי\יערות דבש השיר והשבחלחי העולמים,D:\בעלי תשובה\יהודה גלאנץ\פיונרו
32.0,32.0,0.0,1.0,1.0,1.0,0.0,0.0,0.0,0.0,0.0,0.0,0.0,0.0,0.0,0.0,0.0,0.5885813826564095,0.7692307692307692,0.4,0.0,0.0,0.0,0.4375,0.0,0.43792384936795853,0.0,1.0,1.0,2.0,algo_low_certainty_sampled,D:\בעלי תשובה\ארז משה דורון\009 סיפור אישי,D:\בעלי תשובה\ארז משה דורון\012 אסור להיות זקן
128.0,128.0,0.0,1.0,1.0,1.0,0.2941560623287137,1.0,0.7058439376712863,0.0,1.0,1.0,0.0,0.0,0.0,0.0,0.0,0.577260173217278,0.19621031746031742,0.0,0.0,0.0,0.0,0.19999999999999996,0.0,0.38188840468723445,0.0,0.0,0.0,2.0,algo_low_certainty_sampled,D:\בעלי תשובה\עדי רן\אל תכה בסלע,D:\בעלי תשובה\יצחק שדהו
128.0,128.0,0.0,1.0,0.0,0.0,1.0,1.0,0.0,0.27844605035436915,1.0,0.7215539496456309,0.0,0.0,0.0,0.0,0.0,0.7050899686425143,0.38703703703703696,0.061656101036906,0.0,0.0,0.0,0.30000000000000004,0.0,0.590233248384832,0.0,0.9,2.0,2.0,algo_low_certainty_sampled,D:\בעלי תשובה\סנדי שמואלי\מחכים,D:\בעלי תשובה\ברלינגר\משה לוי והלויים
320.0,32.0,288.0,0.1,1.0,1.0,0.21379310344827585,0.0,0.21379310344827585,0.21379310344827585,0.0,0.21379310344827585,0.0,0.0,0.0,0.0,0.0,0.17975690811384765,0.36766381766381767,0.0,0.0,0.0,0.0,0.10526315789473684,0.0,0.0,0.0,0.0,0.0,2.0,algo_low_certainty_sampled,D:\בעלי תשובה\בנגי רפאל\משיח,D:\בעלי תשובה\ארז משה דורון\028 חינוך ילדים
128.0,32.0,96.0,0.25,1.0,1.0,0.4407025534851622,0.0,0.4407025534851622,0.4407025534851622,0.0,0.4407025534851622,0.0,0.0,0.0,0.0,0.0,0.31673467171112674,0.3720907620221121,0.03076923076923077,0.0,0.0,0.0,0.3076923076923077,0.0,0.16863010117662172,0.0,0.0,0.0,2.0,algo_low_certainty_sampled,D:\בעלי תשובה\ישראל דגן\מחול צדיקים,D:\בעלי תשובה\ארז משה דורון\001 תיקון הכללי
128.0,96.0,32.0,0.75,0.0,0.0,1.0,0.22190442340597138,0.7780955765940286,0.0,0.22190442340597138,0.22190442340597138,0.0,0.0,0.0,0.0,0.0,0.5979665681353514,0.21120083181852295,0.0,0.0,0.0,0.0,0.2857142857142857,0.0,0.4973047984664342,0.0,0.55,1.0,2.0,algo_low_certainty_sampled,D:\בעלי תשובה\גיל עקביוב,D:\בעלי תשובה\קול אחי\הללו
128.0,128.0,0.0,1.0,0.0,0.0,0.40024241465807686,0.29698772961930864,0.10325468503876822,0.29184619831127967,1.0,0.7081538016887203,0.0,0.0,0.0,0.0,0.0,0.0,0.0,0.0,0.0,0.0,0.0,0.0,0.0,0.0,0.0,0.0,0.0,2.0,algo_no_comparison_result_sampled,D:\בעלי תשובה\אלטרנטיבי\להקת המדרגות-בפתח הדלת,D:\בעלי תשובה\אחישנה\לך ה' אלוקי
160.0,128.0,32.0,0.8,1.0,1.0,0.27238638174643265,0.27114163132912755,0.001244750417305096,0.27238638174643265,0.27114163132912755,0.001244750417305096,0.0,0.0,0.0,0.0,0.0,0.48691944904664103,0.46042432043953335,0.23553978701037526,0.0,0.0,0.0,0.375,0.0,0.46893056402114347,0.0,1.0,1.0,2.0,algo_low_certainty_sampled,D:\בעלי תשובה\אהרון רזאל\זמן הגאולה,D:\בעלי תשובה\דב אינדיג\בת קול
128.0,128.0,0.0,1.0,0.0,0.0,1.0,0.24951725891354376,0.7504827410864563,1.0,0.24951725891354376,0.7504827410864563,0.0,0.0,0.0,0.0,0.0,0.5191186336745071,0.20042200214397007,0.03550008599931201,0.0,0.0,0.0,0.19999999999999996,0.0,0.3348827630121204,0.0,1.0,1.0,2.0,algo_low_certainty_sampled,D:\בעלי תשובה\נפתלי גולד,D:\בעלי תשובה\דני ממן\זה שיר שבח
128.0,128.0,0.0,1.0,0.0,1.0,0.2727991566036579,0.25256305214732394,0.020236104456333948,0.27455635043139537,0.25256305214732394,0.021993298284071428,0.0,0.0,0.0,0.0,0.0,0.6556942176137138,0.5467152496626181,0.33085999312005504,0.0,0.0,0.0,0.05882352941176472,0.0,0.43222331867454444,0.0,1.0,1.0,2.0,algo_low_certainty_sampled,D:\בעלי תשובה\ישעיה חסיד\אחד,D:\בעלי תשובה\יערות דבש-יצחק אזולאי\יערות דבש השיר והשבחלחי העולמים
128.0,128.0,0.0,1.0,0.0,0.0,0.2499528889962427,0.21116393582337853,0.03878895317286418,0.2499528889962427,0.21116393582337853,0.03878895317286418,0.0,0.0,0.0,0.0,0.0,0.7108376506794178,0.46596416551961306,0.2684830514006715,0.0,0.0,0.0,0.0,0.0,0.6226075929841217,0.0,1.0,1.0,2.0,algo_low_certainty_sampled,D:\בעלי תשובה\דני,D:\בעלי תשובה\סנדי שמואלי\בעזרת השם
32.0,32.0,0.0,1.0,1.0,1.0,0.0,0.0,0.0,0.0,0.0,0.0,0.0,0.0,0.0,0.0,0.0,0.5807996924785674,0.75,0.5,0.0,0.0,0.0,0.16000000000000003,0.0,0.3474988346972812,0.0,1.0,1.0,2.0,algo_low_certainty_sampled,D:\בעלי תשובה\ארז משה דורון\000[066] כסף,D:\בעלי תשובה\ארז משה דורון\093 ישוב הדעת
128.0,128.0,0.0,1.0,0.0,0.0,0.27700884219937516,1.0,0.7229911578006248,0.27700884219937516,0.2601616418210846,0.016847200378290572,0.0,0.0,0.0,0.0,0.0,0.0,0.0,0.0,0.0,0.0,0.0,0.0,0.0,0.0,0.0,0.0,0.0,2.0,algo_no_comparison_result_sampled,D:\בעלי תשובה\עדי רן\עדי רן והגיטרה - 1,D:\בעלי תשובה\נקודה טובה
128.0,128.0,0.0,1.0,0.0,1.0,0.6606431894230039,0.24951725891354376,0.41112593050946017,0.8222222222222222,0.24951725891354376,0.5727049633086785,0.0,0.0,0.0,0.0,0.0,0.5477693272575798,0.38168091385092817,0.12070699812643546,0.0,0.0,0.0,0.38095238095238093,0.0,0.2618971677728513,0.0,1.0,1.0,2.0,algo_low_certainty_sampled,D:\בעלי תשובה\המדרגות\המדרגות חדש,D:\בעלי תשובה\דני ממן\זה שיר שבח
128.0,128.0,0.0,1.0,0.0,1.0,0.6606431894230039,1.0,0.33935681057699607,0.8222222222222222,1.0,0.1777777777777778,0.0,0.0,0.0,0.0,0.0,0.7188316694513839,0.15961107213493994,0.095703933747412,0.0,0.2721741027004185,0.0,0.23076923076923073,0.0,0.5453967340901557,0.0,1.0,1.0,2.0,algo_low_certainty_sampled,D:\בעלי תשובה\המדרגות\המדרגות חדש,D:\בעלי תשובה\ברלינגר\משה לוי והלויים
128.0,160.0,32.0,0.8,0.0,0.0,0.2755814301892734,0.2150137524440931,0.06056767774518029,0.2755814301892734,0.18847562874257065,0.08710580144670274,0.0,0.0,0.0,0.0,0.0,0.2724224955050166,0.4530746789442441,0.19792021720969094,0.0,0.0,0.0,0.0,0.0,0.15653654153017996,0.0,1.0,1.0,2.0,algo_low_certainty_sampled,D:\בעלי תשובה\יהודה גלאנץ\Phinar,D:\בעלי תשובה\ברק כהן\ברק כהן עם דובי גינז\עונג
128.0,128.0,0.0,1.0,0.0,0.0,0.4249225978542701,0.22718027545586006,0.19774232239841005,0.4249225978542701,0.22718027545586006,0.19774232239841005,1.0,1.0,1.0,0.0,0.0,0.0,0.0,0.0,0.0,0.0,0.0,0.0,0.0,0.0,0.0,0.0,0.0,2.0,algo_no_comparison_result_sampled,D:\בעלי תשובה\ניצן חן רזאל מוצא מקום,D:\בעלי תשובה\יונתן רזאל\יונתן רזאל - בין הצלילים
128.0,128.0,0.0,1.0,0.0,0.0,0.37977690175096385,0.2409177614286613,0.13885914032230254,0.23290542901652928,0.2393952727002871,0.006489843683757823,0.0,0.0,0.0,0.0,0.0,0.0,0.0,0.0,0.0,0.0,0.0,0.0,0.0,0.0,0.0,0.0,0.0,2.0,algo_no_comparison_result_sampled,D:\בעלי תשובה\יוסף (גלעד) קרדונר\כל העולם - 02,D:\בעלי תשובה\שולי רנד\שולי רנד קיסריה
128.0,320.0,192.0,0.4,1.0,1.0,1.0,0.31856504208855146,0.6814349579114485,0.0,0.31856504208855146,0.31856504208855146,0.0,0.0,0.0,0.0,0.0,0.18133499473831183,0.19249117267192906,0.0,0.0,0.0,0.0,0.2857142857142857,0.0,0.6575279936994959,0.0,1.0,1.0,2.0,algo_low_certainty_sampled,D:\בעלי תשובה\גיל עקביוב,D:\בעלי תשובה\אהוד בר לוי
32.0,128.0,96.0,0.25,1.0,1.0,0.0,0.306539294039294,0.306539294039294,0.0,0.306539294039294,0.306539294039294,0.0,0.0,0.0,0.0,0.0,0.4358225930642641,0.42925942306747256,0.0,0.0,0.0,0.0,0.2962962962962963,0.0,0.0,0.0,0.0,0.0,2.0,algo_low_certainty_sampled,D:\בעלי תשובה\ארז משה דורון\011 אחד היה אברהם,D:\בעלי תשובה\בהרוז אהרוני\שירת השבים
320.0,128.0,192.0,0.4,0.0,0.0,1.0,0.39700289550146606,0.6029971044985339,1.0,0.39700289550146606,0.6029971044985339,0.0,0.0,0.0,0.0,0.0,0.0,0.0,0.0,0.0,0.0,0.0,0.0,0.0,0.0,0.0,0.0,0.0,2.0,algo_no_comparison_result_sampled,D:\בעלי תשובה\יצחק פוקס\יצחק פוקס בעת ההיא\בעת ההיא,D:\בעלי תשובה\אלי מנדלבוים\חסינגלים
128.0,128.0,0.0,1.0,0.0,0.0,0.2000802777784875,0.7874080873534178,0.5873278095749304,0.0,0.7874080873534178,0.7874080873534178,0.0,0.0,0.0,0.0,0.0,0.6221663075380538,0.22140506494154116,0.0,0.0,0.23529411764705888,0.0,0.2666666666666667,0.0,0.3523227931905856,0.0,0.0,0.0,2.0,algo_low_certainty_sampled,D:\בעלי תשובה\אודי אולמן\דברי שיר,D:\בעלי תשובה\המדרגות
128.0,128.0,0.0,1.0,0.0,1.0,0.6981405755041324,0.27179654705633965,0.4263440284477928,0.28284348986098745,0.27179654705633965,0.011046942804647797,0.0,0.0,0.0,0.0,0.0,0.6071295764711881,0.4137150459552505,0.2676973698131944,0.0,0.007326007326007326,0.0,0.24242424242424243,0.0,0.3560111128043258,0.0,1.0,1.0,2.0,algo_low_certainty_sampled,D:\בעלי תשובה\עמיר בניון\עמיר בניון - עץ על מים האלבום,D:\בעלי תשובה\יהודה גלאנץ\נעלה
32.0,128.0,96.0,0.25,1.0,1.0,0.0,0.306539294039294,0.306539294039294,0.0,0.306539294039294,0.306539294039294,0.0,0.0,0.0,0.0,0.0,0.7695554602384602,0.42925942306747256,0.0,0.0,0.0,0.0,0.3125,0.0,0.0,0.0,0.0,0.0,2.0,algo_low_certainty_sampled,D:\בעלי תשובה\ארז משה דורון\065 שכל פנמי ושכל מקיף,D:\בעלי תשובה\בהרוז אהרוני\שירת השבים
320.0,32.0,288.0,0.1,1.0,1.0,0.21379310344827585,0.0,0.21379310344827585,0.21379310344827585,0.0,0.21379310344827585,0.0,0.0,0.0,0.0,0.0,0.25007704573062106,0.3505026455026455,0.0,0.0,0.0,0.0,0.18181818181818177,0.0,0.0,0.0,0.0,0.0,2.0,algo_low_certainty_sampled,D:\בעלי תשובה\בנגי רפאל\משיח,D:\בעלי תשובה\ארז משה דורון\063 מנהיגות יהודית
128.0,128.0,0.0,1.0,0.0,0.0,0.22718027545586006,0.2963361711896721,0.06915589573381203,0.22718027545586006,0.2792337495532713,0.052053474097411234,1.0,0.0,0.0,0.0,0.0,0.5038059212083301,0.48675169471554813,0.2414368021307749,0.0,0.24764450109277691,0.0,0.41025641025641024,0.0,0.2981636707489325,0.0,1.0,1.0,2.0,algo_low_certainty_sampled,D:\בעלי תשובה\יונתן רזאל\יונתן רזאל - בין הצלילים,D:\בעלי תשובה\נסתרות דרכי האל
128.0,320.0,192.0,0.4,0.0,0.0,0.7648210459606535,0.416959409862627,0.3478616360980265,0.635970973660645,0.31644553061421565,0.3195254430464294,0.0,1.0,0.0,0.0,0.0,0.28737239145971605,0.26783668526960164,0.3207039356934167,0.0,0.12222222222222219,0.0,0.12903225806451613,0.0,0.509328697958544,0.0,1.0,1.0,2.0,algo_low_certainty_sampled,D:\בעלי תשובה\הלוים,D:\בעלי תשובה\עמיר בניון\עמיר בניון שירי ארץ אהבה\עמיר בניון - שירי ארץ-אהבה
128.0,128.0,0.0,1.0,0.0,0.0,0.41880170358742175,0.21394797205483929,0.20485373153258246,0.41880170358742175,0.32470163567732774,0.09410006791009401,0.0,0.0,0.0,0.0,0.0,0.3047722465824335,0.44284849715884195,0.3159332238642583,0.0,0.0,0.0,0.3846153846153846,0.0,0.0,0.0,1.0,1.0,2.0,algo_low_certainty_sampled,D:\בעלי תשובה\ישראל דגן\סמכו על כוחי,D:\בעלי תשובה\ישראל דגן\תנו לי את לבכם
128.0,128.0,0.0,1.0,0.0,0.0,0.5556271404987482,0.4249225978542701,0.13070454264447806,0.309324224284178,0.4249225978542701,0.11559837357009212,0.0,1.0,0.0,0.0,0.0,0.0,0.0,0.0,0.0,0.0,0.0,0.0,0.0,0.0,0.0,0.0,0.0,2.0,algo_no_comparison_result_sampled,D:\בעלי תשובה\הזמיר\נוסע לאומן,D:\בעלי תשובה\ניצן חן רזאל מוצא מקום
320.0,128.0,192.0,0.4,0.0,0.0,0.31856504208855146,0.29698772961930864,0.021577312469242826,0.31856504208855146,1.0,0.6814349579114485,0.0,0.0,0.0,0.0,0.0,0.1966253881110708,0.44733337802927914,0.05198580360651299,0.0,0.0,0.0,0.4545454545454546,0.0,0.4281272231893352,0.0,1.0,1.0,2.0,algo_low_certainty_sampled,D:\בעלי תשובה\אהוד בר לוי,D:\בעלי תשובה\אחישנה\לך ה' אלוקי
320.0,128.0,192.0,0.4,0.0,0.0,0.2643842694212485,0.3409729108296054,0.07658864140835692,0.2643842694212485,0.3409729108296054,0.07658864140835692,0.0,0.0,0.0,0.0,0.0,0.28767123627190594,0.4345994194468315,0.08333264686338152,0.0,0.0759560951868644,0.0,0.3157894736842105,0.0,0.12617903582908982,0.0,1.0,1.0,2.0,algo_low_certainty_sampled,D:\בעלי תשובה\אהרון רזאל\להיות מחובר,D:\בעלי תשובה\ישראל דגן\דגן חתונות\משה אונו
128.0,192.0,64.0,0.6666666666666666,0.0,0.0,0.7648210459606535,0.3693793107610762,0.39544173519957726,0.635970973660645,0.22502142268352276,0.41094955097712227,0.0,1.0,0.0,0.0,0.0,0.4361255700395255,0.3056546914283083,0.31062554763254724,0.0,0.282051282051282,0.0,0.18181818181818177,0.0,0.34138326609915626,0.0,0.0,0.0,2.0,algo_low_certainty_sampled,D:\בעלי תשובה\הלוים,D:\בעלי תשובה\שולי רנד\הופעה בקיסריה\שולי רנד - בקיסריה\דיסק 1
128.0,320.0,192.0,0.4,0.0,0.0,0.23306579697939106,0.269820031736722,0.03675423475733092,0.23306579697939106,0.269820031736722,0.03675423475733092,0.0,0.0,0.0,0.0,0.0,0.2522547339933341,0.4636479890711866,0.22972534001945769,0.0,0.0,0.0,0.16666666666666663,0.0,0.3026468085240159,0.0,0.0,0.0,2.0,algo_low_certainty_sampled,D:\בעלי תשובה\אודי אולמן\אודי - 3,D:\בעלי תשובה\חיים דוד סרצ'יק\היום
128.0,128.0,0.0,1.0,0.0,0.0,0.6202184291388099,0.6387530961627489,0.018534667023939022,0.27770914861101964,0.2787580723284634,0.0010489237174437505,0.0,0.0,0.0,0.0,0.0,0.0,0.0,0.0,0.0,0.0,0.0,0.0,0.0,0.0,0.0,0.0,0.0,2.0,algo_no_comparison_result_sampled,D:\בעלי תשובה\אחיה רובין\ונזכה,D:\בעלי תשובה\ישראל דגן\עדיין יש תקווה
32.0,32.0,0.0,1.0,1.0,1.0,0.0,0.0,0.0,0.0,0.0,0.0,0.0,0.0,0.0,0.0,0.0,0.5435048241362097,0.7142857142857143,0.33333333333333337,0.0,0.0,0.0,0.43478260869565216,0.0,0.4,0.0,1.0,1.0,2.0,algo_low_certainty_sampled,D:\בעלי תשובה\ארז משה דורון\036 חנוכה,D:\בעלי תשובה\ארז משה דורון\005 ניקוי הראש
56.0,160.0,104.0,0.35,0.0,1.0,0.7537098401213115,0.22423017210857654,0.5294796680127349,0.2459984041872587,0.22423017210857654,0.02176823207868217,0.0,0.0,0.0,0.0,0.0,0.10291244236873669,0.25811968328537016,0.24805763517528226,0.0,0.0,0.0,0.36363636363636365,0.0,0.4139483956892619,0.0,1.0,1.0,2.0,algo_low_certainty_sampled,D:\בעלי תשובה\סנדי שמואלי\עד מתי,D:\בעלי תשובה\מים 1
160.0,128.0,32.0,0.8,0.0,0.0,0.27238638174643265,0.2139713364504999,0.05841504529593275,0.0,0.21586764519215973,0.21586764519215973,0.0,0.0,0.0,0.0,0.0,0.0,0.0,0.0,0.0,0.0,0.0,0.0,0.0,0.0,0.0,0.0,0.0,2.0,algo_no_comparison_result_sampled,D:\בעלי תשובה\אהרון רזאל\אהרן רזאל - זמן הגאולה,D:\בעלי תשובה\אנסמבל שם-טוב לוי\תחנות רוח
56.0,128.0,72.0,0.4375,0.0,1.0,0.7537098401213115,1.0,0.24629015987868852,0.2459984041872587,1.0,0.7540015958127413,0.0,0.0,0.0,0.0,0.0,0.19736637893638553,0.15351373094902368,0.03856608432846823,0.0,0.3846153846153846,0.0,0.19047619047619047,0.0,0.7746819402402264,0.0,1.0,1.0,2.0,algo_low_certainty_sampled,D:\בעלי תשובה\סנדי שמואלי\עד מתי,D:\בעלי תשובה\ברלינגר\משה לוי והלויים
128.0,320.0,192.0,0.4,0.0,0.0,0.8333333333333334,0.416959409862627,0.4163739234707064,0.23579977126416757,0.31644553061421565,0.08064575935004809,0.0,1.0,0.0,0.0,0.0,0.0,0.0,0.0,0.0,0.0,0.0,0.0,0.0,0.0,0.0,0.0,0.0,2.0,algo_no_comparison_result_sampled,D:\בעלי תשובה\אודי דוידי\אודי דודי 2\no title,D:\בעלי תשובה\עמיר בניון\עמיר בניון שירי ארץ אהבה\עמיר בניון - שירי ארץ-אהבה
320.0,320.0,0.0,1.0,0.0,0.0,0.4637226853878569,0.20824731826827425,0.25547536711958263,0.4626829626472544,1.0,0.5373170373527456,0.0,0.0,0.0,0.0,0.0,0.0,0.0,0.0,0.0,0.0,0.0,0.0,0.0,0.0,0.0,0.0,0.0,2.0,algo_no_comparison_result_sampled,D:\בעלי תשובה\יאיר כלב\עצם הנשמה 3,D:\בעלי תשובה\שולי רנד\שולי רנד בקיסריה 1
192.0,128.0,64.0,0.6666666666666666,0.0,0.0,0.6993872645079584,0.41342995655720544,0.28595730795075297,0.27946841589077837,0.351482127623708,0.07201371173292964,0.0,0.0,0.0,0.0,0.0,0.0,0.0,0.0,0.0,0.0,0.0,0.0,0.0,0.0,0.0,0.0,0.0,2.0,algo_no_comparison_result_sampled,D:\בעלי תשובה\אהרון רזאל\אהבת חינם,D:\בעלי תשובה\ישראל דגן\גדולתינו ותיפארתינו
128.0,128.0,0.0,1.0,0.0,0.0,0.2859762415131112,0.264503876615915,0.021472364897196172,1.0,1.0,0.0,1.0,0.0,0.0,0.0,0.0,0.0,0.0,0.0,0.0,0.0,0.0,0.0,0.0,0.0,0.0,0.0,0.0,2.0,algo_no_comparison_result_sampled,D:\בעלי תשובה\עדי רן\התבוננות,D:\בעלי תשובה\אסף נגל\אדיר במרום
320.0,128.0,192.0,0.4,1.0,1.0,0.31856504208855146,0.2755814301892734,0.042983611899278074,0.31856504208855146,0.2755814301892734,0.042983611899278074,0.0,0.0,0.0,0.0,0.0,0.18615283018891599,0.454655760203673,0.26024505981148865,0.0,0.0,0.0,0.0,0.0,0.6526989203853696,0.0,1.0,1.0,2.0,algo_low_certainty_sampled,D:\בעלי תשובה\אהוד בר לוי,D:\בעלי תשובה\יהודה גלאנץ\Phinar
128.0,98.9090909090909,29.090909090909093,0.7727272727272727,0.0,1.0,0.2330104184381377,0.2270135150184752,0.005996903419662497,0.18359844124657437,0.2270135150184752,0.04341507377190082,0.0,0.0,0.0,0.0,0.0,0.5803519679458151,0.4971903622500306,0.21468240375623163,0.0,0.0,0.0,0.1333333333333333,0.0,0.4274555969679241,0.0,1.0,1.0,2.0,algo_low_certainty_sampled,D:\בעלי תשובה\יוסף קרדונר\סימנים בדרך,D:\בעלי תשובה\יצחק פוקס\פוקס
128.0,128.0,0.0,1.0,0.0,0.0,0.2000802777784875,0.25729658680382567,0.05721630902533817,0.0,0.25645829152593796,0.25645829152593796,0.0,0.0,0.0,0.0,0.0,0.5455260472899689,0.4786541022972807,0.0,0.0,0.03787878787878787,0.0,0.34782608695652173,0.0,0.210600823893283,0.0,0.0,0.0,2.0,algo_low_certainty_sampled,D:\בעלי תשובה\אודי אולמן\דברי שיר,D:\בעלי תשובה\צבי זלבסקי\פה ושם אני רוקד
96.0,128.0,32.0,0.75,0.0,0.0,0.22190442340597138,0.2889764430020933,0.06707201959612191,0.22190442340597138,0.2889764430020933,0.06707201959612191,0.0,0.0,0.0,0.0,0.0,0.546555634942476,0.4825383123733949,0.25936568694463424,0.0,0.0,0.0,0.36363636363636365,0.0,0.6502958192531259,0.0,1.0,1.0,2.0,algo_low_certainty_sampled,D:\בעלי תשובה\קול אחי\הללו,D:\בעלי תשובה\דני גולן\דני גולן והחברים\לב טהור
128.0,128.0,0.0,1.0,0.0,1.0,1.0,0.6606431894230039,0.33935681057699607,0.0,0.8222222222222222,0.8222222222222222,0.0,0.0,0.0,0.0,0.0,0.682537569247266,0.16906445034154013,0.0,0.0,0.0,0.0,0.42105263157894735,0.0,0.44686866929437236,0.0,1.0,1.0,2.0,algo_low_certainty_sampled,D:\בעלי תשובה\חיים דוד סרצ'יק\למעו שמו,D:\בעלי תשובה\המדרגות\המדרגות חדש
128.0,160.0,32.0,0.8,0.0,0.0,0.3022111170984259,0.27238638174643265,0.02982473535199326,0.3022111170984259,0.0,0.3022111170984259,0.0,0.0,0.0,0.0,0.0,0.1424258301584009,0.3653784938870878,0.0,0.0,0.07086186540731995,0.0,0.25806451612903225,0.0,0.0,0.0,0.0,0.0,2.0,algo_low_certainty_sampled,D:\בעלי תשובה\ישראל דגן\דגן חתונות\משה אטיאס,D:\בעלי תשובה\אהרון רזאל\אהרן רזאל - זמן הגאולה
32.0,32.0,0.0,1.0,1.0,1.0,0.0,0.0,0.0,0.0,0.0,0.0,0.0,0.0,0.0,0.0,0.0,0.7200618548007726,0.7142857142857143,0.33333333333333337,0.0,0.0,0.0,0.3589743589743589,0.0,0.6524128974835788,0.0,1.0,1.0,2.0,algo_low_certainty_sampled,D:\בעלי תשובה\ארז משה דורון\014 אין שום יאוש בעולם כלל,D:\בעלי תשובה\ארז משה דורון\029 לראות טוב
128.0,128.0,0.0,1.0,0.0,0.0,0.23306579697939106,0.2280134555390086,0.0050523414403824685,0.23306579697939106,0.25332720690615423,0.020261409926763174,0.0,0.0,0.0,0.0,0.0,0.4550051302817867,0.4851078493084762,0.11918864979658673,0.033844942935852024,0.07655502392344497,0.0,0.18181818181818177,0.0,0.20954738577415968,0.0,0.0,0.0,2.0,algo_low_certainty_sampled,D:\בעלי תשובה\אודי אולמן\אודי - 3,D:\בעלי תשובה\למען שמו באהבה
160.0,128.0,32.0,0.8,0.0,0.0,0.27238638174643265,0.2809753868055855,0.008589005059152832,0.0,0.2555969699945765,0.2555969699945765,0.0,0.0,0.0,0.0,0.0,0.5829463094765687,0.45997837538816383,0.0,0.0,0.025974025974025972,0.0,0.14814814814814814,0.0,0.46162349955084586,0.0,0.0,0.0,2.0,algo_low_certainty_sampled,D:\בעלי תשובה\אהרון רזאל\אהרן רזאל - זמן הגאולה,D:\בעלי תשובה\יוסף קרדונר\בחירה
128.0,128.0,0.0,1.0,0.0,0.0,0.27179654705633965,0.41342995655720544,0.14163340950086578,0.27179654705633965,0.351482127623708,0.07968558056736835,0.0,0.0,0.0,0.0,0.0,0.38687657576013323,0.3958701334077946,0.1632042732042732,0.0,0.0,0.0,0.08695652173913049,0.0,0.22452876365111354,0.0,1.0,1.0,2.0,algo_low_certainty_sampled,D:\בעלי תשובה\יהודה גלאנץ\נעלה,D:\בעלי תשובה\ישראל דגן\גדולתינו ותיפארתינו
128.0,128.0,0.0,1.0,0.0,0.0,0.2889764430020933,0.264503876615915,0.024472566386178285,0.2889764430020933,1.0,0.7110235569979066,0.0,0.0,0.0,0.0,0.0,0.6649216332600325,0.4929119239987525,0.05121095407860114,0.0,0.0,0.0,0.23529411764705888,0.0,0.4118036324666434,0.0,1.0,1.0,2.0,algo_low_certainty_sampled,D:\בעלי תשובה\דני גולן\דני גולן והחברים\לב טהור,D:\בעלי תשובה\אסף נגל\אדיר במרום
128.0,128.0,0.0,1.0,0.0,0.0,0.27700884219937516,1.0,0.7229911578006248,0.27700884219937516,1.0,0.7229911578006248,0.0,1.0,0.0,0.0,0.0,0.0,0.0,0.0,0.0,0.0,0.0,0.0,0.0,0.0,0.0,0.0,0.0,2.0,algo_no_comparison_result_sampled,D:\בעלי תשובה\עדי רן\עדי רן והגיטרה - 1,D:\בעלי תשובה\יצחק מאיר\נשמות חדשות\חלק 2
157.0909090909091,192.0,34.90909090909091,0.8181818181818182,0.0,0.0,0.3433230563582517,0.3067488807297329,0.036574175628518835,0.2387152837785005,0.3067488807297329,0.0680335969512324,0.0,1.0,0.0,0.0,0.0,0.0,0.0,0.0,0.0,0.0,0.0,0.0,0.0,0.0,0.0,0.0,0.0,2.0,algo_no_comparison_result_sampled,D:\בעלי תשובה\מאיר בנאי\לך אלי,D:\בעלי תשובה\אהרון רזאל\אהרן רזאל - קבעתי את מושבי\אהרן רזאל - קבעתי את מושבי
320.0,96.0,224.0,0.3,0.0,0.0,0.4637226853878569,0.7141580422083057,0.2504353568204488,0.4626829626472544,0.26794241943258684,0.19474054321466755,0.0,0.0,0.0,0.0,0.0,0.0,0.0,0.0,0.0,0.0,0.0,0.0,0.0,0.0,0.0,0.0,0.0,2.0,algo_no_comparison_result_sampled,D:\בעלי תשובה\יאיר כלב\עצם הנשמה 3,D:\בעלי תשובה\אודי אולמן\אגודה אחת
160.0,128.0,32.0,0.8,0.0,0.0,0.27238638174643265,0.2873753124937582,0.014988930747325546,0.27238638174643265,0.2873753124937582,0.014988930747325546,0.0,0.0,0.0,0.0,0.0,0.6098066495594792,0.4555224966174,0.3009880011160619,0.0,0.0,0.0,0.4,0.0,0.14855119142793596,0.0,1.0,1.0,2.0,algo_low_certainty_sampled,D:\בעלי תשובה\אהרון רזאל\זמן הגאולה,D:\בעלי תשובה\אברהם אבוטבול\בית הקדושה
192.0,32.0,160.0,0.16666666666666666,0.0,0.0,0.7029066585588325,0.0,0.7029066585588325,0.28324915824915825,0.0,0.28324915824915825,0.0,0.0,0.0,0.0,0.0,0.3390785783580858,0.1832265328648622,0.0,0.0,0.0,0.0,0.2727272727272727,0.0,0.0,0.0,0.0,0.0,2.0,algo_low_certainty_sampled,D:\בעלי תשובה\אהוד בנאי\טיפ טיפה,D:\בעלי תשובה\ארז משה דורון\064 תמיד תלמיד
128.0,128.0,0.0,1.0,0.0,0.0,0.26167062689250503,0.23094965439521678,0.03072097249728825,0.26167062689250503,0.23094965439521678,0.03072097249728825,0.0,0.0,0.0,0.0,0.0,0.670547785784346,0.5466488976326188,0.2421707622048628,0.0,0.0,0.0,0.2857142857142857,0.0,0.464561920561012,0.0,0.0,0.0,2.0,algo_low_certainty_sampled,D:\בעלי תשובה\קול אחי\בני,D:\בעלי תשובה\סיני\אספרה כבודך - סיני
128.0,160.0,32.0,0.8,0.0,0.0,0.2280134555390086,0.3707724849592341,0.1427590294202255,0.25332720690615423,0.3707724849592341,0.11744527805307986,0.0,0.0,0.0,0.0,0.0,0.4979069803292079,0.4337192707691548,0.15454130750318432,0.04454545454545455,0.07272727272727274,0.0,0.24,0.0,0.290998103743298,0.0,0.0,0.0,2.0,algo_low_certainty_sampled,D:\בעלי תשובה\למען שמו באהבה,D:\בעלי תשובה\תיקון הכללי
320.0,128.0,192.0,0.4,0.0,0.0,0.21162859691843153,0.2280134555390086,0.016384858620577064,1.0,0.25332720690615423,0.7466727930938457,0.0,0.0,0.0,0.0,0.0,0.09996950602739921,0.4502790186919347,0.058493979282749346,0.05773460410557185,0.0855614973262032,0.0,0.3125,0.0,0.40290614658519136,0.0,0.0,0.0,2.0,algo_low_certainty_sampled,D:\בעלי תשובה\שולי רנד\שולי רנד בקיסריה 2,D:\בעלי תשובה\למען שמו באהבה
128.0,128.0,0.0,1.0,1.0,1.0,0.24951725891354376,0.3569665526970235,0.10744929378347973,0.24951725891354376,0.2755814301892734,0.02606417127572963,0.0,0.0,0.0,0.0,0.0,0.4589789919275181,0.4368000888000888,0.19461870255348518,0.0,0.0,0.0,0.25,0.0,0.06882416468754043,0.0,1.0,1.0,2.0,algo_low_certainty_sampled,D:\בעלי תשובה\דני ממן\זה שיר שבח,D:\בעלי תשובה\יהודה גלאנץ\פיונרו
96.0,128.0,32.0,0.75,0.0,0.0,0.7141580422083057,1.0,0.2858419577916943,0.26794241943258684,1.0,0.7320575805674132,0.0,0.0,0.0,0.0,0.0,0.4929172419137176,0.24399391941914403,0.11466898082997153,0.0,0.0,0.0,0.25531914893617025,0.0,0.32215754073928476,0.0,0.0,0.0,2.0,algo_low_certainty_sampled,D:\בעלי תשובה\אודי אולמן\אגודה אחת,D:\בעלי תשובה\יצחק פוקס\(באנו ביחד (כדאי לבדוק אם חסר איזה שיר
128.0,32.0,96.0,0.25,1.0,1.0,0.30459474003409925,0.0,0.30459474003409925,0.30459474003409925,0.0,0.30459474003409925,0.0,0.0,0.0,0.0,0.0,0.6574396496408145,0.36379494190020506,0.0,0.0,0.0,0.0,0.19047619047619047,0.0,0.0,0.0,0.0,0.0,2.0,algo_low_certainty_sampled,D:\בעלי תשובה\אשר אלפסי\אתה הכל,D:\בעלי תשובה\ארז משה דורון\025 שלוש אהבות
128.0,128.0,0.0,1.0,0.0,0.0,0.21116393582337853,0.40024241465807686,0.18907847883469833,0.21116393582337853,0.29184619831127967,0.08068226248790114,0.0,0.0,0.0,0.0,0.0,0.0,0.0,0.0,0.0,0.0,0.0,0.0,0.0,0.0,0.0,0.0,0.0,2.0,algo_no_comparison_result_sampled,D:\בעלי תשובה\סנדי שמואלי\בעזרת השם,D:\בעלי תשובה\אלטרנטיבי\להקת המדרגות-בפתח הדלת
32.0,32.0,0.0,1.0,1.0,1.0,0.0,0.0,0.0,0.0,0.0,0.0,0.0,0.0,0.0,0.0,0.0,0.574012464151615,0.8,0.5714285714285714,0.0,0.0,0.0,0.48484848484848486,0.0,0.14118067523278727,0.0,1.0,1.0,2.0,algo_low_certainty_sampled,D:\בעלי תשובה\ארז משה דורון\013 צא אל השדות,D:\בעלי תשובה\ארז משה דורון\032 להמתיק את הדין
128.0,128.0,0.0,1.0,0.0,0.0,0.23306579697939106,0.8181818181818182,0.5851160212024271,0.23306579697939106,0.0,0.23306579697939106,0.0,0.0,0.0,0.0,0.0,0.6105721362496903,0.24891015727870025,0.0202020202020202,0.0,0.030303030303030307,0.0,0.24,0.0,0.30974098739688183,0.0,0.09090909090909091,0.0,2.0,algo_low_certainty_sampled,D:\בעלי תשובה\אודי אולמן\אודי - 3,D:\בעלי תשובה\חיים דוד סרצ'יק\היום\1-זה כפול נא לסדר
128.0,128.0,0.0,1.0,0.0,0.0,0.2026569618223385,0.23094965439521678,0.02829269257287828,0.2026569618223385,0.23094965439521678,0.02829269257287828,0.0,0.0,0.0,0.0,0.0,0.6421765234854111,0.479394920872456,0.2708968772694263,0.0,0.0,0.0,0.18181818181818177,0.0,0.4546539269214691,0.0,0.0,0.0,2.0,algo_low_certainty_sampled,D:\בעלי תשובה\להבה,D:\בעלי תשובה\סיני\אספרה כבודך - סיני
320.0,128.0,192.0,0.4,0.0,0.0,0.31856504208855146,0.4028413437474495,0.08427630165889805,0.31856504208855146,0.2725157489002033,0.04604929318834816,0.0,0.0,0.0,0.0,0.0,0.2448469761007729,0.4331242513381731,0.29969143500177975,0.0,0.0,0.0,0.3157894736842105,0.0,0.4298226284482937,0.0,1.0,1.0,2.0,algo_low_certainty_sampled,D:\בעלי תשובה\אהוד בר לוי,D:\בעלי תשובה\מאיר בנאי\שמע קולי
128.0,128.0,0.0,1.0,0.0,0.0,0.2918023180740775,0.41342995655720544,0.12162763848312791,0.28317402612751363,0.351482127623708,0.06830810149619437,0.0,0.0,0.0,0.0,0.0,0.0,0.0,0.0,0.0,0.0,0.0,0.0,0.0,0.0,0.0,0.0,0.0,2.0,algo_no_comparison_result_sampled,D:\בעלי תשובה\ק'ן ברג'ס\לא לבד במדבר,D:\בעלי תשובה\ישראל דגן\גדולתינו ותיפארתינו
160.0,128.0,32.0,0.8,0.0,0.0,0.25237744776806564,0.4249225978542701,0.17254515008620447,0.25237744776806564,0.4249225978542701,0.17254515008620447,0.0,1.0,0.0,0.0,0.0,0.0,0.0,0.0,0.0,0.0,0.0,0.0,0.0,0.0,0.0,0.0,0.0,2.0,algo_no_comparison_result_sampled,D:\בעלי תשובה\עדי רן\עדי רן מה יש לכם לדאוג,D:\בעלי תשובה\ניצן חן רזאל מוצא מקום
128.0,128.0,0.0,1.0,0.0,0.0,0.23306579697939106,0.4261133624252772,0.19304756544588614,0.23306579697939106,0.4261133624252772,0.19304756544588614,0.0,0.0,0.0,0.0,0.0,0.7113028959401908,0.5918444451898787,0.21108394678861764,0.5555555555555555,0.28571428571428564,0.0,0.5555555555555556,0.0,0.4908948615569963,0.0,0.0,0.0,2.0,algo_low_certainty_sampled,D:\בעלי תשובה\אודי אולמן\אודי - 3,D:\בעלי תשובה\יוסף (גלעד) קרדונר\בחירה - 03
128.0,128.0,0.0,1.0,0.0,0.0,1.0,0.37977690175096385,0.6202230982490362,0.0,0.23290542901652928,0.23290542901652928,0.0,0.0,0.0,0.0,0.0,0.3346167690476545,0.197411278160722,0.0,0.0,0.0,0.0,0.19047619047619047,0.0,0.0,0.0,0.0,0.0,2.0,algo_low_certainty_sampled,D:\בעלי תשובה\חיים דוד סרצ'יק\מצור דבש,D:\בעלי תשובה\יוסף (גלעד) קרדונר\כל העולם - 02
160.0,128.0,32.0,0.8,0.0,0.0,0.3707724849592341,0.4261133624252772,0.055340877466043104,0.3707724849592341,0.4261133624252772,0.055340877466043104,0.0,0.0,0.0,0.0,0.0,0.0,0.0,0.0,0.0,0.0,0.0,0.0,0.0,0.0,0.0,0.0,0.0,2.0,algo_no_comparison_result_sampled,D:\בעלי תשובה\תיקון הכללי,D:\בעלי תשובה\יוסף (גלעד) קרדונר\בחירה - 03
128.0,128.0,0.0,1.0,1.0,1.0,1.0,0.30704742811940955,0.6929525718805905,0.3076843579947969,0.30704742811940955,0.0006369298753873265,0.0,0.0,0.0,0.0,0.0,0.6993580713445766,0.2238940816527023,0.29034132802248747,0.0,0.0,0.0,0.0,0.0,0.47070045053300663,0.0,1.0,1.0,2.0,algo_low_certainty_sampled,D:\בעלי תשובה\מיקי רוזנבאום\פסיפס,D:\בעלי תשובה\דני ממן\נהר המטהר
320.0,192.0,128.0,0.6,0.09090909090909091,0.0,0.2328732027030505,0.3602569865901291,0.1273837838870786,0.23477009369085064,0.20396713382961987,0.030802959861230772,0.0,1.0,0.0,0.0,0.0,0.0,0.0,0.0,0.0,0.0,0.0,0.0,0.0,0.0,0.0,0.0,0.0,2.0,algo_no_comparison_result_sampled,D:\בעלי תשובה\צמאה - אומנים שרים את ניגוני הרבי מילובביץ,D:\בעלי תשובה\שולי רנד\הופעה בקיסריה\שולי רנד - בקיסריה\דיסק 2
32.0,32.0,0.0,1.0,1.0,1.0,0.0,0.0,0.0,0.0,0.0,0.0,0.0,0.0,0.0,0.0,0.0,0.57057740509857,0.6666666666666667,0.2857142857142857,0.0,0.0,0.0,0.3529411764705882,0.0,0.13745802122046274,0.0,1.0,1.0,2.0,algo_low_certainty_sampled,D:\בעלי תשובה\ארז משה דורון\079 הגיע זמן הגאולה,D:\בעלי תשובה\ארז משה דורון\013 צא אל השדות
128.0,128.0,0.0,1.0,0.0,0.0,1.0,0.40024241465807686,0.5997575853419231,0.27844605035436915,0.29184619831127967,0.013400147956910524,0.0,0.0,0.0,0.0,0.0,0.0,0.0,0.0,0.0,0.0,0.0,0.0,0.0,0.0,0.0,0.0,0.0,2.0,algo_no_comparison_result_sampled,D:\בעלי תשובה\סנדי שמואלי\מחכים,D:\בעלי תשובה\אלטרנטיבי\להקת המדרגות-בפתח הדלת
128.0,128.0,0.0,1.0,0.0,0.0,1.0,0.23094965439521678,0.7690503456047832,0.3076843579947969,0.23094965439521678,0.0767347035995801,0.0,0.0,0.0,0.0,0.0,0.8357741166644739,0.2196133811401178,0.32662337662337665,0.0,0.0,0.0,0.26086956521739135,0.0,0.7655790085785292,0.0,0.1111111111111111,0.0,2.0,algo_low_certainty_sampled,D:\בעלי תשובה\מיקי רוזנבאום\פסיפס,D:\בעלי תשובה\סיני\אספרה כבודך - סיני
98.9090909090909,128.0,29.090909090909093,0.7727272727272727,0.0,0.0,0.2270135150184752,0.23306579697939106,0.006052281960915867,0.2270135150184752,0.23306579697939106,0.006052281960915867,0.0,0.0,0.0,0.0,0.0,0.46634096878707965,0.4648135454442528,0.20667670431954133,0.0,0.0,0.0,0.16666666666666663,0.0,0.46575583573491813,0.0,0.0,0.0,2.0,algo_low_certainty_sampled,D:\בעלי תשובה\יצחק פוקס\פוקס,D:\בעלי תשובה\אודי אולמן\אודי - 3
128.0,320.0,192.0,0.4,0.0,0.0,0.37977690175096385,0.2328732027030505,0.14690369904791334,0.23290542901652928,0.23477009369085064,0.0018646646743213646,0.0,0.0,0.0,0.0,0.0,0.0,0.0,0.0,0.0,0.0,0.0,0.0,0.0,0.0,0.0,0.0,0.0,2.0,algo_no_comparison_result_sampled,D:\בעלי תשובה\יוסף (גלעד) קרדונר\כל העולם - 02,D:\בעלי תשובה\צמאה - אומנים שרים את ניגוני הרבי מילובביץ
128.0,128.0,0.0,1.0,0.0,1.0,1.0,0.2963361711896721,0.7036638288103279,1.0,0.2792337495532713,0.7207662504467287,0.0,0.0,0.0,0.0,0.0,0.5032826269709901,0.21849312912146746,0.10421575733360629,0.0,0.0,0.0,0.30188679245283023,0.0,0.13700758710019853,0.0,1.0,1.0,2.0,algo_low_certainty_sampled,D:\בעלי תשובה\יצחק פוקס\(באנו ביחד (כדאי לבדוק אם חסר איזה שיר,D:\בעלי תשובה\נסתרות דרכי האל
192.0,32.0,160.0,0.16666666666666666,0.0,0.0,0.7029066585588325,0.0,0.7029066585588325,0.28324915824915825,0.0,0.28324915824915825,0.0,0.0,0.0,0.0,0.0,0.36155017988839677,0.1832265328648622,0.0,0.0,0.0,0.0,0.19999999999999996,0.0,0.0,0.0,0.0,0.0,2.0,algo_low_certainty_sampled,D:\בעלי תשובה\אהוד בנאי\טיפ טיפה,D:\בעלי תשובה\ארז משה דורון\065 שכל פנמי ושכל מקיף
192.0,128.0,64.0,0.6666666666666666,0.0,0.0,0.3067488807297329,1.0,0.6932511192702671,0.3067488807297329,1.0,0.6932511192702671,1.0,0.0,0.0,0.0,0.0,0.4977039045529882,0.2941871360419748,0.21958869441033932,0.0,0.0,0.0,0.3111111111111111,0.0,0.6159501763387955,0.0,1.0,1.0,2.0,algo_low_certainty_sampled,D:\בעלי תשובה\אהרון רזאל\אהרן רזאל - קבעתי את מושבי\אהרן רזאל - קבעתי את מושבי,D:\בעלי תשובה\אודי דוידי\אודי דוידי דבר אליו
128.0,128.0,0.0,1.0,0.0,0.0,0.4063265208397102,0.22718027545586006,0.17914624538385016,0.25247161105728266,0.22718027545586006,0.025291335601422604,0.0,1.0,0.0,0.0,0.0,0.669291474825918,0.3645519595763223,0.12704923953493746,0.0,0.0,0.0,0.3783783783783784,0.0,0.40601469485720937,0.0,1.0,1.0,2.0,algo_low_certainty_sampled,D:\בעלי תשובה\ישראל זינגר\ריקוד המלאכים,D:\בעלי תשובה\יונתן רזאל\יונתן רזאל - בין הצלילים
128.0,128.0,0.0,1.0,0.0,1.0,0.24716295043511743,0.7599515654402101,0.5127886150050927,0.24716295043511743,0.9852941176470589,0.7381311672119415,0.0,0.0,0.0,0.0,0.0,0.08772015380598758,0.212034559720037,0.09722014989708003,0.0,0.0,0.0,0.33333333333333337,0.0,0.0,0.0,1.0,1.0,2.0,algo_low_certainty_sampled,D:\בעלי תשובה\ישראל אזרחי\יכירו וידעו,D:\בעלי תשובה\ישראל דגן\מחרוזות
128.0,320.0,192.0,0.4,1.0,1.0,0.2889764430020933,0.31856504208855146,0.029588599086458167,0.2889764430020933,0.31856504208855146,0.029588599086458167,0.0,0.0,0.0,0.0,0.0,0.19252091793462214,0.4980787543338658,0.29963662178495937,0.0,0.0,0.0,0.33333333333333337,0.0,0.5800013966115557,0.0,1.0,1.0,2.0,algo_low_certainty_sampled,D:\בעלי תשובה\דני גולן\דני גולן והחברים\לב טהור,D:\בעלי תשובה\אהוד בר לוי
128.0,320.0,192.0,0.4,0.0,0.0,0.21966512044689707,0.4637226853878569,0.24405756494095981,0.29173991200759963,0.4626829626472544,0.17094305063965476,0.0,0.0,0.0,0.0,0.0,0.08299798445742673,0.3628620914012349,0.257842893817483,0.06805555555555555,0.0588235294117647,0.0,0.4,0.0,0.15599212634232365,0.0,0.0,0.0,2.0,algo_low_certainty_sampled,D:\בעלי תשובה\ישראל דגן\למען שמו באהבה,D:\בעלי תשובה\יאיר כלב\עצם הנשמה 3
32.0,32.0,0.0,1.0,1.0,1.0,0.0,0.0,0.0,0.0,0.0,0.0,0.0,0.0,0.0,0.0,0.0,0.8477579322306174,0.7142857142857143,0.33333333333333337,0.0,0.0,0.0,0.33333333333333337,0.0,0.7854424495606418,0.0,1.0,1.0,2.0,algo_low_certainty_sampled,D:\בעלי תשובה\ארז משה דורון\000[068] להאמין בעצמו,D:\בעלי תשובה\ארז משה דורון\001 תיקון הכללי
128.0,128.0,0.0,1.0,0.0,1.0,0.2727991566036579,0.6606431894230039,0.38784403281934604,0.27455635043139537,0.8222222222222222,0.5476658717908268,0.0,0.0,0.0,0.0,0.0,0.7143490852285015,0.34797139221697804,0.12553702344354517,0.0,0.0,0.0,0.2857142857142857,0.0,0.5566863496094991,0.0,1.0,1.0,2.0,algo_low_certainty_sampled,D:\בעלי תשובה\ישעיה חסיד\אחד,D:\בעלי תשובה\המדרגות\המדרגות חדש
128.0,128.0,0.0,1.0,0.0,0.0,0.40582510542562483,0.2727991566036579,0.13302594882196694,0.2226164249693661,0.27455635043139537,0.051939925462029274,0.0,0.0,0.0,0.0,0.0,0.5831392818606714,0.4439276012885493,0.2471623376623376,0.0,0.009999999999999998,0.0,0.10526315789473684,0.0,0.3785357603659415,0.0,0.0,0.0,2.0,algo_low_certainty_sampled,D:\בעלי תשובה\יוסף (גלעד) קרדונר\סימנים בדרך - 01,D:\בעלי תשובה\ישעיה חסיד\אחד
128.0,195.78571428571428,67.78571428571428,0.6537759941627144,1.0,1.0,0.2312279492899914,0.2581071456170303,0.02687919632703889,0.2312279492899914,1.0,0.7687720507100086,0.0,0.0,0.0,0.0,0.0,0.26062167498615024,0.48340225308393014,0.05909106014640791,0.0,0.0,0.0,0.11111111111111116,0.0,0.3959917722051252,0.0,1.0,1.0,2.0,algo_low_certainty_sampled,D:\בעלי תשובה\יהודה גלאנץ\רק לצעוק אל ה,D:\בעלי תשובה\חיים דוד סרצ'יק\לפניך
128.0,120.0,8.0,0.9375,0.0,1.0,0.24716295043511743,0.22741860360456187,0.019744346830555565,0.24716295043511743,0.2902449004652799,0.043081950030162464,0.0,0.0,0.0,0.0,0.0,0.4452515329300832,0.43427782566206774,0.19418172407302842,0.0,0.0,0.0,0.41666666666666663,0.0,0.1705520767627129,0.0,1.0,1.0,2.0,algo_low_certainty_sampled,D:\בעלי תשובה\ישראל אזרחי\יכירו וידעו,D:\בעלי תשובה\ישראל גריזולט
128.0,128.0,0.0,1.0,0.0,0.0,0.8181818181818182,0.2139713364504999,0.6042104817313183,0.0,0.21586764519215973,0.21586764519215973,0.0,0.0,0.0,0.0,0.0,0.5107252890961754,0.22776519211105206,0.018181818181818177,0.0,0.029325513196480944,0.0,0.23076923076923073,0.0,0.13730909667253416,0.0,0.0,0.0,2.0,algo_low_certainty_sampled,D:\בעלי תשובה\חיים דוד סרצ'יק\היום\1-זה כפול נא לסדר,D:\בעלי תשובה\אנסמבל שם-טוב לוי\תחנות רוח
157.0909090909091,128.0,29.090909090909093,0.8148148148148148,0.0,0.0,0.3433230563582517,1.0,0.6566769436417483,0.2387152837785005,1.0,0.7612847162214995,0.0,0.0,0.0,0.0,0.0,0.6207166129923579,0.17982758889968625,0.09315316903469596,0.0,0.0,0.0,0.31999999999999995,0.0,0.681811143774924,0.0,1.0,1.0,2.0,algo_low_certainty_sampled,D:\בעלי תשובה\מאיר בנאי\לך אלי,D:\בעלי תשובה\אודי דוידי\אודי דוידי דבר אליו
192.0,128.0,64.0,0.6666666666666666,0.0,0.0,0.3067488807297329,0.23306579697939106,0.07368308375034183,0.3067488807297329,0.23306579697939106,0.07368308375034183,1.0,0.0,0.0,0.0,0.0,0.0,0.0,0.0,0.0,0.0,0.0,0.0,0.0,0.0,0.0,0.0,0.0,2.0,algo_no_comparison_result_sampled,D:\בעלי תשובה\אהרון רזאל\אהרן רזאל - קבעתי את מושבי\אהרן רזאל - קבעתי את מושבי,D:\בעלי תשובה\אודי אולמן\אודי - 3
320.0,320.0,0.0,1.0,0.0,0.0,0.4637226853878569,0.416959409862627,0.04676327552522991,0.4626829626472544,0.31644553061421565,0.14623743203303874,0.0,1.0,0.0,0.0,0.0,0.0,0.0,0.0,0.0,0.0,0.0,0.0,0.0,0.0,0.0,0.0,0.0,2.0,algo_no_comparison_result_sampled,D:\בעלי תשובה\יאיר כלב\עצם הנשמה 3,D:\בעלי תשובה\עמיר בניון\עמיר בניון שירי ארץ אהבה\עמיר בניון - שירי ארץ-אהבה
320.0,128.0,192.0,0.4,0.0,0.0,0.4637226853878569,0.22718027545586006,0.23654240993199682,0.4626829626472544,0.22718027545586006,0.23550268719139433,0.0,1.0,0.0,0.0,0.0,0.0,0.0,0.0,0.0,0.0,0.0,0.0,0.0,0.0,0.0,0.0,0.0,2.0,algo_no_comparison_result_sampled,D:\בעלי תשובה\יאיר כלב\עצם הנשמה 3,D:\בעלי תשובה\יונתן רזאל\יונתן רזאל - בין הצלילים
128.0,128.0,0.0,1.0,0.0,0.0,1.0,1.0,0.0,1.0,0.0,1.0,0.0,0.0,0.0,0.0,0.0,0.6484344228127437,0.42500000000000016,0.0,0.0,0.0,0.0,0.33333333333333337,0.0,0.40919215543044996,0.0,0.55,1.0,2.0,algo_low_certainty_sampled,D:\בעלי תשובה\נפתלי גולד,D:\בעלי תשובה\חיים דוד סרצ'יק\למעו שמו
128.0,32.0,96.0,0.25,1.0,1.0,0.4407025534851622,0.0,0.4407025534851622,0.4407025534851622,0.0,0.4407025534851622,0.0,0.0,0.0,0.0,0.0,0.24146337967286408,0.37043444732231917,0.02666666666666666,0.0,0.0,0.0,0.2142857142857143,0.0,0.13398108524421548,0.0,0.0,0.0,2.0,algo_low_certainty_sampled,D:\בעלי תשובה\ישראל דגן\מחול צדיקים,D:\בעלי תשובה\ארז משה דורון\004 זוגיות רוחנית
320.0,128.0,192.0,0.4,1.0,1.0,0.269820031736722,0.27622047176536346,0.006400440028641485,0.269820031736722,0.27622047176536346,0.006400440028641485,0.0,0.0,0.0,0.0,0.0,0.14945692730390986,0.5292232507647527,0.2899378886220992,0.0,0.0,0.0,0.15384615384615385,0.0,0.405871142457641,0.0,1.0,1.0,2.0,algo_low_certainty_sampled,D:\בעלי תשובה\חיים דוד סרצ'יק\היום,D:\בעלי תשובה\עקיבא מרגליות\לאורו נלך
32.0,32.0,0.0,1.0,1.0,1.0,0.0,0.0,0.0,0.0,0.0,0.0,0.0,0.0,0.0,0.0,0.0,0.7660739706507921,0.6666666666666667,0.2857142857142857,0.0,0.0,0.0,0.2727272727272727,0.0,0.7135830476484719,0.0,1.0,1.0,2.0,algo_low_certainty_sampled,D:\בעלי תשובה\ארז משה דורון\036 חנוכה,D:\בעלי תשובה\ארז משה דורון\029 לראות טוב
128.0,128.0,0.0,1.0,0.0,0.0,1.0,0.6387530961627489,0.3612469038372511,1.0,0.2787580723284634,0.7212419276715366,0.0,0.0,0.0,0.0,0.0,0.6145497384961004,0.20773290169605124,0.061246376154169946,0.0,0.0,0.0,0.3448275862068966,0.0,0.37717081624437926,0.0,1.0,1.0,2.0,algo_low_certainty_sampled,D:\בעלי תשובה\ברלינגר\משה לוי והלויים,D:\בעלי תשובה\ישראל דגן\עדיין יש תקווה
128.0,128.0,0.0,1.0,0.0,1.0,0.3022111170984259,1.0,0.6977888829015741,0.3022111170984259,1.0,0.6977888829015741,0.0,0.0,0.0,0.0,0.0,0.1050970568995262,0.2666627728272574,0.13429468926795127,0.0,0.0,0.0,0.2142857142857143,0.0,0.0,0.0,1.0,1.0,2.0,algo_low_certainty_sampled,D:\בעלי תשובה\ישראל דגן\דגן חתונות\משה אטיאס,D:\בעלי תשובה\אודי דוידי\אודי דוידי דבר אליו
128.0,128.0,0.0,1.0,0.0,0.0,0.8333333333333334,0.24746292294408634,0.585870410389247,0.23579977126416757,0.24746292294408634,0.01166315167991877,0.0,0.0,0.0,0.0,0.0,0.0,0.0,0.0,0.0,0.0,0.0,0.0,0.0,0.0,0.0,0.0,0.0,2.0,algo_no_comparison_result_sampled,D:\בעלי תשובה\אודי דוידי\אודי דודי 2\no title,D:\בעלי תשובה\עדי רן\עדי רן והגיטרה - 2
32.0,32.0,0.0,1.0,1.0,1.0,0.0,0.0,0.0,0.0,1.0,1.0,0.0,0.0,0.0,0.0,0.0,0.5369806056714965,0.8,0.09090909090909088,0.0,0.0,0.0,0.29268292682926833,0.0,0.23490953621227917,0.0,1.0,1.0,2.0,algo_low_certainty_sampled,D:\בעלי תשובה\ארז משה דורון\065 שכל פנמי ושכל מקיף,D:\בעלי תשובה\ארז משה דורון\000[096] סוד הויתור
32.0,192.0,160.0,0.16666666666666666,0.0,0.0,0.0,0.7029066585588325,0.7029066585588325,0.0,0.28324915824915825,0.28324915824915825,0.0,0.0,0.0,0.0,0.0,0.3754678546350233,0.1669211483087193,0.0,0.0,0.0,0.0,0.30000000000000004,0.0,0.0,0.0,0.0,0.0,2.0,algo_low_certainty_sampled,D:\בעלי תשובה\ארז משה דורון\037 ליל הסדר,D:\בעלי תשובה\אהוד בנאי\טיפ טיפה
56.0,320.0,264.0,0.175,0.0,1.0,0.7537098401213115,0.31856504208855146,0.43514479803276,0.2459984041872587,0.31856504208855146,0.07256663790129275,0.0,0.0,0.0,0.0,0.0,0.05911924403307044,0.274860281046214,0.3300935799741157,0.0,0.0,0.0,0.3529411764705882,0.0,0.30419270056461367,0.0,1.0,1.0,2.0,algo_low_certainty_sampled,D:\בעלי תשובה\סנדי שמואלי\עד מתי,D:\בעלי תשובה\אהוד בר לוי
128.0,160.0,32.0,0.8,0.0,0.0,0.27622047176536346,0.27238638174643265,0.0038340900189308136,0.27622047176536346,0.0,0.27622047176536346,0.0,0.0,0.0,0.0,0.0,0.5699273042233798,0.5371963677926795,0.0,0.0,0.0,0.0,0.25806451612903225,0.0,0.6072363925453216,0.0,0.0,0.0,2.0,algo_low_certainty_sampled,D:\בעלי תשובה\עקיבא מרגליות\לאורו נלך,D:\בעלי תשובה\אהרון רזאל\אהרן רזאל - זמן הגאולה
128.0,128.0,0.0,1.0,0.0,0.0,0.29698772961930864,0.24951725891354376,0.04747047070576488,1.0,0.24951725891354376,0.7504827410864563,0.0,0.0,0.0,0.0,0.0,0.4457058701804013,0.4290050863877992,0.03550008599931201,0.0,0.0,0.0,0.2857142857142857,0.0,0.07979509339992039,0.0,1.0,1.0,2.0,algo_low_certainty_sampled,D:\בעלי תשובה\אחישנה\לך ה' אלוקי,D:\בעלי תשובה\דני ממן\זה שיר שבח
48.0,128.0,80.0,0.375,1.0,1.0,0.3657312505730815,1.0,0.6342687494269186,0.1783519691265463,1.0,0.8216480308734537,0.0,0.0,0.0,0.0,0.0,0.15509029026738597,0.21050293671845396,0.043881930762735714,0.0,0.0,0.0,0.19354838709677424,0.0,0.41351946301913767,0.0,0.55,1.0,2.0,algo_low_certainty_sampled,D:\בעלי תשובה\עמיר בניון\עמיר בניון - עומד בשער,D:\בעלי תשובה\יצחק שדהו
128.0,32.0,96.0,0.25,1.0,1.0,0.4407025534851622,0.0,0.4407025534851622,0.4407025534851622,0.0,0.4407025534851622,0.0,0.0,0.0,0.0,0.0,0.2698149535886917,0.4050517598343685,0.1209653092006033,0.0,0.0,0.0,0.1875,0.0,0.3409898224778327,0.0,0.0,0.0,2.0,algo_low_certainty_sampled,D:\בעלי תשובה\ישראל דגן\מחול צדיקים,D:\בעלי תשובה\ארז משה דורון\000[068] להאמין בעצמו
128.0,128.0,0.0,1.0,0.0,0.0,0.22711722683296007,0.3022111170984259,0.07509389026546584,0.22711722683296007,0.3022111170984259,0.07509389026546584,0.0,0.0,0.0,0.0,0.0,0.1115259985148076,0.5150396299612601,0.04406371406371406,0.0,0.0,0.0,0.4444444444444444,0.0,0.0,0.0,1.0,1.0,2.0,algo_low_certainty_sampled,D:\בעלי תשובה\יניב\קומי אורי,D:\בעלי תשובה\ישראל דגן\דגן חתונות\משה אטיאס
128.0,128.0,0.0,1.0,1.0,1.0,0.24951725891354376,0.3462975584756755,0.09678029956213174,0.24951725891354376,0.3462975584756755,0.09678029956213174,0.0,0.0,0.0,0.0,0.0,0.4570313896664352,0.44185558543284814,0.23317008717308566,0.0,0.0,0.0,0.4,0.0,0.17611362974700734,0.0,1.0,1.0,2.0,algo_low_certainty_sampled,D:\בעלי תשובה\דני ממן\זה שיר שבח,D:\בעלי תשובה\ישראל דגן\נפשי החזקה
32.0,32.0,0.0,1.0,1.0,1.0,0.0,0.0,0.0,0.0,0.0,0.0,0.0,0.0,0.0,0.0,0.0,0.7618062654102269,0.8,0.5714285714285714,0.0,0.0,0.0,0.3783783783783784,0.0,0.5470194936716303,0.0,1.0,1.0,2.0,algo_low_certainty_sampled,D:\בעלי תשובה\ארז משה דורון\052 אין כל חדש תחת השמש,D:\בעלי תשובה\ארז משה דורון\025 שלוש אהבות
128.0,128.0,0.0,1.0,0.0,0.0,0.23306579697939106,1.0,0.766934203020609,0.23306579697939106,0.0,0.23306579697939106,0.0,0.0,0.0,0.0,0.0,0.6719980967416203,0.2087764600883042,0.0,0.0,0.0,0.0,0.25,0.0,0.4776046387638431,0.0,0.09090909090909091,0.0,2.0,algo_low_certainty_sampled,D:\בעלי תשובה\אודי אולמן\אודי - 3,D:\בעלי תשובה\חיים דוד סרצ'יק\מצור דבש
32.0,128.0,96.0,0.25,0.0,1.0,0.0,1.0,1.0,0.0,1.0,1.0,0.0,0.0,0.0,0.0,0.0,0.18009711121282992,0.22999999999999998,0.04999999999999999,0.0,0.0,0.0,0.25806451612903225,0.0,0.12965698509767729,0.0,0.0,0.0,2.0,algo_low_certainty_sampled,D:\בעלי תשובה\ארז משה דורון\032 להמתיק את הדין,D:\בעלי תשובה\רונן  חזיזה\שמחה של מצווה
160.0,160.0,0.0,1.0,0.0,0.0,0.3707724849592341,0.27238638174643265,0.09838610321280145,0.3707724849592341,0.0,0.3707724849592341,0.0,0.0,0.0,0.0,0.0,0.0,0.0,0.0,0.0,0.0,0.0,0.0,0.0,0.0,0.0,0.0,0.0,2.0,algo_no_comparison_result_sampled,D:\בעלי תשובה\תיקון הכללי,D:\בעלי תשובה\אהרון רזאל\אהרן רזאל - זמן הגאולה
128.0,128.0,0.0,1.0,0.0,0.0,0.24951725891354376,0.6847330038265858,0.435215744913042,0.24951725891354376,0.22257521613042763,0.026942042783116127,0.0,0.0,0.0,0.0,0.0,0.39607340484944953,0.3842914691377165,0.19976678550207963,0.0,0.0,0.0,0.3529411764705882,0.0,0.13517489171605077,0.0,1.0,1.0,2.0,algo_low_certainty_sampled,D:\בעלי תשובה\דני ממן\זה שיר שבח,D:\בעלי תשובה\אורן ארנון\עלי באר
128.0,160.0,32.0,0.8,0.0,0.0,0.0,0.38524365674718647,0.38524365674718647,1.0,0.38524365674718647,0.6147563432528136,0.0,0.0,0.0,0.0,0.0,0.0,0.0,0.0,0.0,0.0,0.0,0.0,0.0,0.0,0.0,0.0,0.0,2.0,algo_no_comparison_result_sampled,D:\בעלי תשובה\רונן  חזיזה\ירמיהו גרוסקוט,D:\בעלי תשובה\אלטרנטיבי\להקת נפקא מינה-גשר צר
96.0,128.0,32.0,0.75,0.0,0.0,0.24974139732911663,0.264503876615915,0.014762479286798386,0.24974139732911663,1.0,0.7502586026708834,0.0,0.0,0.0,0.0,0.0,0.0,0.0,0.0,0.0,0.0,0.0,0.0,0.0,0.0,0.0,0.0,0.0,2.0,algo_no_comparison_result_sampled,D:\בעלי תשובה\קול אחי\השקיפה,D:\בעלי תשובה\אסף נגל\אדיר במרום
128.0,128.0,0.0,1.0,0.0,1.0,0.6474081690747675,1.0,0.3525918309252325,0.6474081690747675,1.0,0.3525918309252325,0.0,0.0,0.0,0.0,0.0,0.5966043261677563,0.17090013285991035,0.08744583576959056,0.0,0.0,0.0,0.34782608695652173,0.0,0.2923586004683178,0.0,1.0,1.0,2.0,algo_low_certainty_sampled,D:\בעלי תשובה\ברלינגר\משה לוי - טוב,D:\בעלי תשובה\ברק כהן\כי לא ינום
320.0,128.0,192.0,0.4,0.0,0.0,0.2328732027030505,0.27622047176536346,0.043347269062312954,0.23477009369085064,0.27622047176536346,0.04145037807451282,0.0,0.0,0.0,0.0,0.0,0.1638704738733545,0.4863863825304552,0.29341708265153243,0.0,0.0,0.0,0.23529411764705888,0.0,0.6809404963111289,0.0,0.0,0.0,2.0,algo_low_certainty_sampled,D:\בעלי תשובה\צמאה - אומנים שרים את ניגוני הרבי מילובביץ,D:\בעלי תשובה\עקיבא מרגליות\לאורו נלך
32.0,128.0,96.0,0.25,0.0,1.0,0.0,1.0,1.0,0.0,1.0,1.0,0.0,0.0,0.0,0.0,0.0,0.39172938986953965,0.125,0.009615384615384609,0.0,0.0,0.0,0.27586206896551724,0.0,0.0,0.0,0.0,0.0,2.0,algo_low_certainty_sampled,D:\בעלי תשובה\ארז משה דורון\063 מנהיגות יהודית,D:\בעלי תשובה\יחיא אזולאי
32.0,32.0,0.0,1.0,1.0,1.0,0.0,0.0,0.0,0.0,0.0,0.0,0.0,0.0,0.0,0.0,0.0,0.9003677139004518,0.7692307692307692,0.4,0.0,0.0,0.0,0.33333333333333337,0.0,0.7454096426867626,0.0,1.0,1.0,2.0,algo_low_certainty_sampled,D:\בעלי תשובה\ארז משה דורון\000[023] מעלת השמחה,D:\בעלי תשובה\ארז משה דורון\004 זוגיות רוחנית
320.0,160.0,160.0,0.5,0.0,0.0,0.2328732027030505,0.27238638174643265,0.03951317904338214,0.23477009369085064,0.27238638174643265,0.03761628805558201,0.0,0.0,0.0,0.0,0.0,0.316453123001787,0.4464812398003081,0.2297569854388036,0.0,0.0,0.0,0.1923076923076923,0.0,0.42039494575891234,0.0,0.0,0.0,2.0,algo_low_certainty_sampled,D:\בעלי תשובה\צמאה - אומנים שרים את ניגוני הרבי מילובביץ,D:\בעלי תשובה\אהרון רזאל\זמן הגאולה
128.0,128.0,0.0,1.0,0.0,0.0,0.37977690175096385,0.7874080873534178,0.407631185602454,0.23290542901652928,0.7874080873534178,0.5545026583368886,0.0,0.0,0.0,0.0,0.0,0.5618319941919174,0.2719370435056987,0.13782426328533817,0.0,0.24000000000000005,0.0,0.19999999999999996,0.0,0.22799793832891965,0.0,0.0,0.0,2.0,algo_low_certainty_sampled,D:\בעלי תשובה\יוסף (גלעד) קרדונר\כל העולם - 02,D:\בעלי תשובה\המדרגות
128.0,32.0,96.0,0.25,0.0,0.0,0.6499881692003374,0.0,0.6499881692003374,0.6499881692003374,0.0,0.6499881692003374,0.0,0.0,0.0,0.0,0.0,0.24347107899981218,0.30337230612965904,0.09439339396235949,0.0,0.0,0.0,0.2222222222222222,0.0,0.0,0.0,0.0,0.0,2.0,algo_low_certainty_sampled,D:\בעלי תשובה\ישראל דגן\לכבוד רשב'י,D:\בעלי תשובה\ארז משה דורון\062 להוציא מהכוח אל הפועל
128.0,128.0,0.0,1.0,0.0,0.0,0.5556271404987482,0.7648210459606535,0.2091939054619053,0.309324224284178,0.635970973660645,0.32664674937646704,0.0,0.0,0.0,0.0,0.0,0.5989578391762123,0.2721619234092099,0.3369978531286108,0.0,0.0,0.0,0.2666666666666667,0.0,0.3614589160586812,0.0,1.0,1.0,2.0,algo_low_certainty_sampled,D:\בעלי תשובה\הזמיר\נוסע לאומן,D:\בעלי תשובה\הלוים
128.0,320.0,192.0,0.4,1.0,1.0,0.3462975584756755,0.31856504208855146,0.02773251638712404,0.3462975584756755,0.31856504208855146,0.02773251638712404,0.0,0.0,0.0,0.0,0.0,0.3204157145534673,0.4490366972925113,0.2802255956742228,0.0,0.0,0.0,0.09523809523809523,0.0,0.2685279597277427,0.0,1.0,1.0,2.0,algo_low_certainty_sampled,D:\בעלי תשובה\ישראל דגן\נפשי החזקה,D:\בעלי תשובה\אהוד בר לוי
128.0,320.0,192.0,0.4,0.0,1.0,0.2330104184381377,0.269820031736722,0.03680961329858429,0.18359844124657437,0.269820031736722,0.0862215904901476,0.0,0.0,0.0,0.0,0.0,0.08351337798550988,0.5353072486199735,0.2683374325434312,0.0,0.0,0.0,0.2666666666666667,0.0,0.2662074630792706,0.0,1.0,1.0,2.0,algo_low_certainty_sampled,D:\בעלי תשובה\יוסף קרדונר\סימנים בדרך,D:\בעלי תשובה\חיים דוד סרצ'יק\היום
128.0,128.0,0.0,1.0,0.0,0.0,0.3569665526970235,1.0,0.6430334473029765,0.2755814301892734,1.0,0.7244185698107266,0.0,0.0,0.0,0.0,0.0,0.6659297440162807,0.17780404853666135,0.039681372549019614,0.0,0.0,0.0,0.375,0.0,0.46291862406935885,0.0,0.55,1.0,2.0,algo_low_certainty_sampled,D:\בעלי תשובה\יהודה גלאנץ\פיונרו,D:\בעלי תשובה\נפתלי גולד
32.0,128.0,96.0,0.25,1.0,1.0,0.0,0.30459474003409925,0.30459474003409925,0.0,0.30459474003409925,0.30459474003409925,0.0,0.0,0.0,0.0,0.0,0.872563305630855,0.3478309516570386,0.0,0.0,0.0,0.0,0.1428571428571429,0.0,0.0,0.0,0.0,0.0,2.0,algo_low_certainty_sampled,D:\בעלי תשובה\ארז משה דורון\000[068] להאמין בעצמו,D:\בעלי תשובה\אשר אלפסי\אתה הכל
128.0,320.0,192.0,0.4,0.0,0.0,0.2312279492899914,1.0,0.7687720507100086,0.2312279492899914,1.0,0.7687720507100086,0.0,0.0,0.0,0.0,0.0,0.1019275228512596,0.19085232561360915,0.07554680073477064,0.0,0.0,0.0,0.2857142857142857,0.0,0.36574922562661566,0.0,1.0,1.0,2.0,algo_low_certainty_sampled,D:\בעלי תשובה\יהודה גלאנץ\רק לצעוק אל ה,D:\בעלי תשובה\יצחק פוקס\יצחק פוקס בעת ההיא\בעת ההיא
32.0,32.0,0.0,1.0,1.0,1.0,0.0,0.0,0.0,0.0,0.0,0.0,0.0,0.0,0.0,0.0,0.0,0.6408009149626089,0.6666666666666669,0.28571428571428564,0.0,0.0,0.0,0.24242424242424243,0.0,0.4962368094672751,0.0,1.0,1.0,2.0,algo_low_certainty_sampled,D:\בעלי תשובה\ארז משה דורון\098 ציפצופים,D:\בעלי תשובה\ארז משה דורון\101 מעשה מברגר ועני ב
128.0,128.0,0.0,1.0,0.0,0.0,0.29365193145651797,0.3893982783358661,0.09574634687934813,1.0,0.3893982783358661,0.610601721664134,0.0,0.0,0.0,0.0,0.0,0.4989526178106674,0.4745503691861744,0.03323106851332657,0.0,0.0,0.0,0.34782608695652173,0.0,0.2176540363909456,0.0,1.0,1.0,2.0,algo_low_certainty_sampled,D:\בעלי תשובה\ברלינגר\משה לוי - טוב\מים עמוקים-1,D:\בעלי תשובה\אילן כהן צדק\אילן שלום 2
157.0909090909091,320.0,162.9090909090909,0.4909090909090909,0.0,0.0,0.3433230563582517,0.269820031736722,0.07350302462152974,0.2387152837785005,0.269820031736722,0.03110474795822149,0.0,0.0,0.0,0.0,0.0,0.34341110438633726,0.2378655565959641,0.2519450059275559,0.0,0.0,0.0,0.19999999999999996,0.0,0.41913817320289243,0.0,1.0,1.0,2.0,algo_low_certainty_sampled,D:\בעלי תשובה\מאיר בנאי\לך אלי,D:\בעלי תשובה\חיים דוד סרצ'יק\היום
128.0,64.0,64.0,0.5,0.0,1.0,0.6606431894230039,0.24337572331410295,0.417267466108901,0.8222222222222222,0.4669122431312358,0.3553099790909864,0.0,0.0,0.0,0.0,0.0,0.31096353679061983,0.36269092594007707,0.0802467466049973,0.0,0.0,0.0,0.1428571428571429,0.0,0.4702114910294785,0.0,1.0,1.0,2.0,algo_low_certainty_sampled,D:\בעלי תשובה\המדרגות\המדרגות חדש,D:\בעלי תשובה\אודי טופלברג\מים
128.0,128.0,0.0,1.0,0.0,0.0,0.40582510542562483,0.24951725891354376,0.15630784651208107,0.2226164249693661,0.24951725891354376,0.026900833944177666,0.0,0.0,0.0,0.0,0.0,0.3579795283218692,0.4540903058929374,0.28380707012285955,0.0,0.0,0.0,0.23076923076923073,0.0,0.24558036079648718,0.0,0.0,0.0,2.0,algo_low_certainty_sampled,D:\בעלי תשובה\יוסף (גלעד) קרדונר\סימנים בדרך - 01,D:\בעלי תשובה\דני ממן\זה שיר שבח
128.0,128.0,0.0,1.0,0.0,0.0,0.36207277452891484,1.0,0.6379272254710852,1.0,1.0,0.0,0.0,0.0,0.0,0.0,0.0,0.6003825604480157,0.35692431561996774,0.40374999999999994,0.0,0.0,0.0,0.33333333333333337,0.0,0.34945243579597013,0.0,1.0,1.0,2.0,algo_low_certainty_sampled,D:\בעלי תשובה\ברק כהן\יש תקווה,D:\בעלי תשובה\נפתלי גולד
128.0,160.0,32.0,0.8,0.0,0.0,0.25729658680382567,0.3707724849592341,0.11347589815540843,0.25645829152593796,0.3707724849592341,0.11431419343329613,0.0,0.0,0.0,0.0,0.0,0.56489433758358,0.4083603037807697,0.24650819795825002,0.0,0.03636363636363637,0.0,0.23076923076923073,0.0,0.35928800166824637,0.0,1.0,1.0,2.0,algo_low_certainty_sampled,D:\בעלי תשובה\צבי זלבסקי\פה ושם אני רוקד,D:\בעלי תשובה\תיקון הכללי
128.0,160.0,32.0,0.8,0.0,0.0,0.2918023180740775,0.2360348106993184,0.055767507374759134,0.28317402612751363,0.2360348106993184,0.04713921542819524,0.0,0.0,0.0,0.0,0.0,0.5546219674651205,0.3043613502700664,0.08295210633429571,0.0,0.0,0.0,0.2857142857142857,0.0,0.4583247208074557,0.0,1.0,1.0,2.0,algo_low_certainty_sampled,D:\בעלי תשובה\ק'ן ברג'ס\לא לבד במדבר,D:\בעלי תשובה\שירים שאלעזר אהב
64.0,32.0,32.0,0.5,0.0,0.0,0.27853859442082746,0.0,0.27853859442082746,0.2705358574406193,0.0,0.2705358574406193,0.0,0.0,0.0,0.0,0.0,0.521252971258048,0.40203063265386596,0.0,0.0,0.0,0.0,0.2222222222222222,0.0,0.0,0.0,0.0,0.0,2.0,algo_low_certainty_sampled,D:\בעלי תשובה\ישראל דגן\אשרינו,D:\בעלי תשובה\ארז משה דורון\098 ציפצופים
160.0,128.0,32.0,0.8,0.0,0.0,0.3707724849592341,0.8181818181818182,0.44740933322258414,0.3707724849592341,0.0,0.3707724849592341,0.0,0.0,0.0,0.0,0.0,0.5365610807578717,0.2074145347063065,0.017316017316017316,0.0,0.03636363636363637,0.0,0.2857142857142857,0.0,0.30888398952420976,0.0,0.5454545454545454,1.0,2.0,algo_low_certainty_sampled,D:\בעלי תשובה\תיקון הכללי,D:\בעלי תשובה\חיים דוד סרצ'יק\היום\1-זה כפול נא לסדר
32.0,32.0,0.0,1.0,1.0,1.0,0.0,0.0,0.0,0.0,0.0,0.0,0.0,0.0,0.0,0.0,0.0,0.42758431079509673,0.7692307692307692,0.39999999999999997,0.0,0.0,0.0,0.4,0.0,0.0,0.0,1.0,1.0,2.0,algo_low_certainty_sampled,D:\בעלי תשובה\ארז משה דורון\020 להדבק באין סוף,D:\בעלי תשובה\ארז משה דורון\007 המסיבה הגדולה
192.0,32.0,160.0,0.16666666666666666,0.0,0.0,0.7029066585588325,0.0,0.7029066585588325,0.28324915824915825,0.0,0.28324915824915825,0.0,0.0,0.0,0.0,0.0,0.35607542026580574,0.17568529250764608,0.0,0.0,0.0,0.0,0.09523809523809523,0.0,0.0,0.0,0.0,0.0,2.0,algo_low_certainty_sampled,D:\בעלי תשובה\אהוד בנאי\טיפ טיפה,D:\בעלי תשובה\ארז משה דורון\000[074] שלום
128.0,320.0,192.0,0.4,0.0,0.0,0.25729658680382567,0.21162859691843153,0.04566798988539414,0.25645829152593796,1.0,0.7435417084740621,0.0,0.0,0.0,0.0,0.0,0.13979067817323074,0.47559058714866437,0.11380832606129046,0.0,0.024793388429752063,0.0,0.303030303030303,0.0,0.1621252663993632,0.0,1.0,1.0,2.0,algo_low_certainty_sampled,D:\בעלי תשובה\צבי זלבסקי\פה ושם אני רוקד,D:\בעלי תשובה\שולי רנד\שולי רנד בקיסריה 2
128.0,128.0,0.0,1.0,0.0,1.0,1.0,0.3022111170984259,0.6977888829015741,0.0,0.3022111170984259,0.3022111170984259,0.0,0.0,0.0,0.0,0.0,0.14294760845201518,0.21042221697418292,0.0,0.0,0.0,0.0,0.23529411764705888,0.0,0.0,0.0,1.0,1.0,2.0,algo_low_certainty_sampled,D:\בעלי תשובה\חיים דוד סרצ'יק\מצור דבש,D:\בעלי תשובה\ישראל דגן\דגן חתונות\משה אטיאס
128.0,128.0,0.0,1.0,0.0,1.0,0.2330104184381377,1.0,0.7669895815618624,0.18359844124657437,0.0,0.18359844124657437,0.0,0.0,0.0,0.0,0.0,0.3859554654353689,0.20016103129477927,0.0,0.0,0.0,0.0,0.3157894736842105,0.0,0.15105126947435912,0.0,1.0,1.0,2.0,algo_low_certainty_sampled,D:\בעלי תשובה\יוסף קרדונר\סימנים בדרך,D:\בעלי תשובה\חיים דוד סרצ'יק\מצור דבש
128.0,157.0909090909091,29.090909090909093,0.8148148148148148,0.0,0.0,0.2809753868055855,0.3433230563582517,0.06234766955266624,0.2555969699945765,0.2387152837785005,0.016881686216075997,0.0,0.0,0.0,0.0,0.0,0.5306995572871988,0.25520982338344766,0.2614999015224177,0.0,0.012987012987012991,0.0,0.18181818181818177,0.0,0.551569435194902,0.0,1.0,1.0,2.0,algo_low_certainty_sampled,D:\בעלי תשובה\יוסף קרדונר\בחירה,D:\בעלי תשובה\מאיר בנאי\לך אלי
32.0,192.0,160.0,0.16666666666666666,0.0,0.0,0.0,0.7029066585588325,0.7029066585588325,0.0,0.28324915824915825,0.28324915824915825,0.0,0.0,0.0,0.0,0.0,0.3218279911673583,0.1744623886659354,0.0,0.0,0.0,0.0,0.3076923076923077,0.0,0.0,0.0,0.0,0.0,2.0,algo_low_certainty_sampled,D:\בעלי תשובה\ארז משה דורון\063 מנהיגות יהודית,D:\בעלי תשובה\אהוד בנאי\טיפ טיפה
32.0,32.0,0.0,1.0,1.0,1.0,0.0,0.0,0.0,0.0,0.0,0.0,0.0,0.0,0.0,0.0,0.0,0.6034875600002093,0.7142857142857143,0.33333333333333337,0.0,0.0,0.0,0.2857142857142857,0.0,0.4443079889931652,0.0,1.0,1.0,2.0,algo_low_certainty_sampled,D:\בעלי תשובה\ארז משה דורון\000[068] להאמין בעצמו,D:\בעלי תשובה\ארז משה דורון\009 סיפור אישי
96.0,128.0,32.0,0.75,0.0,0.0,0.24974139732911663,0.29698772961930864,0.04724633229019201,0.24974139732911663,1.0,0.7502586026708834,0.0,0.0,0.0,0.0,0.0,0.0,0.0,0.0,0.0,0.0,0.0,0.0,0.0,0.0,0.0,0.0,0.0,2.0,algo_no_comparison_result_sampled,D:\בעלי תשובה\קול אחי\השקיפה,D:\בעלי תשובה\אחישנה\לך ה' אלוקי
128.0,128.0,0.0,1.0,0.0,0.0,0.37977690175096385,0.2330104184381377,0.14676648331282616,0.23290542901652928,0.18359844124657437,0.0493069877699549,0.0,0.0,0.0,0.0,0.0,0.5839836687908334,0.4313869080996799,0.1789392128964322,0.0,0.026936026936026935,0.0,0.16666666666666663,0.0,0.24009293578737115,0.0,0.0,0.0,2.0,algo_low_certainty_sampled,D:\בעלי תשובה\יוסף (גלעד) קרדונר\כל העולם - 02,D:\בעלי תשובה\יוסף קרדונר\סימנים בדרך
160.0,128.0,32.0,0.8,0.0,1.0,0.27238638174643265,0.3022111170984259,0.02982473535199326,0.27238638174643265,0.3022111170984259,0.02982473535199326,0.0,0.0,0.0,0.0,0.0,0.1424739737164634,0.3653784938870878,0.09690845894054449,0.0,0.0,0.0,0.3157894736842105,0.0,0.0,0.0,1.0,1.0,2.0,algo_low_certainty_sampled,D:\בעלי תשובה\אהרון רזאל\זמן הגאולה,D:\בעלי תשובה\ישראל דגן\דגן חתונות\משה אטיאס
128.0,128.0,0.0,1.0,0.0,0.0,0.264503876615915,1.0,0.735496123384085,1.0,1.0,0.0,0.0,0.0,0.0,0.0,0.0,0.6670968235795384,0.21005062810116168,0.3875,0.0,0.0,0.0,0.3157894736842105,0.0,0.4198405178012969,0.0,0.55,1.0,2.0,algo_low_certainty_sampled,D:\בעלי תשובה\אסף נגל\אדיר במרום,D:\בעלי תשובה\יצחק שדהו
128.0,128.0,0.0,1.0,0.0,0.0,1.0,0.21116393582337853,0.7888360641766214,0.0,0.21116393582337853,0.21116393582337853,0.0,0.0,0.0,0.0,0.0,0.6528742576730503,0.2167573821314451,0.0,0.0,0.0,0.0,0.3529411764705882,0.0,0.4287201529663444,0.0,1.0,1.0,2.0,algo_low_certainty_sampled,D:\בעלי תשובה\חיים דוד סרצ'יק\למעו שמו,D:\בעלי תשובה\סנדי שמואלי\בעזרת השם
128.0,128.0,0.0,1.0,1.0,1.0,0.25256305214732394,0.36207277452891484,0.1095097223815909,0.25256305214732394,1.0,0.7474369478526761,0.0,0.0,0.0,0.0,0.0,0.7231362891005884,0.43072571178583957,0.039582166199813265,0.0,0.0,0.0,0.2564102564102564,0.0,0.6186424430266138,0.0,1.0,1.0,2.0,algo_low_certainty_sampled,D:\בעלי תשובה\יערות דבש-יצחק אזולאי\יערות דבש השיר והשבחלחי העולמים,D:\בעלי תשובה\ברק כהן\יש תקווה
128.0,32.0,96.0,0.25,0.0,1.0,0.6596002478820621,0.0,0.6596002478820621,0.8333333333333334,0.0,0.8333333333333334,0.0,0.0,0.0,0.0,0.0,0.6781359305041734,0.286857659367147,0.018229166666666664,0.0,0.0,0.0,0.30000000000000004,0.0,0.0,0.0,0.0,0.0,2.0,algo_low_certainty_sampled,D:\בעלי תשובה\המושב,D:\בעלי תשובה\ארז משה דורון\032 תשובה מאהבה
320.0,32.0,288.0,0.1,1.0,1.0,0.21379310344827585,0.0,0.21379310344827585,0.21379310344827585,0.0,0.21379310344827585,0.0,0.0,0.0,0.0,0.0,0.27134033696793747,0.3505026455026455,0.0,0.0,0.0,0.0,0.23076923076923073,0.0,0.0,0.0,0.0,0.0,2.0,algo_low_certainty_sampled,D:\בעלי תשובה\בנגי רפאל\משיח,D:\בעלי תשובה\ארז משה דורון\065 שכל פנמי ושכל מקיף
56.0,128.0,72.0,0.4375,1.0,0.0,0.7537098401213115,0.21116393582337853,0.5425459042979329,0.2459984041872587,0.21116393582337853,0.03483446836388018,0.0,0.0,0.0,0.0,0.0,0.2139716331783498,0.23843305626401898,0.2707668965021906,0.0,0.9,0.0,0.2666666666666667,0.0,0.5800366035391437,0.0,1.0,1.0,2.0,algo_low_certainty_sampled,D:\בעלי תשובה\סנדי שמואלי\עד מתי,D:\בעלי תשובה\סנדי שמואלי\בעזרת השם
32.0,32.0,0.0,1.0,1.0,1.0,0.0,0.0,0.0,0.0,0.0,0.0,0.0,0.0,0.0,0.0,0.0,0.7036022642126298,0.8,0.5714285714285714,0.0,0.0,0.0,0.3846153846153846,0.0,0.6425947825670073,0.0,1.0,1.0,2.0,algo_low_certainty_sampled,D:\בעלי תשובה\ארז משה דורון\093 ישוב הדעת,D:\בעלי תשובה\ארז משה דורון\029 לראות טוב
128.0,128.0,0.0,1.0,0.0,0.0,0.25729658680382567,0.23306579697939106,0.024230789824434606,0.25645829152593796,0.23306579697939106,0.023392494546546905,0.0,0.0,0.0,0.0,0.0,0.6362069496330987,0.4885427096380442,0.33547661356402286,0.0,0.03787878787878787,0.0,0.26086956521739135,0.0,0.43775599541260674,0.0,0.0,0.0,2.0,algo_low_certainty_sampled,D:\בעלי תשובה\צבי זלבסקי\פה ושם אני רוקד,D:\בעלי תשובה\אודי אולמן\אודי - 3
320.0,157.0909090909091,162.9090909090909,0.4909090909090909,0.0,0.0,0.2328732027030505,0.3433230563582517,0.11044985365520121,0.23477009369085064,0.2387152837785005,0.003945190087649847,0.0,0.0,0.0,0.0,0.0,0.0,0.0,0.0,0.0,0.0,0.0,0.0,0.0,0.0,0.0,0.0,0.0,2.0,algo_no_comparison_result_sampled,D:\בעלי תשובה\צמאה - אומנים שרים את ניגוני הרבי מילובביץ,D:\בעלי תשובה\מאיר בנאי\לך אלי
64.0,128.0,64.0,0.5,0.0,0.0,0.24337572331410295,0.40582510542562483,0.16244938211152188,0.4669122431312358,0.2226164249693661,0.2442958181618697,0.0,0.0,0.0,0.0,0.0,0.4989554198817852,0.4100144344787939,0.11880386010203456,0.0,0.0,0.0,0.3157894736842105,0.0,0.1597902331123097,0.0,0.0,0.0,2.0,algo_low_certainty_sampled,D:\בעלי תשובה\אודי טופלברג\מים,D:\בעלי תשובה\יוסף (גלעד) קרדונר\סימנים בדרך - 01
160.0,128.0,32.0,0.8,0.0,0.0,0.3707724849592341,0.22711722683296007,0.14365525812627403,0.3707724849592341,0.22711722683296007,0.14365525812627403,0.0,0.0,0.0,0.0,0.0,0.0,0.0,0.0,0.0,0.0,0.0,0.0,0.0,0.0,0.0,0.0,0.0,2.0,algo_no_comparison_result_sampled,D:\בעלי תשובה\תיקון הכללי,D:\בעלי תשובה\יניב\קומי אורי
128.0,128.0,0.0,1.0,0.0,0.0,0.21116393582337853,1.0,0.7888360641766214,0.21116393582337853,1.0,0.7888360641766214,0.0,0.0,0.0,0.0,0.0,0.0,0.0,0.0,0.0,0.0,0.0,0.0,0.0,0.0,0.0,0.0,0.0,2.0,algo_no_comparison_result_sampled,D:\בעלי תשובה\סנדי שמואלי\בעזרת השם,D:\בעלי תשובה\נפתלי גולד
128.0,32.0,96.0,0.25,1.0,1.0,0.306539294039294,0.0,0.306539294039294,0.306539294039294,0.0,0.306539294039294,0.0,0.0,0.0,0.0,0.0,0.6928451634162368,0.42925942306747256,0.0,0.0,0.0,0.0,0.25,0.0,0.0,0.0,0.0,0.0,2.0,algo_low_certainty_sampled,D:\בעלי תשובה\בהרוז אהרוני\שירת השבים,D:\בעלי תשובה\ארז משה דורון\061 אמת לרחק ואמת לקרב
128.0,128.0,0.0,1.0,1.0,1.0,0.24951725891354376,1.0,0.7504827410864563,0.24951725891354376,0.0,0.24951725891354376,0.0,0.0,0.0,0.0,0.0,0.4594612530485815,0.20042200214397007,0.0,0.0,0.0,0.0,0.30000000000000004,0.0,0.17510218925199644,0.0,1.0,1.0,2.0,algo_low_certainty_sampled,D:\בעלי תשובה\דני ממן\זה שיר שבח,D:\בעלי תשובה\גיל עקביוב
160.0,96.0,64.0,0.6,0.0,0.0,0.25237744776806564,0.7141580422083057,0.46178059444024006,0.25237744776806564,0.26794241943258684,0.015564971664521199,0.0,0.0,0.0,0.0,0.0,0.0,0.0,0.0,0.0,0.0,0.0,0.0,0.0,0.0,0.0,0.0,0.0,2.0,algo_no_comparison_result_sampled,D:\בעלי תשובה\עדי רן\עדי רן מה יש לכם לדאוג,D:\בעלי תשובה\אודי אולמן\אגודה אחת
320.0,32.0,288.0,0.1,0.0,0.0,0.22554713804713802,0.0,0.22554713804713802,0.22554713804713802,0.0,0.22554713804713802,1.0,0.0,0.0,0.0,0.0,0.1982580217738165,0.37424242424242427,0.0,0.0,0.0,0.0,0.19444444444444442,0.0,0.0,0.0,0.0,0.0,2.0,algo_low_certainty_sampled,D:\בעלי תשובה\יצחק מאיר\סיום השס מפעלות הציונות הדתית עם יצחק מאיר UP FOR DOSSINET.ME\סיום השס מפעלות הציונות הדתית עם יצחק מאיר UP FOR DOSSINET.ME,D:\בעלי תשובה\ארז משה דורון\053 להשתנות
128.0,128.0,0.0,1.0,1.0,0.0,1.0,1.0,0.0,0.27844605035436915,1.0,0.7215539496456309,0.0,0.0,0.0,0.0,0.0,0.6231132933752688,0.5,0.06867777380857878,0.0,0.0,0.0,0.1428571428571429,0.0,0.35584820316103066,0.0,1.0,2.0,2.0,algo_low_certainty_sampled,D:\בעלי תשובה\סנדי שמואלי\מחכים,D:\בעלי תשובה\יצחק שדהו
128.0,192.0,64.0,0.6666666666666666,0.0,0.0,1.0,0.6993872645079584,0.3006127354920416,0.0,0.27946841589077837,0.27946841589077837,0.0,0.0,0.0,0.0,0.0,0.49333593797861575,0.21714000038901696,0.0,0.0,0.33333333333333337,0.0,0.24,0.0,0.4954554156333129,0.0,0.0,0.0,2.0,algo_low_certainty_sampled,D:\בעלי תשובה\אליך-יריב גולדמן,D:\בעלי תשובה\אהרון רזאל\אהבת חינם
128.0,160.0,32.0,0.8,0.0,0.0,0.25256305214732394,0.2150137524440931,0.03754929970323084,0.25256305214732394,0.18847562874257065,0.06408742340475329,0.0,0.0,0.0,0.0,0.0,0.24101821054509945,0.4638268962363494,0.19718286099865048,0.0,0.0,0.0,0.11428571428571432,0.0,0.06772330983400514,0.0,1.0,1.0,2.0,algo_low_certainty_sampled,D:\בעלי תשובה\יערות דבש-יצחק אזולאי\יערות דבש השיר והשבחלחי העולמים,D:\בעלי תשובה\ברק כהן\ברק כהן עם דובי גינז\עונג
128.0,192.0,64.0,0.6666666666666666,0.0,0.0,0.8534650546662002,0.3693793107610762,0.48408574390512393,0.8788867414094268,0.22502142268352276,0.653865318725904,0.0,1.0,0.0,0.0,0.0,0.0,0.0,0.0,0.0,0.0,0.0,0.0,0.0,0.0,0.0,0.0,0.0,2.0,algo_no_comparison_result_sampled,D:\בעלי תשובה\סיני תור,D:\בעלי תשובה\שולי רנד\הופעה בקיסריה\שולי רנד - בקיסריה\דיסק 1
128.0,128.0,0.0,1.0,0.0,0.0,0.6202184291388099,0.25256305214732394,0.3676553769914859,0.27770914861101964,0.25256305214732394,0.0251460964636957,0.0,0.0,0.0,0.0,0.0,0.582937561451717,0.3853688398121716,0.21353699906331486,0.0,0.0,0.0,0.11111111111111116,0.0,0.32063809002658805,0.0,1.0,1.0,2.0,algo_low_certainty_sampled,D:\בעלי תשובה\אחיה רובין\ונזכה,D:\בעלי תשובה\יערות דבש-יצחק אזולאי\יערות דבש השיר והשבחלחי העולמים
128.0,128.0,0.0,1.0,0.0,0.0,0.2889764430020933,0.6387530961627489,0.3497766531606556,0.2889764430020933,0.2787580723284634,0.010218370673629906,0.0,0.0,0.0,0.0,0.0,0.5255314696753176,0.323630430884298,0.23258408097538533,0.0,0.0,0.0,0.19047619047619047,0.0,0.23789710283353133,0.0,1.0,1.0,2.0,algo_low_certainty_sampled,D:\בעלי תשובה\דני גולן\דני גולן והחברים\לב טהור,D:\בעלי תשובה\ישראל דגן\עדיין יש תקווה
128.0,128.0,0.0,1.0,0.0,0.0,0.2409177614286613,0.27114163132912755,0.030223869900466244,0.2393952727002871,0.27114163132912755,0.031746358628840454,0.0,0.0,0.0,0.0,0.0,0.4431497445762412,0.44604595570112804,0.22163323116669975,0.0,0.0,0.0,0.19047619047619047,0.0,0.26318051658824176,0.0,1.0,1.0,2.0,algo_low_certainty_sampled,D:\בעלי תשובה\שולי רנד\שולי רנד קיסריה,D:\בעלי תשובה\דב אינדיג\בת קול
128.0,32.0,96.0,0.25,0.0,1.0,1.0,0.0,1.0,1.0,0.0,1.0,0.0,0.0,0.0,0.0,0.0,0.25332891145056846,0.25555555555555554,0.09,0.0,0.0,0.0,0.2142857142857143,0.0,0.27109243460951093,0.0,0.0,0.0,2.0,algo_low_certainty_sampled,D:\בעלי תשובה\רונן  חזיזה\שמחה של מצווה,D:\בעלי תשובה\ארז משה דורון\001 תיקון הכללי
98.9090909090909,128.0,29.090909090909093,0.7727272727272727,0.0,0.0,0.2270135150184752,0.2409177614286613,0.013904246410186116,0.2270135150184752,0.2393952727002871,0.012381757681811906,0.0,0.0,0.0,0.0,0.0,0.34088862512039875,0.4037877255045517,0.19396351145182952,0.0,0.0,0.0,0.3157894736842105,0.0,0.22946193454861097,0.0,1.0,1.0,2.0,algo_low_certainty_sampled,D:\בעלי תשובה\יצחק פוקס\פוקס,D:\בעלי תשובה\שולי רנד\שולי רנד קיסריה
128.0,128.0,0.0,1.0,0.0,0.0,1.0,0.24746292294408634,0.7525370770559137,1.0,0.24746292294408634,0.7525370770559137,0.0,0.0,0.0,0.0,0.0,0.648924514263967,0.26636063645575403,0.10342900657302279,0.0,0.0,0.0,0.2857142857142857,0.0,0.40864807510446877,0.0,0.0,0.0,2.0,algo_low_certainty_sampled,D:\בעלי תשובה\יצחק פוקס\(באנו ביחד (כדאי לבדוק אם חסר איזה שיר,D:\בעלי תשובה\עדי רן\עדי רן והגיטרה - 2
128.0,128.0,0.0,1.0,0.0,0.0,0.2409177614286613,0.7874080873534178,0.5464903259247565,0.2393952727002871,0.7874080873534178,0.5480128146531307,0.0,0.0,0.0,0.0,0.0,0.5044329268348787,0.24322619947809196,0.1743069580647923,0.0,0.13527781563763572,0.0,0.18181818181818177,0.0,0.4500031137903606,0.0,1.0,1.0,2.0,algo_low_certainty_sampled,D:\בעלי תשובה\שולי רנד\שולי רנד קיסריה,D:\בעלי תשובה\המדרגות
128.0,128.0,0.0,1.0,0.0,0.0,0.21116393582337853,0.24951725891354376,0.03835332309016523,0.21116393582337853,0.24951725891354376,0.03835332309016523,0.0,0.0,0.0,0.0,0.0,0.6825292585968953,0.4849345087695912,0.20348207348207348,0.0,0.0,0.0,0.42105263157894735,0.0,0.4317703526248545,0.0,1.0,1.0,2.0,algo_low_certainty_sampled,D:\בעלי תשובה\סנדי שמואלי\בעזרת השם,D:\בעלי תשובה\דני ממן\זה שיר שבח
192.0,128.0,64.0,0.6666666666666666,0.0,0.0,1.0,0.2249296836256957,0.7750703163743042,1.0,0.2249296836256957,0.7750703163743042,0.0,0.0,0.0,0.0,0.0,0.0,0.0,0.0,0.0,0.0,0.0,0.0,0.0,0.0,0.0,0.0,0.0,2.0,algo_no_comparison_result_sampled,D:\בעלי תשובה\עובדיה חממה\אנא בכח,D:\בעלי תשובה\שולי רנד\בצוותא
166.4,128.0,38.400000000000006,0.7692307692307692,0.0,0.0,0.2594066150567698,0.29698772961930864,0.03758111456253882,0.2594066150567698,1.0,0.7405933849432302,1.0,0.0,0.0,0.0,0.0,0.0,0.0,0.0,0.0,0.0,0.0,0.0,0.0,0.0,0.0,0.0,0.0,2.0,algo_no_comparison_result_sampled,D:\בעלי תשובה\עדי רן\עדי רן - גלגל של הצלה,D:\בעלי תשובה\אחישנה\לך ה' אלוקי
128.0,128.0,0.0,1.0,0.0,1.0,0.2889764430020933,1.0,0.7110235569979066,0.2889764430020933,1.0,0.7110235569979066,0.0,0.0,0.0,0.0,0.0,0.6250428256120252,0.18490141728044954,0.05429184835296021,0.0,0.0,0.0,0.36363636363636365,0.0,0.35626552042421367,0.0,1.0,1.0,2.0,algo_low_certainty_sampled,D:\בעלי תשובה\דני גולן\דני גולן והחברים\לב טהור,D:\בעלי תשובה\ברלינגר\משה לוי והלויים
48.0,160.0,112.0,0.3,1.0,1.0,0.3657312505730815,0.22423017210857654,0.14150107846450494,0.1783519691265463,0.22423017210857654,0.04587820298203024,0.0,0.0,0.0,0.0,0.0,0.04842711047761251,0.42516961545094534,0.19536081991324955,0.0,0.0,0.0,0.2222222222222222,0.0,0.29682635620735204,0.0,1.0,1.0,2.0,algo_low_certainty_sampled,D:\בעלי תשובה\עמיר בניון\עמיר בניון - עומד בשער,D:\בעלי תשובה\מים 1
96.0,128.0,32.0,0.75,0.0,0.0,0.29735679447955665,0.0,0.29735679447955665,0.29735679447955665,1.0,0.7026432055204433,0.0,0.0,0.0,0.0,0.0,0.38505555853338563,0.42503623731693907,0.010802469135802474,0.0,0.0,0.0,0.2727272727272727,0.0,0.192469712358248,0.0,1.0,1.0,2.0,algo_low_certainty_sampled,D:\בעלי תשובה\גד ליאור,D:\בעלי תשובה\רונן  חזיזה\ירמיהו גרוסקוט
128.0,32.0,96.0,0.25,1.0,1.0,0.4407025534851622,0.0,0.4407025534851622,0.4407025534851622,0.0,0.4407025534851622,0.0,0.0,0.0,0.0,0.0,0.2835250968358626,0.4193374741200828,0.1409653092006033,0.0,0.0,0.0,0.32258064516129037,0.0,0.15606434834719415,0.0,0.0,0.0,2.0,algo_low_certainty_sampled,D:\בעלי תשובה\ישראל דגן\מחול צדיקים,D:\בעלי תשובה\ארז משה דורון\038 לשלוט על המלאכים
128.0,128.0,0.0,1.0,1.0,1.0,0.3893982783358661,0.675501164221651,0.28610288588578486,0.3893982783358661,0.675501164221651,0.28610288588578486,0.0,0.0,0.0,0.0,0.0,0.5682940532850269,0.38523757988043705,0.23872585821115233,0.0,0.0,0.0,0.2857142857142857,0.0,0.22081692230822458,0.0,1.0,1.0,2.0,algo_low_certainty_sampled,D:\בעלי תשובה\אילן כהן צדק\אילן שלום 2,D:\בעלי תשובה\ניסים גרמה
128.0,128.0,0.0,1.0,0.0,0.0,0.40024241465807686,1.0,0.5997575853419231,0.29184619831127967,0.0,0.29184619831127967,0.0,0.0,0.0,0.0,0.0,0.825695792729696,0.1830020894839992,0.0,0.0,0.0,0.0,0.25,0.0,0.8257520342022721,0.0,0.0,0.0,2.0,algo_low_certainty_sampled,D:\בעלי תשובה\אלטרנטיבי\להקת המדרגות-בפתח הדלת,D:\בעלי תשובה\גיל עקביוב
128.0,320.0,192.0,0.4,0.0,0.0,0.2139713364504999,0.269820031736722,0.05584869528622208,0.21586764519215973,0.269820031736722,0.05395238654456225,0.0,0.0,0.0,0.0,0.0,0.1924556403175922,0.5194775093460634,0.2723949253361019,0.0,0.0,0.0,0.15384615384615385,0.0,0.19638791940528,0.0,0.0,0.0,2.0,algo_low_certainty_sampled,D:\בעלי תשובה\אנסמבל שם-טוב לוי\תחנות רוח,D:\בעלי תשובה\חיים דוד סרצ'יק\היום
128.0,320.0,192.0,0.4,0.0,0.0,0.27179654705633965,0.4255032201276181,0.15370667307127844,0.27179654705633965,0.4242520955212302,0.15245554846489057,0.0,0.0,0.0,0.0,0.0,0.12200307514421989,0.4833267605585744,0.24344982353820865,0.0,0.008097165991902834,0.0,0.2666666666666667,0.0,0.3678342714809527,0.0,0.0,0.0,2.0,algo_low_certainty_sampled,D:\בעלי תשובה\יהודה גלאנץ\נעלה,D:\בעלי תשובה\יאיר כלב\עצם הנשמה 2
128.0,160.0,32.0,0.8,0.0,0.0,1.0,0.27238638174643265,0.7276136182535673,1.0,0.0,1.0,1.0,0.0,0.0,0.0,0.0,0.0,0.0,0.0,0.0,0.0,0.0,0.0,0.0,0.0,0.0,0.0,0.0,2.0,algo_no_comparison_result_sampled,D:\בעלי תשובה\יצחק מאיר\נשמות חדשות\חלק 2,D:\בעלי תשובה\אהרון רזאל\אהרן רזאל - זמן הגאולה
192.0,32.0,160.0,0.16666666666666666,0.0,0.0,0.7029066585588325,0.0,0.7029066585588325,0.28324915824915825,1.0,0.7167508417508417,0.0,0.0,0.0,0.0,0.0,0.17668008758883835,0.1447987449875322,0.0,0.0,0.0,0.0,0.14814814814814814,0.0,0.0,0.0,0.0,0.0,2.0,algo_low_certainty_sampled,D:\בעלי תשובה\אהוד בנאי\טיפ טיפה,D:\בעלי תשובה\ארז משה דורון\000[096] סוד הויתור
128.0,32.0,96.0,0.25,1.0,1.0,0.2876621417797888,0.0,0.2876621417797888,0.2876621417797888,0.0,0.2876621417797888,0.0,0.0,0.0,0.0,0.0,0.7279262153788975,0.3522714833059661,0.0,0.0,0.0,0.0,0.24,0.0,0.0,0.0,0.0,0.0,2.0,algo_low_certainty_sampled,D:\בעלי תשובה\שלמה זוהר,D:\בעלי תשובה\ארז משה דורון\035 עוצמת השתיקה
128.0,128.0,0.0,1.0,1.0,1.0,1.0,0.7180435668882397,0.28195643311176033,1.0,0.7180435668882397,0.28195643311176033,0.0,0.0,0.0,0.0,0.0,0.6369280448943483,0.1613187398023851,0.08479250832192009,0.0,0.0,0.0,0.19999999999999996,0.0,0.3823219916103683,0.0,1.0,1.0,2.0,algo_low_certainty_sampled,D:\בעלי תשובה\ברק כהן\כי לא ינום,D:\בעלי תשובה\מערבה מכאן
128.0,128.0,0.0,1.0,1.0,1.0,0.3569665526970235,0.4395813988062998,0.08261484610927633,0.2755814301892734,0.4395813988062998,0.16399996861702643,0.0,0.0,0.0,0.0,0.0,0.6273355369333936,0.406791250657784,0.2452710592559785,0.0,0.0,0.0,0.11111111111111116,0.0,0.5063922609920156,0.0,1.0,1.0,2.0,algo_low_certainty_sampled,D:\בעלי תשובה\יהודה גלאנץ\פיונרו,D:\בעלי תשובה\ישראל דגן\ראש השנה שלי
128.0,128.0,0.0,1.0,0.0,0.0,0.2312279492899914,1.0,0.7687720507100086,0.2312279492899914,0.260144522835359,0.028916573545367585,0.0,0.0,0.0,0.0,0.0,0.5205119940276239,0.1715560993680531,0.05757513422716804,0.0,0.0,0.0,0.11111111111111116,0.0,0.24621740798483396,0.0,1.0,1.0,2.0,algo_low_certainty_sampled,D:\בעלי תשובה\יהודה גלאנץ\רק לצעוק אל ה,D:\בעלי תשובה\חיים דוד סרצ'יק\הפורש
160.0,128.0,32.0,0.8,1.0,1.0,0.22423017210857654,0.3569665526970235,0.13273638058844694,0.22423017210857654,0.2755814301892734,0.05135125808069685,0.0,0.0,0.0,0.0,0.0,0.3381156945846536,0.3918142104769696,0.19112854600268786,0.0,0.0,0.0,0.18181818181818177,0.0,0.17118928583185614,0.0,1.0,1.0,2.0,algo_low_certainty_sampled,D:\בעלי תשובה\מים 1,D:\בעלי תשובה\יהודה גלאנץ\פיונרו
128.0,128.0,0.0,1.0,0.0,0.0,0.41880170358742175,0.23094965439521678,0.18785204919220497,0.41880170358742175,0.23094965439521678,0.18785204919220497,0.0,0.0,0.0,0.0,0.0,0.5534629541207714,0.40347458468622904,0.17852102031668596,0.0,0.0,0.0,0.4,0.0,0.3393116038370295,0.0,0.0,0.0,2.0,algo_low_certainty_sampled,D:\בעלי תשובה\ישראל דגן\סמכו על כוחי,D:\בעלי תשובה\סיני\אספרה כבודך - סיני
128.0,128.0,0.0,1.0,0.0,0.0,0.4249225978542701,0.4601311768377076,0.03520857898343749,0.4249225978542701,0.4601311768377076,0.03520857898343749,1.0,0.0,0.0,0.0,0.0,0.5327039012031586,0.4093860062808896,0.2690016067974399,0.0,0.0,0.0,0.14814814814814814,0.0,0.13623119516599655,0.0,1.0,1.0,2.0,algo_low_certainty_sampled,D:\בעלי תשובה\ניצן חן רזאל מוצא מקום,D:\בעלי תשובה\יונתן
112.0,96.0,16.0,0.8571428571428571,0.0,0.0,0.33110121955480315,1.0,0.6688987804451969,0.2588312282270321,1.0,0.7411687717729679,0.0,0.0,0.0,0.0,0.0,0.37683859608313536,0.16683719439328318,0.10795432494348904,0.3571428571428571,0.42266081871345024,0.0,0.3703703703703704,0.0,0.35723151250248275,0.0,0.0,0.0,2.0,algo_low_certainty_sampled,D:\בעלי תשובה\איירה הלר\איירה הלר - אגודה,D:\בעלי תשובה\ברלינגר\אביתר בנאי
320.0,32.0,288.0,0.1,1.0,1.0,0.21379310344827585,0.0,0.21379310344827585,0.21379310344827585,0.0,0.21379310344827585,0.0,0.0,0.0,0.0,0.0,0.1842533110981821,0.3505026455026455,0.0,0.0,0.0,0.0,0.18181818181818177,0.0,0.0,0.0,0.0,0.0,2.0,algo_low_certainty_sampled,D:\בעלי תשובה\בנגי רפאל\משיח,D:\בעלי תשובה\ארז משה דורון\034 אש רוח מים עפר
96.0,128.0,32.0,0.75,0.0,0.0,0.7141580422083057,0.21966512044689707,0.49449292176140863,0.26794241943258684,0.29173991200759963,0.02379749257501279,0.0,0.0,0.0,0.0,0.0,0.4685022384160942,0.2264506755626712,0.20730721731865895,0.044466403162055336,0.07017543859649122,0.0,0.26086956521739135,0.0,0.36430531903282487,0.0,0.0,0.0,2.0,algo_low_certainty_sampled,D:\בעלי תשובה\אודי אולמן\אגודה אחת,D:\בעלי תשובה\ישראל דגן\למען שמו באהבה
157.0909090909091,160.0,2.9090909090909065,0.9818181818181818,0.0,0.0,0.3433230563582517,0.3707724849592341,0.027449428600982373,0.2387152837785005,0.3707724849592341,0.1320572011807336,0.0,0.0,0.0,0.0,0.0,0.0,0.0,0.0,0.0,0.0,0.0,0.0,0.0,0.0,0.0,0.0,0.0,2.0,algo_no_comparison_result_sampled,D:\בעלי תשובה\מאיר בנאי\לך אלי,D:\בעלי תשובה\תיקון הכללי
320.0,128.0,192.0,0.4,1.0,1.0,0.31856504208855146,1.0,0.6814349579114485,0.31856504208855146,0.0,0.31856504208855146,0.0,0.0,0.0,0.0,0.0,0.2729798535535123,0.19249117267192906,0.0,0.0,0.0,0.0,0.3157894736842105,0.0,0.17193191633000204,0.0,1.0,1.0,2.0,algo_low_certainty_sampled,D:\בעלי תשובה\אהוד בר לוי,D:\בעלי תשובה\חיים דוד סרצ'יק\למעו שמו
128.0,56.0,72.0,0.4375,0.0,1.0,1.0,0.7537098401213115,0.24629015987868852,0.0,0.2459984041872587,0.2459984041872587,0.0,0.0,0.0,0.0,0.0,0.29788518209708276,0.15952202030054483,0.0,0.0,0.0,0.0,0.4285714285714286,0.0,0.4372724964524033,0.0,1.0,1.0,2.0,algo_low_certainty_sampled,D:\בעלי תשובה\חיים דוד סרצ'יק\למעו שמו,D:\בעלי תשובה\סנדי שמואלי\עד מתי
128.0,128.0,0.0,1.0,0.0,0.0,0.29698772961930864,0.6387530961627489,0.34176536654344025,1.0,0.2787580723284634,0.7212419276715366,0.0,0.0,0.0,0.0,0.0,0.5702248040175669,0.4524157905586478,0.04558040488922842,0.5,0.5454545454545453,0.5454545454545453,0.24,0.0,0.3749867689923026,0.0,1.0,2.0,2.0,algo_low_certainty_sampled,D:\בעלי תשובה\אחישנה\לך ה' אלוקי,D:\בעלי תשובה\ישראל דגן\עדיין יש תקווה
320.0,160.0,160.0,0.5,1.0,1.0,0.269820031736722,0.27238638174643265,0.0025663500097106717,0.269820031736722,0.27238638174643265,0.0025663500097106717,0.0,0.0,0.0,0.0,0.0,0.3158542267948994,0.473338230578126,0.23497221022796477,0.0,0.0,0.0,0.2857142857142857,0.0,0.35596013670290677,0.0,1.0,1.0,2.0,algo_low_certainty_sampled,D:\בעלי תשובה\חיים דוד סרצ'יק\היום,D:\בעלי תשובה\אהרון רזאל\זמן הגאולה
128.0,32.0,96.0,0.25,0.0,0.0,0.6499881692003374,0.0,0.6499881692003374,0.6499881692003374,0.0,0.6499881692003374,0.0,0.0,0.0,0.0,0.0,0.17003038888394878,0.30255531266560676,0.09301976758873312,0.0,0.0,0.0,0.2142857142857143,0.0,0.21066101185066266,0.0,0.0,0.0,2.0,algo_low_certainty_sampled,D:\בעלי תשובה\ישראל דגן\לכבוד רשב'י,D:\בעלי תשובה\ארז משה דורון\011 אחד היה אברהם
320.0,32.0,288.0,0.1,0.0,0.0,0.22554713804713802,0.0,0.22554713804713802,0.22554713804713802,0.0,0.22554713804713802,1.0,0.0,0.0,0.0,0.0,0.19745205854272732,0.37424242424242427,0.0,0.0,0.0,0.0,0.1917808219178082,0.0,0.0,0.0,0.0,0.0,2.0,algo_low_certainty_sampled,D:\בעלי תשובה\יצחק מאיר\סיום השס מפעלות הציונות הדתית עם יצחק מאיר UP FOR DOSSINET.ME\סיום השס מפעלות הציונות הדתית עם יצחק מאיר UP FOR DOSSINET.ME,D:\בעלי תשובה\ארז משה דורון\037 ליל הסדר
128.0,128.0,0.0,1.0,0.0,0.0,0.2941560623287137,0.6387530961627489,0.34459703383403517,0.0,0.2787580723284634,0.2787580723284634,0.0,0.0,0.0,0.0,0.0,0.579977190621243,0.33408361945798015,0.0,0.0,0.0,0.0,0.24,0.0,0.2802197693153414,0.0,0.0,0.0,2.0,algo_low_certainty_sampled,D:\בעלי תשובה\עדי רן\אל תכה בסלע,D:\בעלי תשובה\ישראל דגן\עדיין יש תקווה
128.0,128.0,0.0,1.0,0.0,1.0,0.6981405755041324,0.3409729108296054,0.35716766467452704,0.28284348986098745,0.3409729108296054,0.05812942096861795,0.0,0.0,0.0,0.0,0.0,0.3415391677471503,0.26562730160047526,0.1049868139523312,0.0,0.0759560951868644,0.0,0.2162162162162162,0.0,0.07692307692307693,0.0,1.0,1.0,2.0,algo_low_certainty_sampled,D:\בעלי תשובה\עמיר בניון\עמיר בניון - עץ על מים האלבום,D:\בעלי תשובה\ישראל דגן\דגן חתונות\משה אונו
128.0,320.0,192.0,0.4,0.0,0.0,0.2963361711896721,0.416959409862627,0.12062323867295488,0.2792337495532713,0.31644553061421565,0.03721178106094436,0.0,1.0,0.0,0.0,0.0,0.4041945893139946,0.45126695430567865,0.31243941588839963,0.0,0.23804854149681734,0.0,0.3414634146341463,0.0,0.25465079574586125,0.0,0.5416666666666666,1.0,2.0,algo_low_certainty_sampled,D:\בעלי תשובה\נסתרות דרכי האל,D:\בעלי תשובה\עמיר בניון\עמיר בניון שירי ארץ אהבה\עמיר בניון - שירי ארץ-אהבה
128.0,128.0,0.0,1.0,0.0,0.0,0.25729658680382567,0.26316833264670075,0.005871745842875087,0.25645829152593796,0.26316833264670075,0.006710041120762789,0.0,0.0,0.0,0.0,0.0,0.5421505769663141,0.44859596446847616,0.24820806750284596,0.0,0.02727272727272728,0.0,0.16000000000000003,0.0,0.2879720843307582,0.0,1.0,1.0,2.0,algo_low_certainty_sampled,D:\בעלי תשובה\צבי זלבסקי\פה ושם אני רוקד,D:\בעלי תשובה\ירמיהו\כנגן המנגן
128.0,128.0,0.0,1.0,0.0,0.0,0.23306579697939106,0.26316833264670075,0.030102535667309693,0.23306579697939106,0.26316833264670075,0.030102535667309693,0.0,0.0,0.0,0.0,0.0,0.0,0.0,0.0,0.0,0.0,0.0,0.0,0.0,0.0,0.0,0.0,0.0,2.0,algo_no_comparison_result_sampled,D:\בעלי תשובה\אודי אולמן\אודי - 3,D:\בעלי תשובה\ירמיהו\כנגן המנגן
128.0,128.0,0.0,1.0,0.0,0.0,0.39919417184261435,0.0,0.39919417184261435,0.25183269050770285,1.0,0.7481673094922972,0.0,0.0,0.0,0.0,0.0,0.0,0.0,0.0,0.0,0.0,0.0,0.0,0.0,0.0,0.0,0.0,0.0,2.0,algo_no_comparison_result_sampled,D:\בעלי תשובה\מיקי רוזנבאום\פסיפס-2,D:\בעלי תשובה\רונן  חזיזה\ירמיהו גרוסקוט
160.0,96.0,64.0,0.6,0.0,0.0,0.21497468337814524,0.7141580422083057,0.49918335883016046,0.21497468337814524,0.26794241943258684,0.052967736054441605,0.0,0.0,0.0,0.0,0.0,0.32153441315993747,0.24695259807808534,0.23435140853871506,0.0,0.0,0.0,0.1428571428571429,0.0,0.5683015457539463,0.0,0.0,0.0,2.0,algo_low_certainty_sampled,D:\בעלי תשובה\מים 2,D:\בעלי תשובה\אודי אולמן\אגודה אחת
128.0,160.0,32.0,0.8,1.0,1.0,0.6974116257476615,0.27238638174643265,0.4250252440012288,0.6974116257476615,0.27238638174643265,0.4250252440012288,0.0,0.0,0.0,0.0,0.0,0.5232569381604112,0.443168178887929,0.2906445704298327,0.0,0.0,0.0,0.2857142857142857,0.0,0.4390256075479243,0.0,1.0,1.0,2.0,algo_low_certainty_sampled,D:\בעלי תשובה\חיות  הקודש,D:\בעלי תשובה\אהרון רזאל\זמן הגאולה
128.0,126.66666666666667,1.3333333333333286,0.9895833333333334,0.0,0.0,0.5122535241877743,0.0,0.5122535241877743,0.4890129763008215,0.0,0.4890129763008215,0.0,0.0,0.0,0.0,0.0,0.2976433629535461,0.25179059641794443,0.0,0.0,0.0,0.0,0.15384615384615385,0.0,0.1665852378049965,0.0,1.0,1.0,2.0,algo_low_certainty_sampled,D:\בעלי תשובה\ברלינגר\משה לוי - טוב\מים עמוקים-2-חנוכה תשסג,D:\בעלי תשובה\ישראל דגן\דגן חתונות\חגי
128.0,128.0,0.0,1.0,1.0,1.0,1.0,0.2889764430020933,0.7110235569979066,1.0,0.2889764430020933,0.7110235569979066,0.0,0.0,0.0,0.0,0.0,0.6067272484132824,0.2003941323544022,0.06075640862405568,0.0,0.0,0.0,0.375,0.0,0.39481072880962775,0.0,1.0,1.0,2.0,algo_low_certainty_sampled,D:\בעלי תשובה\יצחק שדהו,D:\בעלי תשובה\דני גולן\דני גולן והחברים\לב טהור
128.0,128.0,0.0,1.0,0.0,0.0,1.0,0.2844109435360347,0.7155890564639653,1.0,0.2844109435360347,0.7155890564639653,0.0,1.0,0.0,0.0,0.0,0.5942275815384223,0.28866590017542054,0.12016920676228793,0.0,0.0,0.0,0.41379310344827597,0.0,0.3407039306439224,0.0,1.0,1.0,2.0,algo_low_certainty_sampled,D:\בעלי תשובה\יצחק פוקס\(באנו ביחד (כדאי לבדוק אם חסר איזה שיר,D:\בעלי תשובה\אודי דוידי\אודי דוידי - בן אהוב
160.0,128.0,32.0,0.8,0.0,0.0,0.21497468337814524,0.2844109435360347,0.06943626015788945,0.21497468337814524,0.2844109435360347,0.06943626015788945,0.0,1.0,0.0,0.0,0.0,0.42867788528018363,0.42867306430947405,0.2420531041375031,0.0,0.0,0.0,0.16000000000000003,0.0,0.3856410155180609,0.0,1.0,1.0,2.0,algo_low_certainty_sampled,D:\בעלי תשובה\מים 2,D:\בעלי תשובה\אודי דוידי\אודי דוידי - בן אהוב
166.4,128.0,38.400000000000006,0.7692307692307692,0.0,0.0,0.2594066150567698,0.6847330038265858,0.42532638876981593,0.2594066150567698,0.22257521613042763,0.036831398926342185,1.0,0.0,0.0,0.0,0.0,0.0,0.0,0.0,0.0,0.0,0.0,0.0,0.0,0.0,0.0,0.0,0.0,2.0,algo_no_comparison_result_sampled,D:\בעלי תשובה\עדי רן\עדי רן - גלגל של הצלה,D:\בעלי תשובה\אורן ארנון\עלי באר
128.0,192.0,64.0,0.6666666666666666,0.0,0.0,0.2409177614286613,0.3067488807297329,0.06583111930107158,0.2393952727002871,0.3067488807297329,0.06735360802944579,0.0,1.0,0.0,0.0,0.0,0.0,0.0,0.0,0.0,0.0,0.0,0.0,0.0,0.0,0.0,0.0,0.0,2.0,algo_no_comparison_result_sampled,D:\בעלי תשובה\שולי רנד\שולי רנד קיסריה,D:\בעלי תשובה\אהרון רזאל\אהרן רזאל - קבעתי את מושבי\אהרן רזאל - קבעתי את מושבי
128.0,160.0,32.0,0.8,0.0,0.0,0.2859762415131112,0.22423017210857654,0.06174606940453464,1.0,0.22423017210857654,0.7757698278914235,1.0,0.0,0.0,0.0,0.0,0.536166390231234,0.49873457902229507,0.1386132739622442,0.0,0.0,0.0,0.0,0.0,0.5771591383637713,0.0,1.0,1.0,2.0,algo_low_certainty_sampled,D:\בעלי תשובה\עדי רן\התבוננות,D:\בעלי תשובה\מים 1
32.0,32.0,0.0,1.0,1.0,1.0,0.0,0.0,0.0,0.0,0.0,0.0,0.0,0.0,0.0,0.0,0.0,0.635355596621553,0.7692307692307692,0.5,0.0,0.0,0.0,0.3703703703703704,0.0,0.4695374091012024,0.0,1.0,1.0,2.0,algo_low_certainty_sampled,D:\בעלי תשובה\ארז משה דורון\002 בעל תפילה,D:\בעלי תשובה\ארז משה דורון\009 סיפור אישי
128.0,128.0,0.0,1.0,0.0,1.0,1.0,0.7180435668882397,0.28195643311176033,0.0,0.7180435668882397,0.7180435668882397,0.0,0.0,0.0,0.0,0.0,0.2701738896426806,0.13695347673675848,0.0,0.0,0.0,0.0,0.1333333333333333,0.0,0.08455032467616524,0.0,1.0,1.0,2.0,algo_low_certainty_sampled,D:\בעלי תשובה\ישראל דגן\דגן חתונות\יוחנן,D:\בעלי תשובה\מערבה מכאן
128.0,128.0,0.0,1.0,1.0,1.0,0.3462975584756755,0.36207277452891484,0.015775216053239338,0.3462975584756755,1.0,0.6537024415243244,0.0,0.0,0.0,0.0,0.0,0.4619002132627178,0.36221713388196597,0.04509325396825397,0.0,0.0,0.0,0.4444444444444444,0.0,0.1535064590510265,0.0,1.0,1.0,2.0,algo_low_certainty_sampled,D:\בעלי תשובה\ישראל דגן\נפשי החזקה,D:\בעלי תשובה\ברק כהן\יש תקווה
128.0,128.0,0.0,1.0,0.0,0.0,1.0,0.6847330038265858,0.31526699617341425,1.0,0.22257521613042763,0.7774247838695724,0.0,0.0,0.0,0.0,0.0,0.0,0.0,0.0,0.0,0.0,0.0,0.0,0.0,0.0,0.0,0.0,0.0,2.0,algo_no_comparison_result_sampled,D:\בעלי תשובה\נפתלי גולד,D:\בעלי תשובה\אורן ארנון\עלי באר
128.0,128.0,0.0,1.0,0.0,0.0,0.21116393582337853,0.2941560623287137,0.08299212650533519,0.21116393582337853,0.0,0.21116393582337853,0.0,0.0,0.0,0.0,0.0,0.6327490483527687,0.46418061945080263,0.0,0.0,0.0,0.0,0.19999999999999996,0.0,0.37726507893966615,0.0,0.0,0.0,2.0,algo_low_certainty_sampled,D:\בעלי תשובה\סנדי שמואלי\בעזרת השם,D:\בעלי תשובה\עדי רן\אל תכה בסלע
128.0,96.0,32.0,0.75,0.0,0.0,1.0,0.22190442340597138,0.7780955765940286,0.0,0.22190442340597138,0.22190442340597138,0.0,0.0,0.0,0.0,0.0,0.5134017235746391,0.21120083181852295,0.0,0.0,0.0,0.0,0.33333333333333337,0.0,0.4862940926730678,0.0,0.55,1.0,2.0,algo_low_certainty_sampled,D:\בעלי תשובה\חיים דוד סרצ'יק\למעו שמו,D:\בעלי תשובה\קול אחי\הללו
128.0,32.0,96.0,0.25,0.0,0.0,0.6499881692003374,0.0,0.6499881692003374,0.6499881692003374,0.0,0.6499881692003374,0.0,0.0,0.0,0.0,0.0,0.24462808203197817,0.3021799372902314,0.09240400404193508,0.0,0.0,0.0,0.2068965517241379,0.0,0.0,0.0,0.0,0.0,2.0,algo_low_certainty_sampled,D:\בעלי תשובה\ישראל דגן\לכבוד רשב'י,D:\בעלי תשובה\ארז משה דורון\063 מנהיגות יהודית
160.0,128.0,32.0,0.8,0.0,0.0,0.3707724849592341,0.27114163132912755,0.09963085363010654,0.3707724849592341,0.27114163132912755,0.09963085363010654,0.0,0.0,0.0,0.0,0.0,0.6776489166651479,0.41216708207994474,0.23916629788559682,0.0,0.0,0.0,0.4705882352941176,0.0,0.34726186057955694,0.0,1.0,1.0,2.0,algo_low_certainty_sampled,D:\בעלי תשובה\תיקון הכללי,D:\בעלי תשובה\דב אינדיג\בת קול
32.0,128.0,96.0,0.25,0.0,1.0,0.0,0.6596002478820621,0.6596002478820621,0.0,0.8333333333333334,0.8333333333333334,0.0,0.0,0.0,0.0,0.0,0.5895051230589679,0.2707286271090825,0.051809210526315784,0.0,0.0,0.0,0.09999999999999998,0.0,0.0,0.0,0.0,0.0,2.0,algo_low_certainty_sampled,D:\בעלי תשובה\ארז משה דורון\028 חינוך ילדים,D:\בעלי תשובה\המושב
128.0,128.0,0.0,1.0,0.0,0.0,0.39700289550146606,0.2312279492899914,0.16577494621147465,0.39700289550146606,0.2312279492899914,0.16577494621147465,0.0,0.0,0.0,0.0,0.0,0.5856630768055326,0.3877273875905515,0.2525280056006594,0.0,0.0,0.0,0.09523809523809523,0.0,0.4167511275296768,0.0,1.0,1.0,2.0,algo_low_certainty_sampled,D:\בעלי תשובה\אלי מנדלבוים\חסינגלים,D:\בעלי תשובה\יהודה גלאנץ\רק לצעוק אל ה
128.0,128.0,0.0,1.0,1.0,1.0,0.2755814301892734,0.3462975584756755,0.07071612828640211,0.2755814301892734,0.3462975584756755,0.07071612828640211,0.0,0.0,0.0,0.0,0.0,0.4787321499945246,0.5939350644421637,0.47091992554061524,0.0,0.0,0.0,0.0,0.0,0.3074877120826039,0.0,1.0,1.0,2.0,algo_low_certainty_sampled,D:\בעלי תשובה\יהודה גלאנץ\Phinar,D:\בעלי תשובה\ישראל דגן\נפשי החזקה
128.0,128.0,0.0,1.0,0.0,0.0,0.4395813988062998,0.264503876615915,0.1750775221903848,0.4395813988062998,1.0,0.5604186011937002,0.0,0.0,0.0,0.0,0.0,0.6186917073359555,0.39459958888270236,0.02981761993548036,0.0,0.0,0.0,0.18181818181818177,0.0,0.4827158690998744,0.0,1.0,1.0,2.0,algo_low_certainty_sampled,D:\בעלי תשובה\ישראל דגן\ראש השנה שלי,D:\בעלי תשובה\אסף נגל\אדיר במרום
128.0,128.0,0.0,1.0,0.0,1.0,0.8181818181818182,1.0,0.18181818181818177,0.0,1.0,1.0,0.0,0.0,0.0,0.0,0.0,0.7063701975377201,0.2222631169999591,0.006060606060606059,0.0,0.0,0.0,0.2777777777777778,0.0,0.41281903944321807,0.0,0.7272727272727273,1.0,2.0,algo_low_certainty_sampled,D:\בעלי תשובה\חיים דוד סרצ'יק\היום\1-זה כפול נא לסדר,D:\בעלי תשובה\אודי דוידי\אודי דוידי דבר אליו
128.0,320.0,192.0,0.4,0.0,0.0,1.0,0.20824731826827425,0.7917526817317257,1.0,1.0,0.0,0.0,0.0,0.0,0.0,0.0,0.16744026233586493,0.2951070176338993,0.4140866873065014,0.0,0.0,0.0,0.4285714285714286,0.0,0.32994934185025676,0.0,1.0,1.0,2.0,algo_low_certainty_sampled,D:\בעלי תשובה\יצחק פוקס\(באנו ביחד (כדאי לבדוק אם חסר איזה שיר,D:\בעלי תשובה\שולי רנד\שולי רנד בקיסריה 1
128.0,128.0,0.0,1.0,0.0,1.0,0.4407025534851622,1.0,0.5592974465148378,0.4407025534851622,1.0,0.5592974465148378,0.0,0.0,0.0,0.0,0.0,0.17849300368922033,0.17226979565772668,0.03671679197994987,0.0,0.0,0.0,0.41666666666666663,0.0,0.0,0.0,0.6,1.0,2.0,algo_low_certainty_sampled,D:\בעלי תשובה\ישראל דגן\מחול צדיקים,D:\בעלי תשובה\רונן  חזיזה\שמחה של מצווה
128.0,128.0,0.0,1.0,1.0,1.0,1.0,0.25256305214732394,0.7474369478526761,1.0,0.25256305214732394,0.7474369478526761,0.0,0.0,0.0,0.0,0.0,0.5960029646553455,0.1951612671268633,0.04675369350291951,0.0,0.0,0.0,0.25,0.0,0.3522602241980669,0.0,1.0,1.0,2.0,algo_low_certainty_sampled,D:\בעלי תשובה\יצחק שדהו,D:\בעלי תשובה\יערות דבש-יצחק אזולאי\יערות דבש השיר והשבחלחי העולמים
128.0,166.4,38.400000000000006,0.7692307692307692,0.0,0.0,0.2755814301892734,0.2594066150567698,0.016174815132503573,0.2755814301892734,0.2594066150567698,0.016174815132503573,0.0,1.0,0.0,0.0,0.0,0.5454888664394648,0.47851511579847406,0.27488032454361055,0.0,0.0,0.0,0.0,0.0,0.31103331940734563,0.0,1.0,1.0,2.0,algo_low_certainty_sampled,D:\בעלי תשובה\יהודה גלאנץ\Phinar,D:\בעלי תשובה\עדי רן\עדי רן - גלגל של הצלה
128.0,128.0,0.0,1.0,1.0,1.0,0.24716295043511743,0.675501164221651,0.42833821378653353,0.24716295043511743,0.675501164221651,0.42833821378653353,0.0,0.0,0.0,0.0,0.0,0.614526101843989,0.39829978094673446,0.24614225174570004,0.0,0.0,0.0,0.2857142857142857,0.0,0.35227036715097354,0.0,1.0,1.0,2.0,algo_low_certainty_sampled,D:\בעלי תשובה\ישראל אזרחי\יכירו וידעו,D:\בעלי תשובה\ניסים גרמה
128.0,128.0,0.0,1.0,0.0,0.0,0.21966512044689707,0.8534650546662002,0.633799934219303,0.29173991200759963,0.8788867414094268,0.5871468294018272,0.0,0.0,0.0,0.0,0.0,0.4946812614397546,0.17838047323316183,0.16204437089354923,0.03102453102453102,0.033333333333333326,0.0,0.18181818181818177,0.0,0.2680919864536568,0.0,1.0,1.0,2.0,algo_low_certainty_sampled,D:\בעלי תשובה\ישראל דגן\למען שמו באהבה,D:\בעלי תשובה\סיני תור
128.0,128.0,0.0,1.0,0.0,0.0,0.29698772961930864,1.0,0.7030122703806914,1.0,0.27844605035436915,0.7215539496456309,0.0,0.0,0.0,0.0,0.0,0.0,0.0,0.0,0.0,0.0,0.0,0.0,0.0,0.0,0.0,0.0,0.0,2.0,algo_no_comparison_result_sampled,D:\בעלי תשובה\אחישנה\לך ה' אלוקי,D:\בעלי תשובה\סנדי שמואלי\מחכים
320.0,96.0,224.0,0.3,0.0,0.0,0.20824731826827425,0.7141580422083057,0.5059107239400314,1.0,0.26794241943258684,0.7320575805674132,0.0,0.0,0.0,0.0,0.0,0.0,0.0,0.0,0.0,0.0,0.0,0.0,0.0,0.0,0.0,0.0,0.0,2.0,algo_no_comparison_result_sampled,D:\בעלי תשובה\שולי רנד\שולי רנד בקיסריה 1,D:\בעלי תשובה\אודי אולמן\אגודה אחת
128.0,96.0,32.0,0.75,0.0,0.0,0.3569665526970235,0.22190442340597138,0.1350621292910521,0.2755814301892734,0.22190442340597138,0.053677006783302006,0.0,0.0,0.0,0.0,0.0,0.5247115115520126,0.47608703627379345,0.2673284950343774,0.0,0.0,0.0,0.19999999999999996,0.0,0.33787877899022456,0.0,0.55,1.0,2.0,algo_low_certainty_sampled,D:\בעלי תשובה\יהודה גלאנץ\פיונרו,D:\בעלי תשובה\קול אחי\הללו
128.0,128.0,0.0,1.0,0.0,0.0,0.26316833264670075,0.2139713364504999,0.049196996196200854,0.26316833264670075,0.21586764519215973,0.047300687454541024,0.0,0.0,0.0,0.0,0.0,0.0,0.0,0.0,0.0,0.0,0.0,0.0,0.0,0.0,0.0,0.0,0.0,2.0,algo_no_comparison_result_sampled,D:\בעלי תשובה\ירמיהו\כנגן המנגן,D:\בעלי תשובה\אנסמבל שם-טוב לוי\תחנות רוח
32.0,32.0,0.0,1.0,1.0,1.0,0.0,0.0,0.0,0.0,0.0,0.0,0.0,0.0,0.0,0.0,0.0,0.6708618249482292,0.8,0.5714285714285714,0.0,0.0,0.0,0.4516129032258065,0.0,0.573717044066286,0.0,1.0,1.0,2.0,algo_low_certainty_sampled,D:\בעלי תשובה\ארז משה דורון\032 להמתיק את הדין,D:\בעלי תשובה\ארז משה דורון\029 לראות טוב
128.0,128.0,0.0,1.0,0.0,0.0,0.30704742811940955,0.21394797205483929,0.09309945606457026,0.30704742811940955,0.32470163567732774,0.01765420755791819,0.0,0.0,0.0,0.0,0.0,0.44198343771986986,0.461375166928178,0.3164046991497972,0.0,0.0,0.0,0.17391304347826086,0.0,0.17762724958977635,0.0,1.0,1.0,2.0,algo_low_certainty_sampled,D:\בעלי תשובה\דני ממן\נהר המטהר,D:\בעלי תשובה\ישראל דגן\תנו לי את לבכם
128.0,56.0,72.0,0.4375,0.0,1.0,0.2755814301892734,0.7537098401213115,0.4781284099320381,0.2755814301892734,0.2459984041872587,0.02958302600201468,0.0,0.0,0.0,0.0,0.0,0.35071141435457426,0.26097107789515644,0.24541028451514385,0.0,0.0,0.0,0.0,0.0,0.3235625653973268,0.0,1.0,1.0,2.0,algo_low_certainty_sampled,D:\בעלי תשובה\יהודה גלאנץ\Phinar,D:\בעלי תשובה\סנדי שמואלי\עד מתי
128.0,128.0,0.0,1.0,0.0,0.0,0.27209795202223724,0.16695626115026194,0.10514169087197531,0.27209795202223724,0.3159297285377116,0.043831776515474374,0.0,0.0,0.0,0.0,0.0,0.0,0.0,0.0,0.0,0.0,0.0,0.0,0.0,0.0,0.0,0.0,0.0,2.0,algo_no_comparison_result_sampled,D:\בעלי תשובה\יהודה גלאנץ\מוכרחים לרקוד,D:\בעלי תשובה\אהרון רזאל\סנה בוער
96.0,128.0,32.0,0.75,0.0,0.0,0.29735679447955665,0.21394797205483929,0.08340882242471737,0.29735679447955665,0.32470163567732774,0.027344841197771086,0.0,0.0,0.0,0.0,0.0,0.46109605536127635,0.45726043503821284,0.2813073152942434,0.0,0.0,0.0,0.36363636363636365,0.0,0.1111111111111111,0.0,1.0,1.0,2.0,algo_low_certainty_sampled,D:\בעלי תשובה\גד ליאור,D:\בעלי תשובה\ישראל דגן\תנו לי את לבכם
32.0,128.0,96.0,0.25,0.0,0.0,0.0,1.0,1.0,0.0,1.0,1.0,0.0,0.0,0.0,0.0,0.0,0.15222046048512605,0.1717171717171717,0.09090909090909088,0.0,0.0,0.0,0.31999999999999995,0.0,0.0,0.0,0.0,0.0,2.0,algo_low_certainty_sampled,D:\בעלי תשובה\ארז משה דורון\030 הגשמה עצמית,D:\בעלי תשובה\ישראל דגן\שמחת פורים
32.0,128.0,96.0,0.25,1.0,1.0,0.0,0.4407025534851622,0.4407025534851622,0.0,0.4407025534851622,0.4407025534851622,0.0,0.0,0.0,0.0,0.0,0.22515452434066918,0.4372053872053872,0.022222222222222233,0.0,0.0,0.0,0.25,0.0,0.2649539158160584,0.0,0.0,0.0,2.0,algo_low_certainty_sampled,D:\בעלי תשובה\ארז משה דורון\002 בעל תפילה,D:\בעלי תשובה\ישראל דגן\מחול צדיקים
128.0,128.0,0.0,1.0,0.0,0.0,0.40582510542562483,1.0,0.5941748945743752,0.2226164249693661,1.0,0.7773835750306339,0.0,0.0,0.0,0.0,0.0,0.4457219250597798,0.26595916081514465,0.028419312169312167,0.0,0.24242424242424238,0.0,0.19354838709677424,0.0,0.24632983961869578,0.0,0.0,0.0,2.0,algo_low_certainty_sampled,D:\בעלי תשובה\יוסף (גלעד) קרדונר\סימנים בדרך - 01,D:\בעלי תשובה\ברלינגר\משה לוי והלויים
128.0,192.0,64.0,0.6666666666666666,0.0,0.0,0.2280134555390086,0.3602569865901291,0.13224353105112052,0.25332720690615423,0.20396713382961987,0.049360073076534366,0.0,1.0,0.0,0.0,0.0,0.27512293533673926,0.4104140432814892,0.16643312827523357,0.03464076246334311,0.0855614973262032,0.0,0.09999999999999998,0.0,0.40329031445702807,0.0,0.0,0.0,2.0,algo_low_certainty_sampled,D:\בעלי תשובה\למען שמו באהבה,D:\בעלי תשובה\שולי רנד\הופעה בקיסריה\שולי רנד - בקיסריה\דיסק 2
160.0,128.0,32.0,0.8,0.0,0.0,0.2150137524440931,0.40582510542562483,0.19081135298153173,0.18847562874257065,0.2226164249693661,0.034140796226795445,0.0,0.0,0.0,0.0,0.0,0.0,0.0,0.0,0.0,0.0,0.0,0.0,0.0,0.0,0.0,0.0,0.0,2.0,algo_no_comparison_result_sampled,D:\בעלי תשובה\ברק כהן\ברק כהן עם דובי גינז\עונג,D:\בעלי תשובה\יוסף (גלעד) קרדונר\סימנים בדרך - 01
128.0,320.0,192.0,0.4,0.0,0.0,0.16483886483886487,0.4266569804539248,0.26181811561505997,0.0,0.4266569804539248,0.4266569804539248,1.0,0.0,0.0,0.0,0.0,0.11656189768927298,0.44488001553218953,0.0,0.0,0.0,0.0,0.7142857142857143,0.0,0.4564087610328104,0.0,1.0,1.0,2.0,algo_low_certainty_sampled,D:\בעלי תשובה\עמיר בניון\עמיר בניון - כוונה תחילה,D:\בעלי תשובה\עמיר בניון\עמיר בניון - המקלט
128.0,128.0,0.0,1.0,0.0,0.0,0.6847330038265858,0.36207277452891484,0.3226602292976709,0.22257521613042763,1.0,0.7774247838695724,0.0,0.0,0.0,0.0,0.0,0.6347358544649289,0.3356165675244623,0.0386904761904762,0.0,0.0,0.0,0.2666666666666667,0.0,0.4032425201427322,0.0,1.0,1.0,2.0,algo_low_certainty_sampled,D:\בעלי תשובה\אורן ארנון\עלי באר,D:\בעלי תשובה\ברק כהן\יש תקווה
128.0,128.0,0.0,1.0,0.0,0.0,0.2941560623287137,0.40582510542562483,0.11166904309691111,0.0,0.2226164249693661,0.2226164249693661,0.0,0.0,0.0,0.0,0.0,0.41750973772796734,0.44670305453192355,0.0,0.0,0.0,0.0,0.14814814814814814,0.0,0.081988648026068,0.0,0.0,0.0,2.0,algo_low_certainty_sampled,D:\בעלי תשובה\עדי רן\אל תכה בסלע,D:\בעלי תשובה\יוסף (גלעד) קרדונר\סימנים בדרך - 01
32.0,128.0,96.0,0.25,0.0,0.0,0.0,0.6499881692003374,0.6499881692003374,0.0,0.6499881692003374,0.6499881692003374,0.0,0.0,0.0,0.0,0.0,0.3033506508951483,0.2886664237767179,0.07516262473159024,0.0,0.0,0.0,0.24242424242424243,0.0,0.0,0.0,0.0,0.0,2.0,algo_low_certainty_sampled,D:\בעלי תשובה\ארז משה דורון\065 שכל פנמי ושכל מקיף,D:\בעלי תשובה\ישראל דגן\לכבוד רשב'י
166.4,128.0,38.400000000000006,0.7692307692307692,0.0,0.0,0.2594066150567698,0.3462975584756755,0.08689094341890569,0.2594066150567698,0.3462975584756755,0.08689094341890569,1.0,0.0,0.0,0.0,0.0,0.43268284621222614,0.4134121882907763,0.22125699421351594,0.0,0.0,0.0,0.25806451612903225,0.0,0.20277965787924807,0.0,1.0,1.0,2.0,algo_low_certainty_sampled,D:\בעלי תשובה\עדי רן\עדי רן - גלגל של הצלה,D:\בעלי תשובה\ישראל דגן\נפשי החזקה
56.0,128.0,72.0,0.4375,0.0,1.0,0.7537098401213115,0.2889764430020933,0.4647333971192182,0.2459984041872587,0.2889764430020933,0.042978038814834585,0.0,0.0,0.0,0.0,0.0,0.35982399880369226,0.28405933889733387,0.34048533592011854,0.0,0.0,0.0,0.15384615384615385,0.0,0.3796289480551475,0.0,1.0,1.0,2.0,algo_low_certainty_sampled,D:\בעלי תשובה\סנדי שמואלי\עד מתי,D:\בעלי תשובה\דני גולן\דני גולן והחברים\לב טהור
128.0,128.0,0.0,1.0,0.0,1.0,0.8181818181818182,0.2809753868055855,0.5372064313762328,0.0,0.2555969699945765,0.2555969699945765,0.0,0.0,0.0,0.0,0.0,0.672574313919033,0.26103474731301934,0.0202020202020202,0.0,0.0,0.0,0.09090909090909094,0.0,0.5357779152811342,0.0,1.0,1.0,2.0,algo_low_certainty_sampled,D:\בעלי תשובה\חיים דוד סרצ'יק\היום\1-זה כפול נא לסדר,D:\בעלי תשובה\יוסף קרדונר\בחירה
128.0,128.0,0.0,1.0,0.0,0.0,1.0,0.26316833264670075,0.7368316673532993,0.0,0.26316833264670075,0.26316833264670075,0.0,0.0,0.0,0.0,0.0,0.720459594160875,0.19221523381943173,0.0,0.0,0.0,0.0,0.11111111111111116,0.0,0.6236549785808779,0.0,0.5454545454545454,1.0,2.0,algo_low_certainty_sampled,D:\בעלי תשובה\חיים דוד סרצ'יק\מצור דבש,D:\בעלי תשובה\ירמיהו\כנגן המנגן
122.4,96.0,26.400000000000006,0.7843137254901961,0.0,0.0,0.23254868690654407,0.7506925207756237,0.5181438338690796,0.09523809523809523,1.0,0.9047619047619048,0.0,0.0,0.0,0.0,0.0,0.0,0.0,0.0,0.0,0.0,0.0,0.0,0.0,0.0,0.0,0.0,0.0,2.0,algo_no_comparison_result_sampled,D:\בעלי תשובה\שולי רנד\שולי רנד בצוותא,D:\בעלי תשובה\שמוליק אינדיג\בזעת אפיך
320.0,128.0,192.0,0.4,0.0,0.0,0.31856504208855146,0.6847330038265858,0.3661679617380343,0.31856504208855146,0.22257521613042763,0.09598982595812383,0.0,0.0,0.0,0.0,0.0,0.16556090095786066,0.3987319112903725,0.22374242544521183,0.0,0.0,0.0,0.33333333333333337,0.0,0.489344278805945,0.0,1.0,1.0,2.0,algo_low_certainty_sampled,D:\בעלי תשובה\אהוד בר לוי,D:\בעלי תשובה\אורן ארנון\עלי באר
32.0,32.0,0.0,1.0,1.0,1.0,0.0,0.0,0.0,0.0,0.0,0.0,0.0,0.0,0.0,0.0,0.0,0.6243649278605434,0.875,0.75,0.0,0.0,0.0,0.41025641025641024,0.0,0.2224135379453197,0.0,1.0,1.0,2.0,algo_low_certainty_sampled,D:\בעלי תשובה\ארז משה דורון\061 אמת לרחק ואמת לקרב,D:\בעלי תשובה\ארז משה דורון\011 אחד היה אברהם
128.0,128.0,0.0,1.0,0.0,0.0,0.40024241465807686,0.4395813988062998,0.039338984148222955,0.29184619831127967,0.4395813988062998,0.14773520049502015,0.0,0.0,0.0,0.0,0.0,0.6118647351541966,0.39391410514033287,0.2707946931117663,0.0,0.0,0.0,0.23529411764705888,0.0,0.4282231487164568,0.0,0.0,0.0,2.0,algo_low_certainty_sampled,D:\בעלי תשובה\אלטרנטיבי\להקת המדרגות-בפתח הדלת,D:\בעלי תשובה\ישראל דגן\ראש השנה שלי
128.0,128.0,0.0,1.0,0.0,1.0,0.27114163132912755,0.8181818181818182,0.5470401868526906,0.27114163132912755,0.0,0.27114163132912755,0.0,0.0,0.0,0.0,0.0,0.6126516390435507,0.2505726822840959,0.03896103896103897,0.0,0.0,0.0,0.26086956521739135,0.0,0.3068408453526099,0.0,1.0,1.0,2.0,algo_low_certainty_sampled,D:\בעלי תשובה\דב אינדיג\בת קול,D:\בעלי תשובה\חיים דוד סרצ'יק\היום\1-זה כפול נא לסדר
128.0,128.0,0.0,1.0,0.0,0.0,0.40582510542562483,0.6202184291388099,0.21439332371318504,0.2226164249693661,0.27770914861101964,0.055092723641653546,0.0,0.0,0.0,0.0,0.0,0.0,0.0,0.0,0.0,0.0,0.0,0.0,0.0,0.0,0.0,0.0,0.0,2.0,algo_no_comparison_result_sampled,D:\בעלי תשובה\יוסף (גלעד) קרדונר\סימנים בדרך - 01,D:\בעלי תשובה\אחיה רובין\ונזכה
128.0,128.0,0.0,1.0,0.0,0.0,0.2727991566036579,0.21116393582337853,0.06163522078027936,0.27455635043139537,0.21116393582337853,0.06339241460801684,0.0,0.0,0.0,0.0,0.0,0.7585090824972065,0.4493830405218905,0.2308915977458177,0.0,0.015384615384615385,0.0,0.0,0.0,0.5851093782573176,0.0,1.0,1.0,2.0,algo_low_certainty_sampled,D:\בעלי תשובה\ישעיה חסיד\אחד,D:\בעלי תשובה\סנדי שמואלי\בעזרת השם
128.0,128.0,0.0,1.0,0.0,0.0,0.264503876615915,0.40582510542562483,0.14132122880970982,1.0,0.2226164249693661,0.7773835750306339,0.0,0.0,0.0,0.0,0.0,0.0,0.0,0.0,0.0,0.0,0.0,0.0,0.0,0.0,0.0,0.0,0.0,2.0,algo_no_comparison_result_sampled,D:\בעלי תשובה\אסף נגל\אדיר במרום,D:\בעלי תשובה\יוסף (גלעד) קרדונר\סימנים בדרך - 01
128.0,128.0,0.0,1.0,0.0,1.0,1.0,0.30704742811940955,0.6929525718805905,0.0,0.30704742811940955,0.30704742811940955,0.0,0.0,0.0,0.0,0.0,0.2817390875047726,0.19511634366706831,0.06613756613756613,0.0,0.0,0.0,0.1428571428571429,0.0,0.08659307136047131,0.0,1.0,1.0,2.0,algo_low_certainty_sampled,D:\בעלי תשובה\ישראל דגן\דגן חתונות\יוחנן,D:\בעלי תשובה\דני ממן\נהר המטהר
128.0,128.0,0.0,1.0,0.0,0.0,0.0,0.7180435668882397,0.7180435668882397,1.0,0.7180435668882397,0.28195643311176033,0.0,0.0,0.0,0.0,0.0,0.5355389235777219,0.17333406554108777,0.007799671592775041,0.0,0.0,0.0,0.25,0.0,0.4079718303129335,0.0,1.0,1.0,2.0,algo_low_certainty_sampled,D:\בעלי תשובה\רונן  חזיזה\ירמיהו גרוסקוט,D:\בעלי תשובה\מערבה מכאן
96.0,120.0,24.0,0.8,0.0,0.0,0.7506925207756237,0.2813488882540223,0.46934363252160133,1.0,0.3272736626182222,0.6727263373817778,0.0,0.0,0.0,0.0,0.0,0.531448578325665,0.1957159996286017,0.04476689029810332,0.0,0.0,0.0,0.31999999999999995,0.0,0.32439834956635866,0.0,1.0,1.0,2.0,algo_low_certainty_sampled,D:\בעלי תשובה\שמוליק אינדיג\בזעת אפיך,D:\בעלי תשובה\שונות ולא ידועים
32.0,128.0,96.0,0.25,0.0,1.0,0.0,1.0,1.0,0.0,1.0,1.0,0.0,0.0,0.0,0.0,0.0,0.18680361629560935,0.22999999999999998,0.04999999999999999,0.0,0.0,0.0,0.303030303030303,0.0,0.2720276615317793,0.0,0.0,0.0,2.0,algo_low_certainty_sampled,D:\בעלי תשובה\ארז משה דורון\038 לשלוט על המלאכים,D:\בעלי תשובה\רונן  חזיזה\שמחה של מצווה
32.0,32.0,0.0,1.0,1.0,1.0,0.0,0.0,0.0,1.0,0.0,1.0,0.0,0.0,0.0,0.0,0.0,0.5784020454703209,0.8,0.11363636363636362,0.0,0.0,0.0,0.36363636363636365,0.0,0.22942547988391968,0.0,1.0,1.0,2.0,algo_low_certainty_sampled,D:\בעלי תשובה\ארז משה דורון\000[096] סוד הויתור,D:\בעלי תשובה\ארז משה דורון\062 להוציא מהכוח אל הפועל
128.0,128.0,0.0,1.0,0.0,0.0,1.0,0.8181818181818182,0.18181818181818177,1.0,0.0,1.0,1.0,0.0,0.0,0.0,0.0,0.358947189493178,0.2222631169999591,0.007575757575757574,0.0,0.0,0.0,0.18181818181818177,0.0,0.062179936226574944,0.0,0.5454545454545454,1.0,2.0,algo_low_certainty_sampled,D:\בעלי תשובה\יצחק מאיר\נשמות חדשות\חלק 2,D:\בעלי תשובה\חיים דוד סרצ'יק\היום\1-זה כפול נא לסדר
128.0,96.0,32.0,0.75,0.0,0.0,0.36207277452891484,0.24974139732911663,0.11233137719979822,1.0,0.24974139732911663,0.7502586026708834,0.0,0.0,0.0,0.0,0.0,0.7543180106017358,0.4606351695445857,0.05509984296749004,0.0,0.0,0.0,0.4285714285714286,0.0,0.23739575794075957,0.0,1.0,1.0,2.0,algo_low_certainty_sampled,D:\בעלי תשובה\ברק כהן\יש תקווה,D:\בעלי תשובה\קול אחי\השקיפה
64.0,128.0,64.0,0.5,0.0,0.0,0.24337572331410295,0.6202184291388099,0.3768427058247069,0.4669122431312358,0.27770914861101964,0.18920309452021616,0.0,0.0,0.0,0.0,0.0,0.2712055805927459,0.34169767005671636,0.14463438006781662,0.0,0.0,0.0,0.0,0.0,0.34074439853988625,0.0,1.0,1.0,2.0,algo_low_certainty_sampled,D:\בעלי תשובה\אודי טופלברג\מים,D:\בעלי תשובה\אחיה רובין\ונזכה
128.0,192.0,64.0,0.6666666666666666,0.0,1.0,0.21375031402530595,1.0,0.786249685974694,0.20957560723347943,0.0,0.20957560723347943,0.0,0.0,0.0,0.0,0.0,0.4839450104997472,0.17383088489005452,0.0,0.0,0.0,0.0,0.26086956521739135,0.0,0.35724203514882014,0.0,1.0,1.0,2.0,algo_low_certainty_sampled,D:\בעלי תשובה\חיים דוד סרצ'יק\בית כנסת קרליבך,D:\בעלי תשובה\סיני תור\סיני חדש
32.0,32.0,0.0,1.0,1.0,1.0,0.0,0.0,0.0,0.0,0.0,0.0,0.0,0.0,0.0,0.0,0.0,0.6402108266285832,0.8,0.5714285714285714,0.0,0.0,0.0,0.3783783783783784,0.0,0.5572743958130908,0.0,1.0,1.0,2.0,algo_low_certainty_sampled,D:\בעלי תשובה\ארז משה דורון\000[023] מעלת השמחה,D:\בעלי תשובה\ארז משה דורון\032 להמתיק את הדין
128.0,128.0,0.0,1.0,0.0,1.0,0.2727991566036579,1.0,0.7272008433963422,0.27455635043139537,1.0,0.7254436495686046,0.0,0.0,0.0,0.0,0.0,0.646521575754012,0.18233990147783252,0.057002987266145166,0.0,0.011764705882352944,0.0,0.0,0.0,0.4314782152268223,0.0,1.0,1.0,2.0,algo_low_certainty_sampled,D:\בעלי תשובה\ישעיה חסיד\אחד,D:\בעלי תשובה\ברלינגר\משה לוי והלויים
128.0,128.0,0.0,1.0,0.0,0.0,0.22711722683296007,0.2280134555390086,0.0008962287060485241,0.22711722683296007,0.25332720690615423,0.026209980073194167,0.0,0.0,0.0,0.0,0.0,0.5516784116520325,0.460885052482746,0.13273681083278605,0.048508803449514915,0.027972027972027972,0.0,0.26086956521739135,0.0,0.20471903169245723,0.0,0.0,0.0,2.0,algo_low_certainty_sampled,D:\בעלי תשובה\יניב\קומי אורי,D:\בעלי תשובה\למען שמו באהבה
128.0,192.0,64.0,0.6666666666666666,0.0,0.0,0.4063265208397102,0.3693793107610762,0.036947210078633996,0.25247161105728266,0.22502142268352276,0.0274501883737599,0.0,1.0,0.0,0.0,0.0,0.41622641401497257,0.6393483250191984,0.248211544352165,0.0,0.0,0.0,0.3157894736842105,0.0,0.5663851117853613,0.0,1.0,1.0,2.0,algo_low_certainty_sampled,D:\בעלי תשובה\ישראל זינגר\ריקוד המלאכים,D:\בעלי תשובה\שולי רנד\הופעה בקיסריה\שולי רנד - בקיסריה\דיסק 1
32.0,32.0,0.0,1.0,1.0,1.0,0.0,0.0,0.0,0.0,0.0,0.0,0.0,0.0,0.0,0.0,0.0,0.7126557239220873,0.7692307692307692,0.4,0.0,0.0,0.0,0.303030303030303,0.0,0.5084702176671889,0.0,1.0,1.0,2.0,algo_low_certainty_sampled,D:\בעלי תשובה\ארז משה דורון\009 סיפור אישי,D:\בעלי תשובה\ארז משה דורון\000[023] מעלת השמחה
32.0,128.0,96.0,0.25,1.0,1.0,0.0,0.30459474003409925,0.30459474003409925,0.0,0.30459474003409925,0.30459474003409925,0.0,0.0,0.0,0.0,0.0,0.6250029767995524,0.3813112491373361,0.0,0.0,0.0,0.0,0.16666666666666663,0.0,0.0,0.0,0.0,0.0,2.0,algo_low_certainty_sampled,D:\בעלי תשובה\ארז משה דורון\004 זוגיות רוחנית,D:\בעלי תשובה\אשר אלפסי\אתה הכל
128.0,96.0,32.0,0.75,0.0,0.0,0.6202184291388099,0.22190442340597138,0.3983140057328385,0.27770914861101964,0.22190442340597138,0.055804725205048256,0.0,0.0,0.0,0.0,0.0,0.0,0.0,0.0,0.0,0.0,0.0,0.0,0.0,0.0,0.0,0.0,0.0,2.0,algo_no_comparison_result_sampled,D:\בעלי תשובה\אחיה רובין\ונזכה,D:\בעלי תשובה\קול אחי\הללו
128.0,128.0,0.0,1.0,0.0,0.0,0.2330104184381377,0.2280134555390086,0.004996962899129098,0.18359844124657437,0.25332720690615423,0.06972876565957986,0.0,0.0,0.0,0.0,0.0,0.5938325666767329,0.49311083431582986,0.09752066115702479,0.0,0.0,0.0,0.24,0.0,0.36073488813545657,0.0,0.0,0.0,2.0,algo_low_certainty_sampled,D:\בעלי תשובה\יוסף קרדונר\סימנים בדרך,D:\בעלי תשובה\למען שמו באהבה
128.0,128.0,0.0,1.0,0.0,0.0,0.40582510542562483,0.3569665526970235,0.048858552728601345,0.2226164249693661,0.2755814301892734,0.052965005219907296,0.0,0.0,0.0,0.0,0.0,0.5644342777642612,0.47040828264737183,0.2134223817118554,0.0,0.0,0.0,0.2727272727272727,0.0,0.3526472672024812,0.0,0.1,0.0,2.0,algo_low_certainty_sampled,D:\בעלי תשובה\יוסף (גלעד) קרדונר\סימנים בדרך - 01,D:\בעלי תשובה\יהודה גלאנץ\פיונרו
320.0,320.0,0.0,1.0,0.0,0.0,0.20824731826827425,0.416959409862627,0.20871209159435272,1.0,0.31644553061421565,0.6835544693857843,0.0,1.0,0.0,0.0,0.0,0.0,0.0,0.0,0.0,0.0,0.0,0.0,0.0,0.0,0.0,0.0,0.0,2.0,algo_no_comparison_result_sampled,D:\בעלי תשובה\שולי רנד\שולי רנד בקיסריה 1,D:\בעלי תשובה\עמיר בניון\עמיר בניון שירי ארץ אהבה\עמיר בניון - שירי ארץ-אהבה
128.0,128.0,0.0,1.0,0.0,0.0,0.4601311768377076,0.8333333333333334,0.37320215649562577,0.4601311768377076,0.23579977126416757,0.22433140557354003,0.0,0.0,0.0,0.0,0.0,0.5997206117007731,0.14441830042309808,0.12200171424919569,0.0,0.0,0.0,0.0,0.0,0.40489855411992925,0.0,1.0,1.0,2.0,algo_low_certainty_sampled,D:\בעלי תשובה\יונתן,D:\בעלי תשובה\אודי דוידי\אודי דודי 2\no title
128.0,128.0,0.0,1.0,0.0,0.0,0.6847330038265858,1.0,0.31526699617341425,0.22257521613042763,0.0,0.22257521613042763,0.0,0.0,0.0,0.0,0.0,0.6515451726991828,0.16455609277203706,0.0,0.0,0.0,0.0,0.3529411764705882,0.0,0.3986546934601632,0.0,0.55,1.0,2.0,algo_low_certainty_sampled,D:\בעלי תשובה\אורן ארנון\עלי באר,D:\בעלי תשובה\גיל עקביוב
128.0,128.0,0.0,1.0,0.0,0.0,0.2139713364504999,0.2330104184381377,0.01903908198763779,0.21586764519215973,0.18359844124657437,0.032269203945585356,0.0,0.0,0.0,0.0,0.0,0.47575970897677067,0.4459938433833734,0.15870341779432687,0.0,0.027972027972027972,0.0,0.30000000000000004,0.0,0.23969026983836192,0.0,0.0,0.0,2.0,algo_low_certainty_sampled,D:\בעלי תשובה\אנסמבל שם-טוב לוי\תחנות רוח,D:\בעלי תשובה\יוסף קרדונר\סימנים בדרך
128.0,128.0,0.0,1.0,1.0,1.0,0.2755814301892734,1.0,0.7244185698107266,0.2755814301892734,1.0,0.7244185698107266,0.0,0.0,0.0,0.0,0.0,0.6071478032780891,0.20573682628731715,0.08277732285388092,0.0,0.0,0.0,0.0,0.0,0.32668457615851276,0.0,1.0,1.0,2.0,algo_low_certainty_sampled,D:\בעלי תשובה\יהודה גלאנץ\Phinar,D:\בעלי תשובה\יצחק שדהו
320.0,128.0,192.0,0.4,0.0,0.0,0.31856504208855146,1.0,0.6814349579114485,0.31856504208855146,1.0,0.6814349579114485,0.0,0.0,0.0,0.0,0.0,0.20707741795366394,0.18267926044622373,0.05198580360651299,0.0,0.0,0.0,0.19047619047619047,0.0,0.541734515301614,0.0,1.0,1.0,2.0,algo_low_certainty_sampled,D:\בעלי תשובה\אהוד בר לוי,D:\בעלי תשובה\נפתלי גולד
128.0,128.0,0.0,1.0,0.0,0.0,0.21116393582337853,0.4028413437474495,0.19167740792407098,0.21116393582337853,0.2725157489002033,0.061351813076824774,0.0,0.0,0.0,0.0,0.0,0.0,0.0,0.0,0.0,0.0,0.0,0.0,0.0,0.0,0.0,0.0,0.0,2.0,algo_no_comparison_result_sampled,D:\בעלי תשובה\סנדי שמואלי\בעזרת השם,D:\בעלי תשובה\מאיר בנאי\שמע קולי
128.0,128.0,0.0,1.0,0.0,0.0,1.0,0.6606431894230039,0.33935681057699607,1.0,0.8222222222222222,0.1777777777777778,0.0,0.0,0.0,0.0,0.0,0.6798086633169489,0.156202638950317,0.08621553884711779,0.0,0.20645030923668695,0.0,0.2857142857142857,0.0,0.5716718220720557,0.0,1.0,1.0,2.0,algo_low_certainty_sampled,D:\בעלי תשובה\נפתלי גולד,D:\בעלי תשובה\המדרגות\המדרגות חדש
128.0,32.0,96.0,0.25,1.0,1.0,0.3893982783358661,0.0,0.3893982783358661,0.3893982783358661,0.0,0.3893982783358661,0.0,0.0,0.0,0.0,0.0,0.17856248799411112,0.34929487179487184,0.0,0.0,0.0,0.0,0.33333333333333337,0.0,0.20300523191746017,0.0,0.0,0.0,2.0,algo_low_certainty_sampled,D:\בעלי תשובה\אילן כהן צדק\אילן שלום 2,D:\בעלי תשובה\ארז משה דורון\019 לדבר עם ה
128.0,128.0,0.0,1.0,0.0,0.0,1.0,0.40024241465807686,0.5997575853419231,0.0,0.29184619831127967,0.29184619831127967,0.0,0.0,0.0,0.0,0.0,0.5912125710710419,0.1830020894839992,0.0,0.0,0.0,0.0,0.2666666666666667,0.0,0.24884507782066426,0.0,0.0,0.0,2.0,algo_low_certainty_sampled,D:\בעלי תשובה\חיים דוד סרצ'יק\למעו שמו,D:\בעלי תשובה\אלטרנטיבי\להקת המדרגות-בפתח הדלת
128.0,32.0,96.0,0.25,1.0,1.0,0.30459474003409925,0.0,0.30459474003409925,0.30459474003409925,0.0,0.30459474003409925,0.0,0.0,0.0,0.0,0.0,0.861940414916128,0.3478309516570386,0.0,0.0,0.0,0.0,0.2666666666666667,0.0,0.0,0.0,0.0,0.0,2.0,algo_low_certainty_sampled,D:\בעלי תשובה\אשר אלפסי\אתה הכל,D:\בעלי תשובה\ארז משה דורון\052 אין כל חדש תחת השמש
128.0,128.0,0.0,1.0,0.0,0.0,0.37977690175096385,0.2809753868055855,0.09880151494537837,0.23290542901652928,0.2555969699945765,0.02269154097804721,0.0,0.0,0.0,0.0,0.0,0.5545656340181228,0.4049901971481505,0.2203283547340621,0.0,0.015810276679841896,0.0,0.11111111111111116,0.0,0.2876753285467597,0.0,0.0,0.0,2.0,algo_low_certainty_sampled,D:\בעלי תשובה\יוסף (גלעד) קרדונר\כל העולם - 02,D:\בעלי תשובה\יוסף קרדונר\בחירה
128.0,128.0,0.0,1.0,0.0,0.0,0.4601311768377076,0.21966512044689707,0.24046605639081053,0.4601311768377076,0.29173991200759963,0.16839126483010797,0.0,0.0,0.0,0.0,0.0,0.5737964856134878,0.3910614778571435,0.2514489393720129,0.0,0.0,0.0,0.10526315789473684,0.0,0.2842842947781627,0.0,1.0,1.0,2.0,algo_low_certainty_sampled,D:\בעלי תשובה\יונתן,D:\בעלי תשובה\ישראל דגן\למען שמו באהבה
128.0,128.0,0.0,1.0,0.0,0.0,0.23306579697939106,1.0,0.766934203020609,0.23306579697939106,1.0,0.766934203020609,0.0,1.0,0.0,0.0,0.0,0.0,0.0,0.0,0.0,0.0,0.0,0.0,0.0,0.0,0.0,0.0,0.0,2.0,algo_no_comparison_result_sampled,D:\בעלי תשובה\אודי אולמן\אודי - 3,D:\בעלי תשובה\יצחק מאיר\נשמות חדשות\חלק 2
192.0,128.0,64.0,0.6666666666666666,0.0,0.0,0.260760428742324,0.21966512044689707,0.04109530829542696,0.260760428742324,0.29173991200759963,0.03097948326527561,1.0,0.0,0.0,0.0,0.0,0.2607847102471426,0.4697139558231131,0.26411318150448587,0.04880952380952381,0.037037037037037035,0.0,0.25806451612903225,0.0,0.42581315287389127,0.0,1.0,1.0,2.0,algo_low_certainty_sampled,D:\בעלי תשובה\יצחק פוקס\ממעמקים יצחק פוקס,D:\בעלי תשובה\ישראל דגן\למען שמו באהבה
160.0,128.0,32.0,0.8,0.0,0.0,0.21497468337814524,0.22718027545586006,0.012205592077714822,0.21497468337814524,0.22718027545586006,0.012205592077714822,0.0,1.0,0.0,0.0,0.0,0.4569960200279419,0.491365315094308,0.25306802771569226,0.0,0.0,0.0,0.13793103448275867,0.0,0.28263678409782095,0.0,1.0,1.0,2.0,algo_low_certainty_sampled,D:\בעלי תשובה\מים 2,D:\בעלי תשובה\יונתן רזאל\יונתן רזאל - בין הצלילים
32.0,32.0,0.0,1.0,1.0,1.0,0.0,0.0,0.0,0.0,0.0,0.0,0.0,0.0,0.0,0.0,0.0,0.8750281854162771,0.6666666666666667,0.2857142857142857,0.0,0.0,0.0,0.368421052631579,0.0,0.8,0.0,1.0,1.0,2.0,algo_low_certainty_sampled,D:\בעלי תשובה\ארז משה דורון\012 אסור להיות זקן,D:\בעלי תשובה\ארז משה דורון\038 לשלוט על המלאכים
128.0,128.0,0.0,1.0,0.0,0.0,1.0,0.22711722683296007,0.7728827731670399,0.2601616418210846,0.22711722683296007,0.03304441498812452,0.0,0.0,0.0,0.0,0.0,0.0,0.0,0.0,0.0,0.0,0.0,0.0,0.0,0.0,0.0,0.0,0.0,2.0,algo_no_comparison_result_sampled,D:\בעלי תשובה\נקודה טובה,D:\בעלי תשובה\יניב\קומי אורי
32.0,32.0,0.0,1.0,1.0,1.0,0.0,0.0,0.0,0.0,0.0,0.0,0.0,0.0,0.0,0.0,0.0,0.7827702956694137,0.699404761904762,0.3194444444444445,0.0,0.0,0.0,0.35,0.0,0.655866925847081,0.0,1.0,1.0,2.0,algo_low_certainty_sampled,D:\בעלי תשובה\ארז משה דורון\007 המסיבה הגדולה,D:\בעלי תשובה\ארז משה דורון\069 כח המושח וכח המכריח
98.9090909090909,128.0,29.090909090909093,0.7727272727272727,0.0,0.0,0.2270135150184752,0.4261133624252772,0.199099847406802,0.2270135150184752,0.4261133624252772,0.199099847406802,0.0,0.0,0.0,0.0,0.0,0.5406914657603618,0.4597022863891864,0.24215306792121571,0.0,0.0,0.0,0.0,0.0,0.3052453911397821,0.0,0.0,0.0,2.0,algo_low_certainty_sampled,D:\בעלי תשובה\יצחק פוקס\פוקס,D:\בעלי תשובה\יוסף (גלעד) קרדונר\בחירה - 03
320.0,128.0,192.0,0.4,0.0,0.0,0.21162859691843153,1.0,0.7883714030815685,1.0,1.0,0.0,0.0,1.0,0.0,0.0,0.0,0.0,0.0,0.0,0.0,0.0,0.0,0.0,0.0,0.0,0.0,0.0,0.0,2.0,algo_no_comparison_result_sampled,D:\בעלי תשובה\שולי רנד\שולי רנד בקיסריה 2,D:\בעלי תשובה\יצחק מאיר\נשמות חדשות\חלק 2
160.0,128.0,32.0,0.8,0.0,0.0,0.2150137524440931,1.0,0.7849862475559068,0.18847562874257065,0.27844605035436915,0.0899704216117985,0.0,0.0,0.0,0.0,0.0,0.0,0.0,0.0,0.0,0.0,0.0,0.0,0.0,0.0,0.0,0.0,0.0,2.0,algo_no_comparison_result_sampled,D:\בעלי תשובה\ברק כהן\ברק כהן עם דובי גינז\עונג,D:\בעלי תשובה\סנדי שמואלי\מחכים
320.0,160.0,160.0,0.5,0.0,0.0,0.2184054305612374,0.27238638174643265,0.05398095118519525,0.2184054305612374,0.0,0.2184054305612374,1.0,0.0,0.0,0.0,0.0,0.0,0.0,0.0,0.0,0.0,0.0,0.0,0.0,0.0,0.0,0.0,0.0,2.0,algo_no_comparison_result_sampled,D:\בעלי תשובה\ישי ריבו\שטח אפור,D:\בעלי תשובה\אהרון רזאל\אהרן רזאל - זמן הגאולה
32.0,32.0,0.0,1.0,1.0,1.0,0.0,0.0,0.0,0.0,0.0,0.0,0.0,0.0,0.0,0.0,0.0,0.8921211920598672,0.75,0.5,0.0,0.0,0.0,0.2777777777777778,0.0,0.75,0.0,1.0,1.0,2.0,algo_low_certainty_sampled,D:\בעלי תשובה\ארז משה דורון\053 להשתנות,D:\בעלי תשובה\ארז משה דורון\062 להוציא מהכוח אל הפועל
32.0,32.0,0.0,1.0,1.0,1.0,0.0,0.0,0.0,0.0,0.0,0.0,0.0,0.0,0.0,0.0,0.0,0.5424028909947703,0.75,0.5,0.0,0.0,0.0,0.2564102564102564,0.0,0.0,0.0,1.0,1.0,2.0,algo_low_certainty_sampled,D:\בעלי תשובה\ארז משה דורון\011 אחד היה אברהם,D:\בעלי תשובה\ארז משה דורון\065 שכל פנמי ושכל מקיף
192.0,128.0,64.0,0.6666666666666666,0.0,0.0,0.6993872645079584,0.314852760634035,0.3845345038739234,0.27946841589077837,0.19920827968857835,0.08026013620220002,0.0,0.0,0.0,0.0,0.0,0.0,0.0,0.0,0.0,0.0,0.0,0.0,0.0,0.0,0.0,0.0,0.0,2.0,algo_no_comparison_result_sampled,D:\בעלי תשובה\אהרון רזאל\אהבת חינם,D:\בעלי תשובה\קן ברג'ס\קן ברג'ס-בנה מלכותו
128.0,128.0,0.0,1.0,0.0,1.0,0.6606431894230039,0.4395813988062998,0.2210617906167041,0.8222222222222222,0.4395813988062998,0.38264082341592237,0.0,0.0,0.0,0.0,0.0,0.6029776059436096,0.37632471385372923,0.13771811200760237,0.0,0.0,0.0,0.26086956521739135,0.0,0.5165916411053233,0.0,1.0,1.0,2.0,algo_low_certainty_sampled,D:\בעלי תשובה\המדרגות\המדרגות חדש,D:\בעלי תשובה\ישראל דגן\ראש השנה שלי
128.0,128.0,0.0,1.0,0.0,0.0,0.4028413437474495,0.6847330038265858,0.28189166007913624,0.2725157489002033,0.22257521613042763,0.04994053276977567,0.0,0.0,0.0,0.0,0.0,0.0,0.0,0.0,0.0,0.0,0.0,0.0,0.0,0.0,0.0,0.0,0.0,2.0,algo_no_comparison_result_sampled,D:\בעלי תשובה\מאיר בנאי\שמע קולי,D:\בעלי תשובה\אורן ארנון\עלי באר
128.0,128.0,0.0,1.0,1.0,0.0,1.0,0.24951725891354376,0.7504827410864563,0.27844605035436915,0.24951725891354376,0.028928791440825385,0.0,0.0,0.0,0.0,0.0,0.4930087738053004,0.20042200214397007,0.23369534948482315,0.0,0.0,0.0,0.1333333333333333,0.0,0.23831249425151438,0.0,1.0,1.0,2.0,algo_low_certainty_sampled,D:\בעלי תשובה\סנדי שמואלי\מחכים,D:\בעלי תשובה\דני ממן\זה שיר שבח
128.0,128.0,0.0,1.0,0.0,0.0,0.21116393582337853,0.2859762415131112,0.07481230568973266,0.21116393582337853,1.0,0.7888360641766214,0.0,1.0,0.0,0.0,0.0,0.0,0.0,0.0,0.0,0.0,0.0,0.0,0.0,0.0,0.0,0.0,0.0,2.0,algo_no_comparison_result_sampled,D:\בעלי תשובה\סנדי שמואלי\בעזרת השם,D:\בעלי תשובה\עדי רן\התבוננות
128.0,320.0,192.0,0.4,0.0,0.0,0.5556271404987482,0.45042736031577224,0.10519978018297593,0.309324224284178,0.45042736031577224,0.14110313603159425,0.0,0.0,0.0,0.0,0.0,0.0,0.0,0.0,0.0,0.0,0.0,0.0,0.0,0.0,0.0,0.0,0.0,2.0,algo_no_comparison_result_sampled,D:\בעלי תשובה\הזמיר\נוסע לאומן,D:\בעלי תשובה\יאיר כלב\הרב יאיר כלב ולהקת א גרויסע מציאה\עצם הנשמה
128.0,128.0,0.0,1.0,0.0,0.0,0.27700884219937516,0.4261133624252772,0.14910452022590204,0.27700884219937516,0.4261133624252772,0.14910452022590204,0.0,0.0,0.0,0.0,0.0,0.0,0.0,0.0,0.0,0.0,0.0,0.0,0.0,0.0,0.0,0.0,0.0,2.0,algo_no_comparison_result_sampled,D:\בעלי תשובה\עדי רן\עדי רן והגיטרה - 1,D:\בעלי תשובה\יוסף (גלעד) קרדונר\בחירה - 03
128.0,128.0,0.0,1.0,0.0,0.0,0.4395813988062998,0.6202184291388099,0.18063703033251005,0.4395813988062998,0.27770914861101964,0.16187225019528018,0.0,0.0,0.0,0.0,0.0,0.5087333971384271,0.39082997301484695,0.28520435093191054,0.0,0.0,0.0,0.23529411764705888,0.0,0.28094370676326685,0.0,1.0,1.0,2.0,algo_low_certainty_sampled,D:\בעלי תשובה\ישראל דגן\ראש השנה שלי,D:\בעלי תשובה\אחיה רובין\ונזכה
128.0,128.0,0.0,1.0,0.0,0.0,1.0,0.23306579697939106,0.766934203020609,0.2601616418210846,0.23306579697939106,0.027095844841693528,0.0,0.0,0.0,0.0,0.0,0.0,0.0,0.0,0.0,0.0,0.0,0.0,0.0,0.0,0.0,0.0,0.0,2.0,algo_no_comparison_result_sampled,D:\בעלי תשובה\נקודה טובה,D:\בעלי תשובה\אודי אולמן\אודי - 3
160.0,192.0,32.0,0.8333333333333334,0.0,0.0,0.25237744776806564,0.260760428742324,0.00838298097425838,0.25237744776806564,0.260760428742324,0.00838298097425838,0.0,1.0,0.0,0.0,0.0,0.0,0.0,0.0,0.0,0.0,0.0,0.0,0.0,0.0,0.0,0.0,0.0,2.0,algo_no_comparison_result_sampled,D:\בעלי תשובה\עדי רן\עדי רן מה יש לכם לדאוג,D:\בעלי תשובה\יצחק פוקס\ממעמקים יצחק פוקס
128.0,128.0,0.0,1.0,0.0,0.0,0.7648210459606535,0.24746292294408634,0.5173581230165671,0.635970973660645,0.24746292294408634,0.3885080507165587,0.0,0.0,0.0,0.0,0.0,0.5926991679020602,0.25993534618145914,0.27718889996420587,0.0,0.1666666666666666,0.0,0.17391304347826086,0.0,0.33923090228321956,0.0,0.0,0.0,2.0,algo_low_certainty_sampled,D:\בעלי תשובה\הלוים,D:\בעלי תשובה\עדי רן\עדי רן והגיטרה - 2
320.0,128.0,192.0,0.4,1.0,1.0,0.31856504208855146,0.24951725891354376,0.0690477831750077,0.31856504208855146,0.24951725891354376,0.0690477831750077,0.0,0.0,0.0,0.0,0.0,0.45891530711337136,0.4715008535190023,0.22863940897996624,0.0,0.0,0.0,0.38095238095238093,0.0,0.1942064918544939,0.0,1.0,1.0,2.0,algo_low_certainty_sampled,D:\בעלי תשובה\אהוד בר לוי,D:\בעלי תשובה\דני ממן\זה שיר שבח
128.0,128.0,0.0,1.0,0.0,0.0,0.6606431894230039,1.0,0.33935681057699607,0.8222222222222222,0.27844605035436915,0.5437761718678531,0.0,0.0,0.0,0.0,0.0,0.764670389520263,0.16906445034154013,0.12299561498278602,0.0,0.0,0.0,0.25,0.0,0.6018851882252724,0.0,1.0,1.0,2.0,algo_low_certainty_sampled,D:\בעלי תשובה\המדרגות\המדרגות חדש,D:\בעלי תשובה\סנדי שמואלי\מחכים
320.0,128.0,192.0,0.4,0.0,0.0,0.416959409862627,0.5556271404987482,0.1386677306361212,0.31644553061421565,0.309324224284178,0.007121306330037658,1.0,0.0,0.0,0.0,0.0,0.0,0.0,0.0,0.0,0.0,0.0,0.0,0.0,0.0,0.0,0.0,0.0,2.0,algo_no_comparison_result_sampled,D:\בעלי תשובה\עמיר בניון\עמיר בניון שירי ארץ אהבה\עמיר בניון - שירי ארץ-אהבה,D:\בעלי תשובה\הזמיר\נוסע לאומן
128.0,128.0,0.0,1.0,0.0,0.0,0.8181818181818182,0.2000802777784875,0.6181015404033308,0.0,0.0,0.0,0.0,0.0,0.0,0.0,0.0,0.5939019718811358,0.23842086111132768,0.0,0.0,0.030303030303030307,0.0,0.16000000000000003,0.0,0.2884381194567587,0.0,0.0,0.0,2.0,algo_low_certainty_sampled,D:\בעלי תשובה\חיים דוד סרצ'יק\היום\1-זה כפול נא לסדר,D:\בעלי תשובה\אודי אולמן\דברי שיר
128.0,320.0,192.0,0.4,0.0,0.0,0.4249225978542701,0.4637226853878569,0.03880008753358677,0.4249225978542701,0.4626829626472544,0.03776036479298428,1.0,0.0,0.0,0.0,0.0,0.0,0.0,0.0,0.0,0.0,0.0,0.0,0.0,0.0,0.0,0.0,0.0,2.0,algo_no_comparison_result_sampled,D:\בעלי תשובה\ניצן חן רזאל מוצא מקום,D:\בעלי תשובה\יאיר כלב\עצם הנשמה 3
128.0,128.0,0.0,1.0,0.0,0.0,0.4028413437474495,0.2941560623287137,0.10868528141873579,0.2725157489002033,0.0,0.2725157489002033,0.0,0.0,0.0,0.0,0.0,0.6770135871346695,0.4424030737760378,0.0,0.0,0.0,0.0,0.21052631578947367,0.0,0.4711422422655602,0.0,0.0,0.0,2.0,algo_low_certainty_sampled,D:\בעלי תשובה\מאיר בנאי\שמע קולי,D:\בעלי תשובה\עדי רן\אל תכה בסלע
128.0,128.0,0.0,1.0,1.0,1.0,0.2499528889962427,0.25256305214732394,0.0026101631510812295,0.2499528889962427,0.25256305214732394,0.0026101631510812295,0.0,0.0,0.0,0.0,0.0,0.49393758010677075,0.4484823728591804,0.24216775435811505,0.0,0.0,0.0,0.11764705882352944,0.0,0.07528119214507935,0.0,1.0,1.0,2.0,algo_low_certainty_sampled,D:\בעלי תשובה\דני,D:\בעלי תשובה\יערות דבש-יצחק אזולאי\יערות דבש השיר והשבחלחי העולמים
160.0,128.0,32.0,0.8,0.0,0.0,0.27238638174643265,0.2139713364504999,0.05841504529593275,0.27238638174643265,0.21586764519215973,0.05651873655427292,0.0,0.0,0.0,0.0,0.0,0.4945317061071751,0.49242974805193707,0.2789167660684689,0.0,0.0,0.0,0.21052631578947367,0.0,0.14385630827601267,0.0,0.0,0.0,2.0,algo_low_certainty_sampled,D:\בעלי תשובה\אהרון רזאל\זמן הגאולה,D:\בעלי תשובה\אנסמבל שם-טוב לוי\תחנות רוח
320.0,128.0,192.0,0.4,0.0,0.0,0.21162859691843153,0.37977690175096385,0.16814830483253232,1.0,0.23290542901652928,0.7670945709834707,0.0,0.0,0.0,0.0,0.0,0.0,0.0,0.0,0.0,0.0,0.0,0.0,0.0,0.0,0.0,0.0,0.0,2.0,algo_no_comparison_result_sampled,D:\בעלי תשובה\שולי רנד\שולי רנד בקיסריה 2,D:\בעלי תשובה\יוסף (גלעד) קרדונר\כל העולם - 02
128.0,160.0,32.0,0.8,0.0,0.0,0.29698772961930864,0.22423017210857654,0.0727575575107321,1.0,0.22423017210857654,0.7757698278914235,0.0,0.0,0.0,0.0,0.0,0.33161988089576216,0.431218362709674,0.10673898281315161,0.0,0.0,0.0,0.125,0.0,0.24632650400927764,0.0,1.0,1.0,2.0,algo_low_certainty_sampled,D:\בעלי תשובה\אחישנה\לך ה' אלוקי,D:\בעלי תשובה\מים 1
128.0,64.0,64.0,0.5,0.0,0.0,0.6364938904274454,0.27853859442082746,0.35795529600661796,0.0,0.2705358574406193,0.2705358574406193,0.0,0.0,0.0,0.0,0.0,0.25404750281967453,0.3983538671776156,0.0,0.0,0.0,0.0,0.18181818181818177,0.0,0.3878085485080111,0.0,0.0,0.0,2.0,algo_low_certainty_sampled,D:\בעלי תשובה\עדי רן\עדי רן הופעה חיה,D:\בעלי תשובה\ישראל דגן\אשרינו
128.0,128.0,0.0,1.0,0.0,0.0,0.3101754385964912,1.0,0.6898245614035088,0.3101754385964912,1.0,0.6898245614035088,0.0,0.0,0.0,0.0,0.0,0.15549149316510455,0.12241477357756426,0.032539682539682535,0.0,0.0,0.0,0.1333333333333333,0.0,0.0,0.0,1.0,1.0,2.0,algo_low_certainty_sampled,D:\בעלי תשובה\יהודה גלאנץ\הופעה,D:\בעלי תשובה\ישראל דגן\שמחת פורים
32.0,32.0,0.0,1.0,1.0,1.0,0.0,0.0,0.0,0.0,0.0,0.0,0.0,0.0,0.0,0.0,0.0,0.6623789847589242,0.7142857142857143,0.33333333333333337,0.0,0.0,0.0,0.3571428571428571,0.0,0.4911408048897193,0.0,1.0,1.0,2.0,algo_low_certainty_sampled,D:\בעלי תשובה\ארז משה דורון\029 לראות טוב,D:\בעלי תשובה\ארז משה דורון\013 צא אל השדות
128.0,96.0,32.0,0.75,0.0,0.0,0.2755814301892734,0.24974139732911663,0.025840032860156764,0.2755814301892734,0.24974139732911663,0.025840032860156764,0.0,0.0,0.0,0.0,0.0,0.7280823117286679,0.6131404778223466,0.45749932696190604,0.0,0.0,0.0,0.0,0.0,0.5415496820561648,0.0,1.0,1.0,2.0,algo_low_certainty_sampled,D:\בעלי תשובה\יהודה גלאנץ\Phinar,D:\בעלי תשובה\קול אחי\השקיפה
128.0,128.0,0.0,1.0,0.0,0.0,0.4249225978542701,0.2963361711896721,0.12858642666459802,0.4249225978542701,0.2792337495532713,0.14568884830099882,1.0,0.0,0.0,0.0,0.0,0.6013150077507395,0.45759493990536093,0.2726140486452271,0.0,0.1965231703253525,0.0,0.2702702702702703,0.0,0.2983839387703895,0.0,1.0,1.0,2.0,algo_low_certainty_sampled,D:\בעלי תשובה\ניצן חן רזאל מוצא מקום,D:\בעלי תשובה\נסתרות דרכי האל
192.0,96.0,96.0,0.5,0.0,0.0,0.3693793107610762,0.7141580422083057,0.3447787314472295,0.22502142268352276,0.26794241943258684,0.04292099674906408,1.0,0.0,0.0,0.0,0.0,0.0,0.0,0.0,0.0,0.0,0.0,0.0,0.0,0.0,0.0,0.0,0.0,2.0,algo_no_comparison_result_sampled,D:\בעלי תשובה\שולי רנד\הופעה בקיסריה\שולי רנד - בקיסריה\דיסק 1,D:\בעלי תשובה\אודי אולמן\אגודה אחת
32.0,128.0,96.0,0.25,0.0,1.0,0.0,1.0,1.0,0.0,1.0,1.0,0.0,0.0,0.0,0.0,0.0,0.36566043347805455,0.12878787878787878,0.009999999999999995,0.0,0.0,0.0,0.3846153846153846,0.0,0.0,0.0,0.0,0.0,2.0,algo_low_certainty_sampled,D:\בעלי תשובה\ארז משה דורון\028 חינוך ילדים,D:\בעלי תשובה\יחיא אזולאי
128.0,320.0,192.0,0.4,0.0,0.0,0.2139713364504999,0.2328732027030505,0.01890186625255061,0.21586764519215973,0.23477009369085064,0.01890244849869091,0.0,0.0,0.0,0.0,0.0,0.0,0.0,0.0,0.0,0.0,0.0,0.0,0.0,0.0,0.0,0.0,0.0,2.0,algo_no_comparison_result_sampled,D:\בעלי תשובה\אנסמבל שם-טוב לוי\תחנות רוח,D:\בעלי תשובה\צמאה - אומנים שרים את ניגוני הרבי מילובביץ
32.0,32.0,0.0,1.0,1.0,1.0,0.0,0.0,0.0,0.0,0.0,0.0,0.0,0.0,0.0,0.0,0.0,0.6975095824902595,0.7142857142857143,0.33333333333333337,0.0,0.0,0.0,0.33333333333333337,0.0,0.47185898760760053,0.0,1.0,1.0,2.0,algo_low_certainty_sampled,D:\בעלי תשובה\ארז משה דורון\079 הגיע זמן הגאולה,D:\בעלי תשובה\ארז משה דורון\004 זוגיות רוחנית
128.0,128.0,0.0,1.0,0.0,0.0,0.2809753868055855,0.2873753124937582,0.006399925688172714,0.2555969699945765,0.2873753124937582,0.03177834249918171,0.0,0.0,0.0,0.0,0.0,0.4219717073270259,0.44736191266088454,0.27499381847815985,0.0,0.0202020202020202,0.0,0.4,0.0,0.12724349420374148,0.0,1.0,1.0,2.0,algo_low_certainty_sampled,D:\בעלי תשובה\יוסף קרדונר\בחירה,D:\בעלי תשובה\אברהם אבוטבול\בית הקדושה
320.0,128.0,192.0,0.4,0.0,0.0,0.21162859691843153,0.8181818181818182,0.6065532212633867,1.0,0.0,1.0,0.0,0.0,0.0,0.0,0.0,0.16361927437162255,0.2337342387260957,0.007575757575757574,0.0,0.03305785123966942,0.0,0.4,0.0,0.2190652285541714,0.0,0.5454545454545454,1.0,2.0,algo_low_certainty_sampled,D:\בעלי תשובה\שולי רנד\שולי רנד בקיסריה 2,D:\בעלי תשובה\חיים דוד סרצ'יק\היום\1-זה כפול נא לסדר
128.0,128.0,0.0,1.0,1.0,1.0,0.7180435668882397,0.41880170358742175,0.2992418633008179,0.7180435668882397,0.41880170358742175,0.2992418633008179,0.0,0.0,0.0,0.0,0.0,0.5845449589333777,0.24809957124809445,0.1512360334082902,0.0,0.0,0.0,0.36363636363636365,0.0,0.37951475082151254,0.0,1.0,1.0,2.0,algo_low_certainty_sampled,D:\בעלי תשובה\מערבה מכאן,D:\בעלי תשובה\ישראל דגן\סמכו על כוחי
153.6,32.0,121.6,0.20833333333333334,1.0,1.0,0.7400588508887702,0.0,0.7400588508887702,0.7400588508887702,0.0,0.7400588508887702,0.0,0.0,0.0,0.0,0.0,0.5408952820239424,0.15986004642831153,0.01049950957592692,0.0,0.0,0.0,0.17391304347826086,0.0,0.0,0.0,0.0,0.0,2.0,algo_low_certainty_sampled,D:\בעלי תשובה\אבולוף,D:\בעלי תשובה\ארז משה דורון\004 זוגיות רוחנית
98.9090909090909,160.0,61.09090909090909,0.6181818181818182,1.0,1.0,0.2270135150184752,0.27238638174643265,0.045372866727957456,0.2270135150184752,0.27238638174643265,0.045372866727957456,0.0,0.0,0.0,0.0,0.0,0.36879445569039504,0.4933668686131669,0.2796258788589214,0.0,0.0,0.0,0.1428571428571429,0.0,0.4416354390141406,0.0,1.0,1.0,2.0,algo_low_certainty_sampled,D:\בעלי תשובה\יצחק פוקס\פוקס,D:\בעלי תשובה\אהרון רזאל\זמן הגאולה
320.0,320.0,0.0,1.0,0.0,0.0,0.45042736031577224,0.416959409862627,0.03346795045314527,0.45042736031577224,0.31644553061421565,0.1339818297015566,0.0,1.0,0.0,0.0,0.0,0.0,0.0,0.0,0.0,0.0,0.0,0.0,0.0,0.0,0.0,0.0,0.0,2.0,algo_no_comparison_result_sampled,D:\בעלי תשובה\יאיר כלב\הרב יאיר כלב ולהקת א גרויסע מציאה\עצם הנשמה,D:\בעלי תשובה\עמיר בניון\עמיר בניון שירי ארץ אהבה\עמיר בניון - שירי ארץ-אהבה
128.0,128.0,0.0,1.0,0.0,0.0,0.6847330038265858,0.25256305214732394,0.4321699516792618,0.22257521613042763,0.25256305214732394,0.029987836016896308,0.0,0.0,0.0,0.0,0.0,0.688869387898267,0.37584144402755026,0.2215140904846787,0.0,0.0,0.0,0.21052631578947367,0.0,0.4531174097937637,0.0,1.0,1.0,2.0,algo_low_certainty_sampled,D:\בעלי תשובה\אורן ארנון\עלי באר,D:\בעלי תשובה\יערות דבש-יצחק אזולאי\יערות דבש השיר והשבחלחי העולמים
128.0,160.0,32.0,0.8,0.0,0.0,0.3462975584756755,0.2150137524440931,0.1312838060315824,0.3462975584756755,0.18847562874257065,0.15782192973310485,0.0,0.0,0.0,0.0,0.0,0.3977334267256933,0.3907350894294445,0.16105745301397476,0.0,0.0,0.0,0.1428571428571429,0.0,0.32132797433725235,0.0,1.0,1.0,2.0,algo_low_certainty_sampled,D:\בעלי תשובה\ישראל דגן\נפשי החזקה,D:\בעלי תשובה\ברק כהן\ברק כהן עם דובי גינז\עונג
32.0,32.0,0.0,1.0,1.0,1.0,0.0,0.0,0.0,0.0,0.0,0.0,0.0,0.0,0.0,0.0,0.0,0.7041783482551576,0.8,0.5714285714285714,0.0,0.0,0.0,0.33333333333333337,0.0,0.5967808232741002,0.0,1.0,1.0,2.0,algo_low_certainty_sampled,D:\בעלי תשובה\ארז משה דורון\029 לראות טוב,D:\בעלי תשובה\ארז משה דורון\052 אין כל חדש תחת השמש
160.0,128.0,32.0,0.8,0.0,0.0,0.3707724849592341,1.0,0.6292275150407659,0.3707724849592341,1.0,0.6292275150407659,0.0,1.0,0.0,0.0,0.0,0.0,0.0,0.0,0.0,0.0,0.0,0.0,0.0,0.0,0.0,0.0,0.0,2.0,algo_no_comparison_result_sampled,D:\בעלי תשובה\תיקון הכללי,D:\בעלי תשובה\יצחק מאיר\נשמות חדשות\חלק 2
128.0,128.0,0.0,1.0,0.0,0.0,1.0,1.0,0.0,1.0,1.0,0.0,1.0,0.0,0.0,0.0,0.0,0.0,0.0,0.0,0.0,0.0,0.0,0.0,0.0,0.0,0.0,0.0,0.0,2.0,algo_no_comparison_result_sampled,D:\בעלי תשובה\יצחק מאיר\נשמות חדשות\חלק 1,D:\בעלי תשובה\ישראל דגן\שמחת פורים
128.0,128.0,0.0,1.0,1.0,1.0,1.0,0.4395813988062998,0.5604186011937002,0.0,0.4395813988062998,0.4395813988062998,0.0,0.0,0.0,0.0,0.0,0.5303137423516262,0.1668810592487179,0.0,0.0,0.0,0.0,0.18181818181818177,0.0,0.3002769364522076,0.0,1.0,1.0,2.0,algo_low_certainty_sampled,D:\בעלי תשובה\גיל עקביוב,D:\בעלי תשובה\ישראל דגן\ראש השנה שלי
128.0,128.0,0.0,1.0,0.0,0.0,0.2809753868055855,0.27700884219937516,0.0039665446062103205,0.2555969699945765,0.27700884219937516,0.021411872204798676,0.0,0.0,0.0,0.0,0.0,0.6367921127906336,0.44383285262807404,0.2405367301919026,0.0,0.016528925619834708,0.0,0.26086956521739135,0.0,0.4533929555460063,0.0,0.0,0.0,2.0,algo_low_certainty_sampled,D:\בעלי תשובה\יוסף קרדונר\בחירה,D:\בעלי תשובה\עדי רן\עדי רן והגיטרה - 1
192.0,160.0,32.0,0.8333333333333334,0.0,0.0,0.3067488807297329,0.3707724849592341,0.06402360422950121,0.3067488807297329,0.3707724849592341,0.06402360422950121,1.0,0.0,0.0,0.0,0.0,0.0,0.0,0.0,0.0,0.0,0.0,0.0,0.0,0.0,0.0,0.0,0.0,2.0,algo_no_comparison_result_sampled,D:\בעלי תשובה\אהרון רזאל\אהרן רזאל - קבעתי את מושבי\אהרן רזאל - קבעתי את מושבי,D:\בעלי תשובה\תיקון הכללי
123.42857142857143,32.0,91.42857142857143,0.25925925925925924,0.0,1.0,0.660156550265895,0.0,0.660156550265895,0.8433164511595885,0.0,0.8433164511595885,0.0,0.0,0.0,0.0,0.0,0.18932549477876,0.1948855401040273,0.006885021124050071,0.0,0.0,0.0,0.3076923076923077,0.0,0.09304347020377572,0.0,0.0,0.0,2.0,algo_low_certainty_sampled,D:\בעלי תשובה\ישראל דגן\דגן- הופעה חיה,D:\בעלי תשובה\ארז משה דורון\098 ציפצופים
128.0,320.0,192.0,0.4,0.0,0.0,1.0,0.2643842694212485,0.7356157305787515,0.0,0.2643842694212485,0.2643842694212485,0.0,0.0,0.0,0.0,0.0,0.25943835656290565,0.27763442058255816,0.0,0.0,0.28571428571428564,0.0,0.2962962962962963,0.0,0.3667596741010471,0.0,0.0,0.0,2.0,algo_low_certainty_sampled,D:\בעלי תשובה\אליך-יריב גולדמן,D:\בעלי תשובה\אהרון רזאל\להיות מחובר
128.0,96.0,32.0,0.75,0.0,0.0,0.6202184291388099,0.24974139732911663,0.37047703180969327,0.27770914861101964,0.24974139732911663,0.027967751281903014,0.0,0.0,0.0,0.0,0.0,0.0,0.0,0.0,0.0,0.0,0.0,0.0,0.0,0.0,0.0,0.0,0.0,2.0,algo_no_comparison_result_sampled,D:\בעלי תשובה\אחיה רובין\ונזכה,D:\בעלי תשובה\קול אחי\השקיפה
160.0,128.0,32.0,0.8,1.0,1.0,0.27238638174643265,0.27622047176536346,0.0038340900189308136,0.27238638174643265,0.27622047176536346,0.0038340900189308136,0.0,0.0,0.0,0.0,0.0,0.5697392621736342,0.5371963677926795,0.3399950926266716,0.0,0.0,0.0,0.3157894736842105,0.0,0.6072363925453216,0.0,1.0,1.0,2.0,algo_low_certainty_sampled,D:\בעלי תשובה\אהרון רזאל\זמן הגאולה,D:\בעלי תשובה\עקיבא מרגליות\לאורו נלך
160.0,128.0,32.0,0.8,1.0,1.0,0.21497468337814524,0.4063265208397102,0.19135183746156498,0.21497468337814524,0.25247161105728266,0.037496927679137426,0.0,0.0,0.0,0.0,0.0,0.5811453946464772,0.3981916348681364,0.2125896565084208,0.0,0.0,0.0,0.33333333333333337,0.0,0.4673599655154114,0.0,1.0,1.0,2.0,algo_low_certainty_sampled,D:\בעלי תשובה\מים 2,D:\בעלי תשובה\ישראל זינגר\ריקוד המלאכים
128.0,160.0,32.0,0.8,0.0,0.0,0.3022111170984259,0.3707724849592341,0.06856136786080819,0.3022111170984259,0.3707724849592341,0.06856136786080819,0.0,0.0,0.0,0.0,0.0,0.13594622055406655,0.42325284816354786,0.09345459947064226,0.0,0.1288167987772731,0.0,0.19999999999999996,0.0,0.06940251253480612,0.0,1.0,1.0,2.0,algo_low_certainty_sampled,D:\בעלי תשובה\ישראל דגן\דגן חתונות\משה אטיאס,D:\בעלי תשובה\תיקון הכללי
128.0,195.78571428571428,67.78571428571428,0.6537759941627144,1.0,1.0,1.0,0.2581071456170303,0.7418928543829697,1.0,1.0,0.0,0.0,0.0,0.0,0.0,0.0,0.32833144667838565,0.2973209887403237,0.16353383458646623,0.0,0.0,0.0,0.15384615384615385,0.0,0.515484967963263,0.0,1.0,1.0,2.0,algo_low_certainty_sampled,D:\בעלי תשובה\ברלינגר\מתתיהו 1,D:\בעלי תשובה\חיים דוד סרצ'יק\לפניך
128.0,128.0,0.0,1.0,0.0,0.0,0.2000802777784875,1.0,0.7999197222215125,0.0,0.2601616418210846,0.2601616418210846,0.0,0.0,0.0,0.0,0.0,0.0,0.0,0.0,0.0,0.0,0.0,0.0,0.0,0.0,0.0,0.0,0.0,2.0,algo_no_comparison_result_sampled,D:\בעלי תשובה\אודי אולמן\דברי שיר,D:\בעלי תשובה\נקודה טובה
128.0,128.0,0.0,1.0,0.0,0.0,0.21116393582337853,0.6606431894230039,0.4494792535996254,0.21116393582337853,0.8222222222222222,0.6110582863988436,0.0,0.0,0.0,0.0,0.0,0.7534753150777573,0.3574378286029518,0.10146526695030307,0.0,0.2333116883116883,0.0,0.4,0.0,0.5927965238089685,0.0,1.0,1.0,2.0,algo_low_certainty_sampled,D:\בעלי תשובה\סנדי שמואלי\בעזרת השם,D:\בעלי תשובה\המדרגות\המדרגות חדש
128.0,128.0,0.0,1.0,0.0,0.0,0.40024241465807686,1.0,0.5997575853419231,0.29184619831127967,1.0,0.7081538016887203,0.0,0.0,0.0,0.0,0.0,0.6513710467467277,0.22310578282864313,0.06463841846829302,0.0,0.2962962962962963,0.0,0.32432432432432434,0.0,0.42541633901123055,0.0,0.0,0.0,2.0,algo_low_certainty_sampled,D:\בעלי תשובה\אלטרנטיבי\להקת המדרגות-בפתח הדלת,D:\בעלי תשובה\ברלינגר\משה לוי והלויים
128.0,128.0,0.0,1.0,0.0,0.0,1.0,0.26316833264670075,0.7368316673532993,1.0,0.26316833264670075,0.7368316673532993,1.0,0.0,0.0,0.0,0.0,0.0,0.0,0.0,0.0,0.0,0.0,0.0,0.0,0.0,0.0,0.0,0.0,2.0,algo_no_comparison_result_sampled,D:\בעלי תשובה\יצחק מאיר\נשמות חדשות\חלק 2,D:\בעלי תשובה\ירמיהו\כנגן המנגן
128.0,96.0,32.0,0.75,0.0,0.0,0.3462975584756755,0.24974139732911663,0.09655616114655888,0.3462975584756755,0.24974139732911663,0.09655616114655888,0.0,0.0,0.0,0.0,0.0,0.4381413442599206,0.5690643633124957,0.42612183688344685,0.0,0.0,0.0,0.375,0.0,0.4270440700997479,0.0,1.0,1.0,2.0,algo_low_certainty_sampled,D:\בעלי תשובה\ישראל דגן\נפשי החזקה,D:\בעלי תשובה\קול אחי\השקיפה
128.0,128.0,0.0,1.0,0.0,0.0,0.6606431894230039,0.6847330038265858,0.024089814403581822,0.8222222222222222,0.22257521613042763,0.5996470060917946,0.0,0.0,0.0,0.0,0.0,0.6661304126683385,0.4013191432854253,0.10514482050266363,0.0,0.15010038465146827,0.0,0.11111111111111116,0.0,0.46367368007083565,0.0,1.0,1.0,2.0,algo_low_certainty_sampled,D:\בעלי תשובה\המדרגות\המדרגות חדש,D:\בעלי תשובה\אורן ארנון\עלי באר
160.0,128.0,32.0,0.8,0.0,0.0,0.2150137524440931,0.2859762415131112,0.07096248906901809,0.18847562874257065,1.0,0.8115243712574294,0.0,1.0,0.0,0.0,0.0,0.0,0.0,0.0,0.0,0.0,0.0,0.0,0.0,0.0,0.0,0.0,0.0,2.0,algo_no_comparison_result_sampled,D:\בעלי תשובה\ברק כהן\ברק כהן עם דובי גינז\עונג,D:\בעלי תשובה\עדי רן\התבוננות
32.0,120.0,88.0,0.26666666666666666,0.0,1.0,0.0,0.22741860360456187,0.22741860360456187,0.0,0.2902449004652799,0.2902449004652799,0.0,0.0,0.0,0.0,0.0,0.2850348650560519,0.39995370370370364,0.0625,0.0,0.0,0.0,0.15384615384615385,0.0,0.125,0.0,0.0,0.0,2.0,algo_low_certainty_sampled,D:\בעלי תשובה\ארז משה דורון\019 לדבר עם ה,D:\בעלי תשובה\ישראל גריזולט
128.0,160.0,32.0,0.8,1.0,1.0,0.2941560623287137,0.22423017210857654,0.06992589022013718,0.0,0.22423017210857654,0.22423017210857654,0.0,0.0,0.0,0.0,0.0,0.5003811920921384,0.4880305265292506,0.0,0.0,0.0,0.0,0.125,0.0,0.42293687547600883,0.0,0.0,0.0,2.0,algo_low_certainty_sampled,D:\בעלי תשובה\עדי רן\אל תכה בסלע,D:\בעלי תשובה\מים 1
128.0,128.0,0.0,1.0,0.0,0.0,1.0,0.6387530961627489,0.3612469038372511,1.0,0.2787580723284634,0.7212419276715366,0.0,0.0,0.0,0.0,0.0,0.5974676459194195,0.16760210613442755,0.06343321874204226,0.0,0.0,0.0,0.34782608695652173,0.0,0.4716478317624692,0.0,0.55,1.0,2.0,algo_low_certainty_sampled,D:\בעלי תשובה\יצחק שדהו,D:\בעלי תשובה\ישראל דגן\עדיין יש תקווה
128.0,128.0,0.0,1.0,0.0,0.0,0.40024241465807686,1.0,0.5997575853419231,0.29184619831127967,1.0,0.7081538016887203,0.0,0.0,0.0,0.0,0.0,0.0,0.0,0.0,0.0,0.0,0.0,0.0,0.0,0.0,0.0,0.0,0.0,2.0,algo_no_comparison_result_sampled,D:\בעלי תשובה\אלטרנטיבי\להקת המדרגות-בפתח הדלת,D:\בעלי תשובה\נפתלי גולד
153.6,32.0,121.6,0.20833333333333334,1.0,1.0,0.7400588508887702,0.0,0.7400588508887702,0.7400588508887702,0.0,0.7400588508887702,0.0,0.0,0.0,0.0,0.0,0.5840260084101655,0.15516708381482905,0.010079529192889833,0.0,0.0,0.0,0.33333333333333337,0.0,0.0,0.0,0.0,0.0,2.0,algo_low_certainty_sampled,D:\בעלי תשובה\אבולוף,D:\בעלי תשובה\ארז משה דורון\012 אסור להיות זקן
128.0,128.0,0.0,1.0,0.0,0.0,0.5556271404987482,0.8333333333333334,0.2777061928345852,0.309324224284178,0.23579977126416757,0.07352445302001043,0.0,0.0,0.0,0.0,0.0,0.0,0.0,0.0,0.0,0.0,0.0,0.0,0.0,0.0,0.0,0.0,0.0,2.0,algo_no_comparison_result_sampled,D:\בעלי תשובה\הזמיר\נוסע לאומן,D:\בעלי תשובה\אודי דוידי\אודי דודי 2\no title
64.0,128.0,64.0,0.5,0.0,0.0,0.24337572331410295,0.40024241465807686,0.1568666913439739,0.4669122431312358,0.29184619831127967,0.17506604481995613,0.0,0.0,0.0,0.0,0.0,0.3599600033284502,0.3847054574677664,0.18477927826649057,0.0,0.0,0.0,0.07999999999999996,0.0,0.4840153375519446,0.0,0.0,0.0,2.0,algo_low_certainty_sampled,D:\בעלי תשובה\אודי טופלברג\מים,D:\בעלי תשובה\אלטרנטיבי\להקת המדרגות-בפתח הדלת
128.0,128.0,0.0,1.0,1.0,1.0,1.0,0.3462975584756755,0.6537024415243244,0.0,0.3462975584756755,0.3462975584756755,0.0,0.0,0.0,0.0,0.0,0.5051295595909917,0.18955515739695478,0.0,0.0,0.0,0.0,0.11111111111111116,0.0,0.2312450248797183,0.0,1.0,1.0,2.0,algo_low_certainty_sampled,D:\בעלי תשובה\חיים דוד סרצ'יק\למעו שמו,D:\בעלי תשובה\ישראל דגן\נפשי החזקה
192.0,128.0,64.0,0.6666666666666666,0.0,0.0,0.3693793107610762,0.8333333333333334,0.46395402257225715,0.22502142268352276,0.23579977126416757,0.010778348580644803,1.0,0.0,0.0,0.0,0.0,0.0,0.0,0.0,0.0,0.0,0.0,0.0,0.0,0.0,0.0,0.0,0.0,2.0,algo_no_comparison_result_sampled,D:\בעלי תשובה\שולי רנד\הופעה בקיסריה\שולי רנד - בקיסריה\דיסק 1,D:\בעלי תשובה\אודי דוידי\אודי דודי 2\no title
128.0,128.0,0.0,1.0,0.0,0.0,0.2755814301892734,0.6847330038265858,0.40915157363731236,0.2755814301892734,0.22257521613042763,0.05300621405884576,0.0,0.0,0.0,0.0,0.0,0.6538556030146436,0.5073411913655816,0.22118203116486873,0.0,0.0,0.0,0.0,0.0,0.35583169604470616,0.0,1.0,1.0,2.0,algo_low_certainty_sampled,D:\בעלי תשובה\יהודה גלאנץ\Phinar,D:\בעלי תשובה\אורן ארנון\עלי באר
96.0,128.0,32.0,0.75,0.0,0.0,0.22190442340597138,0.40582510542562483,0.18392068201965345,0.22190442340597138,0.2226164249693661,0.0007120015633947097,0.0,0.0,0.0,0.0,0.0,0.0,0.0,0.0,0.0,0.0,0.0,0.0,0.0,0.0,0.0,0.0,0.0,2.0,algo_no_comparison_result_sampled,D:\בעלי תשובה\קול אחי\הללו,D:\בעלי תשובה\יוסף (גלעד) קרדונר\סימנים בדרך - 01
195.78571428571428,128.0,67.78571428571428,0.6537759941627144,0.0,0.0,0.2581071456170303,1.0,0.7418928543829697,1.0,0.260144522835359,0.7398554771646411,0.0,0.0,0.0,0.0,0.0,0.556085482204708,0.24846172751074952,0.08921912534516616,0.0,0.0,0.0,0.19999999999999996,0.0,0.27749432153168346,0.0,1.0,1.0,2.0,algo_low_certainty_sampled,D:\בעלי תשובה\חיים דוד סרצ'יק\לפניך,D:\בעלי תשובה\חיים דוד סרצ'יק\הפורש
128.0,128.0,0.0,1.0,0.0,0.0,1.0,0.4261133624252772,0.5738866375747228,1.0,0.4261133624252772,0.5738866375747228,1.0,0.0,0.0,0.0,0.0,0.0,0.0,0.0,0.0,0.0,0.0,0.0,0.0,0.0,0.0,0.0,0.0,2.0,algo_no_comparison_result_sampled,D:\בעלי תשובה\יצחק מאיר\נשמות חדשות\חלק 2,D:\בעלי תשובה\יוסף (גלעד) קרדונר\בחירה - 03
32.0,32.0,0.0,1.0,1.0,1.0,0.0,0.0,0.0,0.0,0.0,0.0,0.0,0.0,0.0,0.0,0.0,0.6785389829381606,0.7142857142857143,0.33333333333333337,0.0,0.0,0.0,0.3157894736842105,0.0,0.6105098569735914,0.0,1.0,1.0,2.0,algo_low_certainty_sampled,D:\בעלי תשובה\ארז משה דורון\000[068] להאמין בעצמו,D:\בעלי תשובה\ארז משה דורון\004 זוגיות רוחנית
32.0,192.0,160.0,0.16666666666666666,0.0,0.0,0.0,0.7029066585588325,0.7029066585588325,0.0,0.28324915824915825,0.28324915824915825,0.0,0.0,0.0,0.0,0.0,0.218457849817615,0.14561146011374845,0.0,0.0,0.0,0.0,0.26086956521739135,0.0,0.0,0.0,0.0,0.0,2.0,algo_low_certainty_sampled,D:\בעלי תשובה\ארז משה דורון\028 חינוך ילדים,D:\בעלי תשובה\אהוד בנאי\טיפ טיפה
128.0,192.0,64.0,0.6666666666666666,0.0,0.0,0.2963361711896721,0.3693793107610762,0.07304313957140413,0.2792337495532713,0.22502142268352276,0.05421232686974853,0.0,1.0,0.0,0.0,0.0,0.5660136272331803,0.43348631612420646,0.26735359547859544,0.0,0.19317534317534316,0.0,0.2857142857142857,0.0,0.3050845889726625,0.0,0.08333333333333333,0.0,2.0,algo_low_certainty_sampled,D:\בעלי תשובה\נסתרות דרכי האל,D:\בעלי תשובה\שולי רנד\הופעה בקיסריה\שולי רנד - בקיסריה\דיסק 1
128.0,128.0,0.0,1.0,0.0,1.0,0.3462975584756755,0.6606431894230039,0.3143456309473284,0.3462975584756755,0.8222222222222222,0.4759246637465467,0.0,0.0,0.0,0.0,0.0,0.5267569042045149,0.3917546725067257,0.13089564704448362,0.0,0.0,0.0,0.19047619047619047,0.0,0.33536896177249165,0.0,1.0,1.0,2.0,algo_low_certainty_sampled,D:\בעלי תשובה\ישראל דגן\נפשי החזקה,D:\בעלי תשובה\המדרגות\המדרגות חדש
166.4,128.0,38.400000000000006,0.7692307692307692,0.0,0.0,0.2594066150567698,0.24951725891354376,0.009889356143226058,0.2594066150567698,0.24951725891354376,0.009889356143226058,1.0,0.0,0.0,0.0,0.0,0.4401383231798047,0.44959283713501347,0.17763191400962297,0.0,0.0,0.0,0.25806451612903225,0.0,0.252976744762512,0.0,1.0,1.0,2.0,algo_low_certainty_sampled,D:\בעלי תשובה\עדי רן\עדי רן - גלגל של הצלה,D:\בעלי תשובה\דני ממן\זה שיר שבח
32.0,32.0,0.0,1.0,1.0,1.0,0.0,0.0,0.0,0.0,0.0,0.0,0.0,0.0,0.0,0.0,0.0,0.6284077334935978,0.7692307692307692,0.4,0.0,0.0,0.0,0.375,0.0,0.5422735831757536,0.0,1.0,1.0,2.0,algo_low_certainty_sampled,D:\בעלי תשובה\ארז משה דורון\003 שמחה מתוך צער,D:\בעלי תשובה\ארז משה דורון\028 חינוך ילדים
128.0,96.0,32.0,0.75,0.0,0.0,0.23094965439521678,0.29735679447955665,0.06640714008433987,0.23094965439521678,0.29735679447955665,0.06640714008433987,0.0,0.0,0.0,0.0,0.0,0.7403402738219595,0.4723944645404219,0.20832611422551744,0.0,0.0,0.0,0.23076923076923073,0.0,0.10438383201459163,0.0,0.0,0.0,2.0,algo_low_certainty_sampled,D:\בעלי תשובה\סיני\אספרה כבודך - סיני,D:\בעלי תשובה\גד ליאור
128.0,128.0,0.0,1.0,0.0,0.0,1.0,0.6202184291388099,0.37978157086119013,0.0,0.27770914861101964,0.27770914861101964,0.0,0.0,0.0,0.0,0.0,0.718337286754456,0.16449315857210595,0.0,0.0,0.0,0.0,0.1333333333333333,0.0,0.5898980453285564,0.0,0.55,1.0,2.0,algo_low_certainty_sampled,D:\בעלי תשובה\גיל עקביוב,D:\בעלי תשובה\אחיה רובין\ונזכה
128.0,128.0,0.0,1.0,0.0,0.0,0.40024241465807686,0.36207277452891484,0.03816964012916202,0.29184619831127967,1.0,0.7081538016887203,0.0,0.0,0.0,0.0,0.0,0.7291014670931253,0.35418925190103695,0.05225155236919943,0.0,0.0,0.0,0.19999999999999996,0.0,0.5079018601025117,0.0,0.0,0.0,2.0,algo_low_certainty_sampled,D:\בעלי תשובה\אלטרנטיבי\להקת המדרגות-בפתח הדלת,D:\בעלי תשובה\ברק כהן\יש תקווה
160.0,128.0,32.0,0.8,1.0,0.0,0.22423017210857654,1.0,0.7757698278914235,0.22423017210857654,0.27844605035436915,0.054215878245792604,0.0,0.0,0.0,0.0,0.0,0.3812484410449683,0.20853188856652852,0.24297694290109847,0.0,0.0,0.0,0.6,0.0,0.29730875574871923,0.0,1.0,1.0,2.0,algo_low_certainty_sampled,D:\בעלי תשובה\מים 1,D:\בעלי תשובה\סנדי שמואלי\מחכים
128.0,192.0,64.0,0.6666666666666666,0.0,0.0,0.8534650546662002,0.260760428742324,0.5927046259238762,0.8788867414094268,0.260760428742324,0.6181263126671028,0.0,1.0,0.0,0.0,0.0,0.0,0.0,0.0,0.0,0.0,0.0,0.0,0.0,0.0,0.0,0.0,0.0,2.0,algo_no_comparison_result_sampled,D:\בעלי תשובה\סיני תור,D:\בעלי תשובה\יצחק פוקס\ממעמקים יצחק פוקס
128.0,320.0,192.0,0.4,0.0,1.0,0.25729658680382567,0.269820031736722,0.01252344493289631,0.25645829152593796,0.269820031736722,0.013361740210784012,0.0,0.0,0.0,0.0,0.0,0.1816968242374376,0.5431218996137417,0.32583939071353263,0.0,0.0,0.0,0.3157894736842105,0.0,0.16056420850678493,0.0,1.0,1.0,2.0,algo_low_certainty_sampled,D:\בעלי תשובה\צבי זלבסקי\פה ושם אני רוקד,D:\בעלי תשובה\חיים דוד סרצ'יק\היום
32.0,32.0,0.0,1.0,1.0,1.0,0.0,0.0,0.0,0.0,0.0,0.0,0.0,0.0,0.0,0.0,0.0,0.6195051627925052,0.7142857142857143,0.33333333333333337,0.0,0.0,0.0,0.375,0.0,0.4261138112374711,0.0,1.0,1.0,2.0,algo_low_certainty_sampled,D:\בעלי תשובה\ארז משה דורון\009 סיפור אישי,D:\בעלי תשובה\ארז משה דורון\032 להמתיק את הדין
128.0,128.0,0.0,1.0,1.0,1.0,0.2755814301892734,0.2889764430020933,0.013395012812819906,0.2755814301892734,0.2889764430020933,0.013395012812819906,0.0,0.0,0.0,0.0,0.0,0.7216121984241164,0.4587581307581307,0.24438725567518133,0.0,0.0,0.0,0.0,0.0,0.5080397302271086,0.0,1.0,1.0,2.0,algo_low_certainty_sampled,D:\בעלי תשובה\יהודה גלאנץ\Phinar,D:\בעלי תשובה\דני גולן\דני גולן והחברים\לב טהור
192.0,160.0,32.0,0.8333333333333334,0.0,0.0,0.3693793107610762,0.25237744776806564,0.11700186299301057,0.22502142268352276,0.25237744776806564,0.02735602508454288,1.0,0.0,0.0,0.0,0.0,0.0,0.0,0.0,0.0,0.0,0.0,0.0,0.0,0.0,0.0,0.0,0.0,2.0,algo_no_comparison_result_sampled,D:\בעלי תשובה\שולי רנד\הופעה בקיסריה\שולי רנד - בקיסריה\דיסק 1,D:\בעלי תשובה\עדי רן\עדי רן מה יש לכם לדאוג
32.0,32.0,0.0,1.0,1.0,1.0,0.0,0.0,0.0,0.0,0.0,0.0,0.0,0.0,0.0,0.0,0.0,0.9639198728602573,0.6666666666666667,0.2857142857142857,0.0,0.0,0.0,0.19999999999999996,0.0,0.9639194442791588,0.0,1.0,1.0,2.0,algo_low_certainty_sampled,D:\בעלי תשובה\ארז משה דורון\012 אסור להיות זקן,D:\בעלי תשובה\ארז משה דורון\000[066] כסף
128.0,128.0,0.0,1.0,0.0,0.0,0.26316833264670075,0.2330104184381377,0.030157914208563064,0.26316833264670075,0.18359844124657437,0.07956989140012638,0.0,0.0,0.0,0.0,0.0,0.46068918573426865,0.4716404543509595,0.22244351222679395,0.0,0.024242424242424246,0.0,0.19047619047619047,0.0,0.27419051091491475,0.0,1.0,1.0,2.0,algo_low_certainty_sampled,D:\בעלי תשובה\ירמיהו\כנגן המנגן,D:\בעלי תשובה\יוסף קרדונר\סימנים בדרך
128.0,128.0,0.0,1.0,1.0,1.0,1.0,0.3462975584756755,0.6537024415243244,0.0,0.3462975584756755,0.3462975584756755,0.0,0.0,0.0,0.0,0.0,0.5213743976299761,0.18955515739695478,0.0,0.0,0.0,0.0,0.30000000000000004,0.0,0.25935420811271614,0.0,1.0,1.0,2.0,algo_low_certainty_sampled,D:\בעלי תשובה\גיל עקביוב,D:\בעלי תשובה\ישראל דגן\נפשי החזקה
128.0,128.0,0.0,1.0,0.0,0.0,0.21394797205483929,0.23094965439521678,0.017001682340377494,0.32470163567732774,0.23094965439521678,0.09375198128211096,0.0,0.0,0.0,0.0,0.0,0.5035408652199539,0.45688626444523006,0.2705244550546745,0.07060572277963581,0.057579847053531266,0.0,0.1875,0.0,0.35852459596334174,0.0,0.0,0.0,2.0,algo_low_certainty_sampled,D:\בעלי תשובה\ישראל דגן\תנו לי את לבכם,D:\בעלי תשובה\סיני\אספרה כבודך - סיני
32.0,32.0,0.0,1.0,1.0,1.0,0.0,0.0,0.0,0.0,0.0,0.0,0.0,0.0,0.0,0.0,0.0,0.4656135222344723,0.7692307692307692,0.4,0.0,0.0,0.0,0.3448275862068966,0.0,0.3378092387190634,0.0,1.0,1.0,2.0,algo_low_certainty_sampled,D:\בעלי תשובה\ארז משה דורון\013 צא אל השדות,D:\בעלי תשובה\ארז משה דורון\005 ניקוי הראש
32.0,32.0,0.0,1.0,1.0,1.0,0.0,0.0,0.0,0.0,0.0,0.0,0.0,0.0,0.0,0.0,0.0,0.7524792661212357,0.6666666666666667,0.2857142857142857,0.0,0.0,0.0,0.34285714285714286,0.0,0.5431386174509625,0.0,1.0,1.0,2.0,algo_low_certainty_sampled,D:\בעלי תשובה\ארז משה דורון\000[068] להאמין בעצמו,D:\בעלי תשובה\ארז משה דורון\025 שלוש אהבות
128.0,128.0,0.0,1.0,0.0,0.0,0.26316833264670075,0.4261133624252772,0.16294502977857644,0.26316833264670075,0.4261133624252772,0.16294502977857644,0.0,0.0,0.0,0.0,0.0,0.0,0.0,0.0,0.0,0.0,0.0,0.0,0.0,0.0,0.0,0.0,0.0,2.0,algo_no_comparison_result_sampled,D:\בעלי תשובה\ירמיהו\כנגן המנגן,D:\בעלי תשובה\יוסף (גלעד) קרדונר\בחירה - 03
128.0,128.0,0.0,1.0,0.0,0.0,0.8333333333333334,0.4249225978542701,0.40841073547906326,0.23579977126416757,0.4249225978542701,0.18912282659010254,0.0,1.0,0.0,0.0,0.0,0.0,0.0,0.0,0.0,0.0,0.0,0.0,0.0,0.0,0.0,0.0,0.0,2.0,algo_no_comparison_result_sampled,D:\בעלי תשובה\אודי דוידי\אודי דודי 2\no title,D:\בעלי תשובה\ניצן חן רזאל מוצא מקום
128.0,128.0,0.0,1.0,0.0,0.0,0.26316833264670075,1.0,0.7368316673532993,0.26316833264670075,0.2601616418210846,0.003006690825616165,0.0,0.0,0.0,0.0,0.0,0.0,0.0,0.0,0.0,0.0,0.0,0.0,0.0,0.0,0.0,0.0,0.0,2.0,algo_no_comparison_result_sampled,D:\בעלי תשובה\ירמיהו\כנגן המנגן,D:\בעלי תשובה\נקודה טובה
128.0,128.0,0.0,1.0,0.0,0.0,0.4395813988062998,0.29698772961930864,0.14259366918699118,0.4395813988062998,1.0,0.5604186011937002,0.0,0.0,0.0,0.0,0.0,0.6041193912630011,0.43289197733625223,0.02981761993548036,0.0,0.0,0.0,0.43478260869565216,0.0,0.39160315291656117,0.0,1.0,1.0,2.0,algo_low_certainty_sampled,D:\בעלי תשובה\ישראל דגן\ראש השנה שלי,D:\בעלי תשובה\אחישנה\לך ה' אלוקי
128.0,166.4,38.400000000000006,0.7692307692307692,0.0,0.0,0.264503876615915,0.2594066150567698,0.005097261559145194,1.0,0.2594066150567698,0.7405933849432302,0.0,1.0,0.0,0.0,0.0,0.0,0.0,0.0,0.0,0.0,0.0,0.0,0.0,0.0,0.0,0.0,0.0,2.0,algo_no_comparison_result_sampled,D:\בעלי תשובה\אסף נגל\אדיר במרום,D:\בעלי תשובה\עדי רן\עדי רן - גלגל של הצלה
128.0,157.0909090909091,29.090909090909093,0.8148148148148148,0.0,0.0,0.2409177614286613,0.3433230563582517,0.10240529492959041,0.2393952727002871,0.2387152837785005,0.0006799889217866117,0.0,0.0,0.0,0.0,0.0,0.0,0.0,0.0,0.0,0.0,0.0,0.0,0.0,0.0,0.0,0.0,0.0,2.0,algo_no_comparison_result_sampled,D:\בעלי תשובה\שולי רנד\שולי רנד קיסריה,D:\בעלי תשובה\מאיר בנאי\לך אלי
128.0,128.0,0.0,1.0,0.0,0.0,0.4028413437474495,0.40024241465807686,0.002598929089372648,0.2725157489002033,0.29184619831127967,0.019330449411076367,0.0,0.0,0.0,0.0,0.0,0.0,0.0,0.0,0.0,0.0,0.0,0.0,0.0,0.0,0.0,0.0,0.0,2.0,algo_no_comparison_result_sampled,D:\בעלי תשובה\מאיר בנאי\שמע קולי,D:\בעלי תשובה\אלטרנטיבי\להקת המדרגות-בפתח הדלת
128.0,64.0,64.0,0.5,1.0,1.0,0.36207277452891484,0.24337572331410295,0.11869705121481189,1.0,0.4669122431312358,0.5330877568687642,0.0,0.0,0.0,0.0,0.0,0.3311783878407483,0.42847050853629803,0.02762838468720822,0.0,0.0,0.0,0.18181818181818177,0.0,0.5407759932777597,0.0,1.0,1.0,2.0,algo_low_certainty_sampled,D:\בעלי תשובה\ברק כהן\יש תקווה,D:\בעלי תשובה\אודי טופלברג\מים
157.0909090909091,128.0,29.090909090909093,0.8148148148148148,0.0,0.0,0.3433230563582517,0.6974116257476615,0.35408856938940975,0.2387152837785005,0.6974116257476615,0.458696341969161,0.0,0.0,0.0,0.0,0.0,0.45380581522414104,0.28648346173435185,0.2822099693902763,0.0,0.0,0.0,0.11764705882352944,0.0,0.26606619753282257,0.0,1.0,1.0,2.0,algo_low_certainty_sampled,D:\בעלי תשובה\מאיר בנאי\לך אלי,D:\בעלי תשובה\חיות  הקודש
128.0,32.0,96.0,0.25,1.0,1.0,0.306539294039294,0.0,0.306539294039294,0.306539294039294,0.0,0.306539294039294,0.0,0.0,0.0,0.0,0.0,0.7410855905615581,0.42925942306747256,0.0,0.0,0.0,0.0,0.25,0.0,0.0,0.0,0.0,0.0,2.0,algo_low_certainty_sampled,D:\בעלי תשובה\בהרוז אהרוני\שירת השבים,D:\בעלי תשובה\ארז משה דורון\064 תמיד תלמיד
192.0,128.0,64.0,0.6666666666666666,0.0,0.0,0.3602569865901291,0.7874080873534178,0.4271511007632887,0.20396713382961987,0.7874080873534178,0.583440953523798,1.0,0.0,0.0,0.0,0.0,0.34540374047180317,0.2652865401911901,0.13964639479818908,0.0,0.1333333333333333,0.0,0.15384615384615385,0.0,0.22447144463461371,0.0,0.0,0.0,2.0,algo_low_certainty_sampled,D:\בעלי תשובה\שולי רנד\הופעה בקיסריה\שולי רנד - בקיסריה\דיסק 2,D:\בעלי תשובה\המדרגות
128.0,32.0,96.0,0.25,0.0,1.0,1.0,0.0,1.0,1.0,0.0,1.0,0.0,0.0,0.0,0.0,0.0,0.28134949398928094,0.1323529411764706,0.019230769230769218,0.0,0.0,0.0,0.27586206896551724,0.0,0.0,0.0,0.0,0.0,2.0,algo_low_certainty_sampled,D:\בעלי תשובה\יחיא אזולאי,D:\בעלי תשובה\ארז משה דורון\034 אש רוח מים עפר
128.0,128.0,0.0,1.0,0.0,0.0,1.0,0.2139713364504999,0.7860286635495001,1.0,0.21586764519215973,0.7841323548078403,0.0,0.0,0.0,0.0,0.0,0.5548346481990064,0.22487104702928606,0.10385559003980056,0.0,0.0,0.0,0.2857142857142857,0.0,0.3392130566165679,0.0,0.09090909090909091,0.0,2.0,algo_low_certainty_sampled,D:\בעלי תשובה\אודי דוידי\אודי דוידי דבר אליו,D:\בעלי תשובה\אנסמבל שם-טוב לוי\תחנות רוח
128.0,192.0,64.0,0.6666666666666666,0.0,0.0,1.0,0.3067488807297329,0.6932511192702671,1.0,0.3067488807297329,0.6932511192702671,1.0,1.0,1.0,0.0,0.0,0.0,0.0,0.0,0.0,0.0,0.0,0.0,0.0,0.0,0.0,0.0,0.0,2.0,algo_no_comparison_result_sampled,D:\בעלי תשובה\יצחק מאיר\נשמות חדשות\חלק 2,D:\בעלי תשובה\אהרון רזאל\אהרן רזאל - קבעתי את מושבי\אהרן רזאל - קבעתי את מושבי
128.0,192.0,64.0,0.6666666666666666,0.0,0.0,0.2000802777784875,0.3602569865901291,0.16017670881164162,0.0,0.20396713382961987,0.20396713382961987,0.0,1.0,0.0,0.0,0.0,0.0,0.0,0.0,0.0,0.0,0.0,0.0,0.0,0.0,0.0,0.0,0.0,2.0,algo_no_comparison_result_sampled,D:\בעלי תשובה\אודי אולמן\דברי שיר,D:\בעלי תשובה\שולי רנד\הופעה בקיסריה\שולי רנד - בקיסריה\דיסק 2
128.0,128.0,0.0,1.0,0.0,0.0,0.40582510542562483,0.3462975584756755,0.05952754694994933,0.2226164249693661,0.3462975584756755,0.12368113350630941,0.0,0.0,0.0,0.0,0.0,0.347990640801317,0.5384283951883573,0.18650188272613902,0.0,0.0,0.0,0.23076923076923073,0.0,0.07226314936321007,0.0,0.0,0.0,2.0,algo_low_certainty_sampled,D:\בעלי תשובה\יוסף (גלעד) קרדונר\סימנים בדרך - 01,D:\בעלי תשובה\ישראל דגן\נפשי החזקה
128.0,128.0,0.0,1.0,1.0,1.0,0.24951725891354376,1.0,0.7504827410864563,0.24951725891354376,0.0,0.24951725891354376,0.0,0.0,0.0,0.0,0.0,0.46744580455826756,0.20042200214397007,0.0,0.0,0.0,0.0,0.2222222222222222,0.0,0.15675729772304495,0.0,1.0,1.0,2.0,algo_low_certainty_sampled,D:\בעלי תשובה\דני ממן\זה שיר שבח,D:\בעלי תשובה\חיים דוד סרצ'יק\למעו שמו
128.0,128.0,0.0,1.0,1.0,1.0,0.4407025534851622,0.30459474003409925,0.13610781345106293,0.4407025534851622,0.30459474003409925,0.13610781345106293,0.0,0.0,0.0,0.0,0.0,0.34260115437067296,0.46130461854599786,0.27954222721554844,0.0,0.0,0.0,0.11111111111111116,0.0,0.17597203576418471,0.0,1.0,1.0,2.0,algo_low_certainty_sampled,D:\בעלי תשובה\ישראל דגן\מחול צדיקים,D:\בעלי תשובה\אשר אלפסי\אתה הכל
192.0,192.0,0.0,1.0,0.0,0.0,0.3067488807297329,0.3602569865901291,0.05350810586039623,0.3067488807297329,0.20396713382961987,0.10278174690011302,1.0,1.0,1.0,0.0,0.0,0.0,0.0,0.0,0.0,0.0,0.0,0.0,0.0,0.0,0.0,0.0,0.0,2.0,algo_no_comparison_result_sampled,D:\בעלי תשובה\אהרון רזאל\אהרן רזאל - קבעתי את מושבי\אהרן רזאל - קבעתי את מושבי,D:\בעלי תשובה\שולי רנד\הופעה בקיסריה\שולי רנד - בקיסריה\דיסק 2
128.0,128.0,0.0,1.0,0.0,0.0,0.264503876615915,0.25256305214732394,0.011940824468591071,1.0,0.25256305214732394,0.7474369478526761,0.0,0.0,0.0,0.0,0.0,0.6730188403432094,0.4504686734973527,0.03744633419556021,0.0,0.0,0.0,0.3414634146341463,0.0,0.39370017193323975,0.0,1.0,1.0,2.0,algo_low_certainty_sampled,D:\בעלי תשובה\אסף נגל\אדיר במרום,D:\בעלי תשובה\יערות דבש-יצחק אזולאי\יערות דבש השיר והשבחלחי העולמים
128.0,128.0,0.0,1.0,0.0,0.0,0.6847330038265858,0.6387530961627489,0.04597990766383686,0.22257521613042763,0.2787580723284634,0.05618285619803576,0.0,0.0,0.0,0.0,0.0,0.0,0.0,0.0,0.0,0.0,0.0,0.0,0.0,0.0,0.0,0.0,0.0,2.0,algo_no_comparison_result_sampled,D:\בעלי תשובה\אורן ארנון\עלי באר,D:\בעלי תשובה\ישראל דגן\עדיין יש תקווה
128.0,128.0,0.0,1.0,0.0,1.0,1.0,0.6606431894230039,0.33935681057699607,1.0,0.8222222222222222,0.1777777777777778,0.0,0.0,0.0,0.0,0.0,0.6575654362653773,0.16906445034154013,0.11002506265664161,0.0,0.0,0.0,0.19999999999999996,0.0,0.43081822011790116,0.0,1.0,1.0,2.0,algo_low_certainty_sampled,D:\בעלי תשובה\יצחק שדהו,D:\בעלי תשובה\המדרגות\המדרגות חדש
120.0,124.8,4.799999999999997,0.9615384615384616,0.0,1.0,0.2813488882540223,0.5003296011927933,0.21898071293877103,0.3272736626182222,0.4948320889377714,0.1675584263195492,0.0,0.0,0.0,0.0,0.0,0.4842817755329379,0.44497813005500964,0.2831117018281315,0.0,0.0,0.0,0.3703703703703704,0.0,0.2671802727111876,0.0,1.0,1.0,2.0,algo_low_certainty_sampled,D:\בעלי תשובה\שונות ולא ידועים,D:\בעלי תשובה\רונן  חזיזה
128.0,48.0,80.0,0.375,1.0,1.0,0.36207277452891484,0.3657312505730815,0.0036584760441666364,1.0,0.1783519691265463,0.8216480308734537,0.0,0.0,0.0,0.0,0.0,0.1644808497874261,0.3793773358149626,0.03615079365079365,0.0,0.0,0.0,0.2666666666666667,0.0,0.40126872163563865,0.0,1.0,1.0,2.0,algo_low_certainty_sampled,D:\בעלי תשובה\ברק כהן\יש תקווה,D:\בעלי תשובה\עמיר בניון\עמיר בניון - עומד בשער
160.0,128.0,32.0,0.8,0.0,0.0,0.3707724849592341,0.2409177614286613,0.12985472353057279,0.3707724849592341,0.2393952727002871,0.131377212258947,0.0,0.0,0.0,0.0,0.0,0.0,0.0,0.0,0.0,0.0,0.0,0.0,0.0,0.0,0.0,0.0,0.0,2.0,algo_no_comparison_result_sampled,D:\בעלי תשובה\תיקון הכללי,D:\בעלי תשובה\שולי רנד\שולי רנד קיסריה
128.0,128.0,0.0,1.0,1.0,0.0,1.0,0.36207277452891484,0.6379272254710852,0.27844605035436915,1.0,0.7215539496456309,0.0,0.0,0.0,0.0,0.0,0.6722295026454754,0.33609098228663453,0.05221311858076565,0.0,0.0,0.0,0.15384615384615385,0.0,0.45829036248429994,0.0,1.0,1.0,2.0,algo_low_certainty_sampled,D:\בעלי תשובה\סנדי שמואלי\מחכים,D:\בעלי תשובה\ברק כהן\יש תקווה
56.0,128.0,72.0,0.4375,0.0,1.0,0.7537098401213115,0.2499528889962427,0.5037569511250688,0.2459984041872587,0.2499528889962427,0.003954484808983999,0.0,0.0,0.0,0.0,0.0,0.337624892016196,0.2740381111804587,0.27798468439772794,0.0,0.0,0.0,0.4444444444444444,0.0,0.48970630091456346,0.0,1.0,1.0,2.0,algo_low_certainty_sampled,D:\בעלי תשובה\סנדי שמואלי\עד מתי,D:\בעלי תשובה\דני
128.0,120.0,8.0,0.9375,0.0,1.0,0.3893982783358661,0.22741860360456187,0.16197967473130423,0.3893982783358661,0.2902449004652799,0.0991533778705862,0.0,0.0,0.0,0.0,0.0,0.4346977667155731,0.44409853015540623,0.23027791659725694,0.0,0.0,0.0,0.33333333333333337,0.0,0.11624655996061585,0.0,1.0,1.0,2.0,algo_low_certainty_sampled,D:\בעלי תשובה\אילן כהן צדק\אילן שלום 2,D:\בעלי תשובה\ישראל גריזולט
128.0,128.0,0.0,1.0,0.0,0.0,1.0,0.39919417184261435,0.6008058281573856,1.0,0.25183269050770285,0.7481673094922972,0.0,0.0,0.0,0.0,0.0,0.7329017338902841,0.18565756664311878,0.03631211157781206,0.0,0.0,0.0,0.11764705882352944,0.0,0.6077359007716399,0.0,1.0,1.0,2.0,algo_low_certainty_sampled,D:\בעלי תשובה\ברק כהן\כי לא ינום,D:\בעלי תשובה\מיקי רוזנבאום\פסיפס-2
128.0,96.0,32.0,0.75,0.0,0.0,0.4395813988062998,0.22190442340597138,0.21767697540032843,0.4395813988062998,0.22190442340597138,0.21767697540032843,0.0,0.0,0.0,0.0,0.0,0.44820392069584686,0.40883506639405,0.22483850391291837,0.0,0.0,0.0,0.25,0.0,0.42272779172379915,0.0,1.0,1.0,2.0,algo_low_certainty_sampled,D:\בעלי תשובה\ישראל דגן\ראש השנה שלי,D:\בעלי תשובה\קול אחי\הללו
32.0,128.0,96.0,0.25,1.0,1.0,0.0,0.30459474003409925,0.30459474003409925,0.0,0.30459474003409925,0.30459474003409925,0.0,0.0,0.0,0.0,0.0,0.5628415544236075,0.36379494190020506,0.0,0.0,0.0,0.0,0.23076923076923073,0.0,0.0,0.0,0.0,0.0,2.0,algo_low_certainty_sampled,D:\בעלי תשובה\ארז משה דורון\000[023] מעלת השמחה,D:\בעלי תשובה\אשר אלפסי\אתה הכל
160.0,160.0,0.0,1.0,0.0,1.0,0.2726881529823451,0.21497468337814524,0.057713469604199874,0.27311707713779837,0.21497468337814524,0.05814239375965313,0.0,0.0,0.0,0.0,0.0,0.6040133165762154,0.5452663284615473,0.3776500528975279,0.0,0.0,0.0,0.18181818181818177,0.0,0.42736065998939,0.0,1.0,2.0,2.0,algo_low_certainty_sampled,D:\בעלי תשובה\שמעונה,D:\בעלי תשובה\מים 2
96.0,128.0,32.0,0.75,0.0,0.0,0.24974139732911663,0.6387530961627489,0.3890116988336323,0.24974139732911663,0.2787580723284634,0.029016674999346764,0.0,0.0,0.0,0.0,0.0,0.0,0.0,0.0,0.0,0.0,0.0,0.0,0.0,0.0,0.0,0.0,0.0,2.0,algo_no_comparison_result_sampled,D:\בעלי תשובה\קול אחי\השקיפה,D:\בעלי תשובה\ישראל דגן\עדיין יש תקווה
320.0,128.0,192.0,0.4,0.0,1.0,0.21379310344827585,0.6596002478820621,0.4458071444337862,0.21379310344827585,0.8333333333333334,0.6195402298850575,0.0,0.0,0.0,0.0,0.0,0.31606418593252544,0.4310227272727273,0.15546757164404224,0.0,0.0,0.0,0.4444444444444444,0.0,0.0,0.0,1.0,1.0,2.0,algo_low_certainty_sampled,D:\בעלי תשובה\בנגי רפאל\משיח,D:\בעלי תשובה\המושב
32.0,32.0,0.0,1.0,1.0,1.0,0.0,0.0,0.0,0.0,0.0,0.0,0.0,0.0,0.0,0.0,0.0,0.5639811425698992,0.8,0.5714285714285714,0.0,0.0,0.0,0.4444444444444444,0.0,0.1608308486314003,0.0,1.0,1.0,2.0,algo_low_certainty_sampled,D:\בעלי תשובה\ארז משה דורון\060 לבטל את היסורים,D:\בעלי תשובה\ארז משה דורון\011 אחד היה אברהם
128.0,128.0,0.0,1.0,0.0,0.0,0.36207277452891484,0.40582510542562483,0.04375233089670999,1.0,0.2226164249693661,0.7773835750306339,0.0,0.0,0.0,0.0,0.0,0.5055775500667494,0.3975875487810353,0.029067997556354003,0.0,0.0,0.0,0.16666666666666663,0.0,0.08801191385134945,0.0,0.0,0.0,2.0,algo_low_certainty_sampled,D:\בעלי תשובה\ברק כהן\יש תקווה,D:\בעלי תשובה\יוסף (גלעד) קרדונר\סימנים בדרך - 01
128.0,128.0,0.0,1.0,1.0,0.0,0.2889764430020933,1.0,0.7110235569979066,0.2889764430020933,0.27844605035436915,0.010530392647724152,0.0,0.0,0.0,0.0,0.0,0.6575298629202061,0.2003941323544022,0.287639687453929,0.0,0.0,0.0,0.0,0.0,0.4109178141637953,0.0,1.0,1.0,2.0,algo_low_certainty_sampled,D:\בעלי תשובה\דני גולן\דני גולן והחברים\לב טהור,D:\בעלי תשובה\סנדי שמואלי\מחכים
128.0,128.0,0.0,1.0,0.0,0.0,0.7874080873534178,0.27700884219937516,0.5103992451540427,0.7874080873534178,0.27700884219937516,0.5103992451540427,0.0,0.0,0.0,0.0,0.0,0.5616408678282041,0.24314741762407774,0.16425061046182424,0.0,0.30769230769230765,0.0,0.24,0.0,0.19742494044580033,0.0,0.0,0.0,2.0,algo_low_certainty_sampled,D:\בעלי תשובה\המדרגות,D:\בעלי תשובה\עדי רן\עדי רן והגיטרה - 1
128.0,32.0,96.0,0.25,0.0,1.0,1.0,0.0,1.0,1.0,0.0,1.0,0.0,0.0,0.0,0.0,0.0,0.3664142164525804,0.12121212121212122,0.0,0.0,0.0,0.0,0.2666666666666667,0.0,0.0,0.0,0.0,0.0,2.0,algo_low_certainty_sampled,D:\בעלי תשובה\יחיא אזולאי,D:\בעלי תשובה\ארז משה דורון\060 לבטל את היסורים
32.0,128.0,96.0,0.25,0.0,0.0,0.0,0.2981899040147123,0.2981899040147123,0.0,0.28165144247625074,0.28165144247625074,0.0,0.0,0.0,0.0,0.0,0.3246676954995615,0.3786792727969199,0.0,0.0,0.0,0.0,0.09523809523809523,0.0,0.2324307933909817,0.0,0.0,0.0,2.0,algo_low_certainty_sampled,D:\בעלי תשובה\ארז משה דורון\021 טוב להודות לה,D:\בעלי תשובה\הזמיר\נ נח
128.0,320.0,192.0,0.4,0.0,0.0,0.25729658680382567,0.2184054305612374,0.038891156242588265,0.25645829152593796,0.2184054305612374,0.03805286096470056,0.0,1.0,0.0,0.0,0.0,0.18726779568766191,0.4255764609634238,0.23556612651248565,0.0,0.03305785123966942,0.0,0.34782608695652173,0.0,0.427209413948923,0.0,0.0,0.0,2.0,algo_low_certainty_sampled,D:\בעלי תשובה\צבי זלבסקי\פה ושם אני רוקד,D:\בעלי תשובה\ישי ריבו\שטח אפור
128.0,128.0,0.0,1.0,0.0,0.0,0.2139713364504999,0.7874080873534178,0.5734367509029179,0.21586764519215973,0.7874080873534178,0.5715404421612581,0.0,0.0,0.0,0.0,0.0,0.5119742298188562,0.22072010753048782,0.1274678597410417,0.0,0.1666666666666666,0.0,0.25,0.0,0.16670004904346555,0.0,0.0,0.0,2.0,algo_low_certainty_sampled,D:\בעלי תשובה\אנסמבל שם-טוב לוי\תחנות רוח,D:\בעלי תשובה\המדרגות
320.0,128.0,192.0,0.4,0.0,0.0,0.2643842694212485,0.2918023180740775,0.02741804865282904,0.2643842694212485,0.28317402612751363,0.01878975670626515,0.0,0.0,0.0,0.0,0.0,0.0,0.0,0.0,0.0,0.0,0.0,0.0,0.0,0.0,0.0,0.0,0.0,2.0,algo_no_comparison_result_sampled,D:\בעלי תשובה\אהרון רזאל\להיות מחובר,D:\בעלי תשובה\ק'ן ברג'ס\לא לבד במדבר
126.54545454545455,128.0,1.4545454545454533,0.9886363636363636,0.0,0.0,0.30835235107667835,0.3262137946659981,0.017861443589319737,0.3036951978849802,0.3193192458712951,0.015624047986314948,0.0,0.0,0.0,0.0,0.0,0.5029466476738015,0.414582962233129,0.24442812092478003,0.0,0.03039684773430903,0.0,0.2222222222222222,0.0,0.23435520876362304,0.0,0.5,0.0,2.0,algo_low_certainty_sampled,D:\בעלי תשובה\יוסף קרדונר\מקור החכמה,D:\בעלי תשובה\אהרון רזאל\מים רבים
128.0,128.0,0.0,1.0,0.0,0.0,0.6202184291388099,0.4028413437474495,0.21737708539136036,0.27770914861101964,0.2725157489002033,0.005193399710816338,0.0,0.0,0.0,0.0,0.0,0.0,0.0,0.0,0.0,0.0,0.0,0.0,0.0,0.0,0.0,0.0,0.0,2.0,algo_no_comparison_result_sampled,D:\בעלי תשובה\אחיה רובין\ונזכה,D:\בעלי תשובה\מאיר בנאי\שמע קולי
192.0,128.0,64.0,0.6666666666666666,0.0,0.0,0.3602569865901291,0.6974116257476615,0.33715463915753235,0.20396713382961987,0.6974116257476615,0.49344449191804163,1.0,0.0,0.0,0.0,0.0,0.3214197405341197,0.4206368222143203,0.23833912935342838,0.0,0.0,0.0,0.23529411764705888,0.0,0.2192377771102903,0.0,0.0,0.0,2.0,algo_low_certainty_sampled,D:\בעלי תשובה\שולי רנד\הופעה בקיסריה\שולי רנד - בקיסריה\דיסק 2,D:\בעלי תשובה\חיות  הקודש
128.0,128.0,0.0,1.0,0.0,0.0,0.2941560623287137,0.29698772961930864,0.002831667290594919,0.0,1.0,1.0,0.0,0.0,0.0,0.0,0.0,0.720768396553986,0.482826614167892,0.0,0.0,0.0,0.0,0.4545454545454546,0.0,0.5588467884913481,0.0,0.0,0.0,2.0,algo_low_certainty_sampled,D:\בעלי תשובה\עדי רן\אל תכה בסלע,D:\בעלי תשובה\אחישנה\לך ה' אלוקי
128.0,128.0,0.0,1.0,0.0,1.0,0.2809753868055855,0.27114163132912755,0.009833755476457928,0.2555969699945765,0.27114163132912755,0.015544661334551069,0.0,0.0,0.0,0.0,0.0,0.6558611115940063,0.4953950049903868,0.2786823277732368,0.0,0.0,0.0,0.18181818181818177,0.0,0.5019922164887206,0.0,1.0,1.0,2.0,algo_low_certainty_sampled,D:\בעלי תשובה\יוסף קרדונר\בחירה,D:\בעלי תשובה\דב אינדיג\בת קול
128.0,128.0,0.0,1.0,0.0,0.0,0.2139713364504999,0.27700884219937516,0.06303750574887526,0.21586764519215973,0.27700884219937516,0.06114119700721543,0.0,0.0,0.0,0.0,0.0,0.0,0.0,0.0,0.0,0.0,0.0,0.0,0.0,0.0,0.0,0.0,0.0,2.0,algo_no_comparison_result_sampled,D:\בעלי תשובה\אנסמבל שם-טוב לוי\תחנות רוח,D:\בעלי תשובה\עדי רן\עדי רן והגיטרה - 1
128.0,128.0,0.0,1.0,0.0,0.0,0.6981405755041324,0.41342995655720544,0.284710618946927,0.28284348986098745,0.351482127623708,0.06863863776272056,0.0,0.0,0.0,0.0,0.0,0.3663947464539571,0.3686008873459964,0.17935831225304907,0.0,0.0,0.0,0.29166666666666663,0.0,0.10530683408622428,0.0,1.0,1.0,2.0,algo_low_certainty_sampled,D:\בעלי תשובה\עמיר בניון\עמיר בניון - עץ על מים האלבום,D:\בעלי תשובה\ישראל דגן\גדולתינו ותיפארתינו
160.0,128.0,32.0,0.8,0.0,1.0,0.22423017210857654,0.2727991566036579,0.048568984495081347,0.22423017210857654,0.27455635043139537,0.050326178322818826,0.0,0.0,0.0,0.0,0.0,0.3869119204232922,0.42669347515763123,0.22196576408341112,0.0,0.0,0.0,0.0,0.0,0.3182059335869819,0.0,1.0,1.0,2.0,algo_low_certainty_sampled,D:\בעלי תשובה\מים 1,D:\בעלי תשובה\ישעיה חסיד\אחד
128.0,320.0,192.0,0.4,0.0,0.0,0.2330104184381377,0.2328732027030505,0.00013721573508718166,0.18359844124657437,0.23477009369085064,0.05117165244427627,0.0,0.0,0.0,0.0,0.0,0.11027217148090473,0.47378466239641964,0.26880727257965104,0.0,0.0320855614973262,0.0,0.2264150943396226,0.0,0.22091493746480817,0.0,0.0,0.0,2.0,algo_low_certainty_sampled,D:\בעלי תשובה\יוסף קרדונר\סימנים בדרך,D:\בעלי תשובה\צמאה - אומנים שרים את ניגוני הרבי מילובביץ
320.0,128.0,192.0,0.4,0.0,0.0,0.21162859691843153,0.27114163132912755,0.059513034410696025,1.0,0.27114163132912755,0.7288583686708725,0.0,0.0,0.0,0.0,0.0,0.1416057548779876,0.4735059182784483,0.1305507623689442,0.0,0.0,0.0,0.16666666666666663,0.0,0.08128506368613966,0.0,1.0,1.0,2.0,algo_low_certainty_sampled,D:\בעלי תשובה\שולי רנד\שולי רנד בקיסריה 2,D:\בעלי תשובה\דב אינדיג\בת קול
160.0,128.0,32.0,0.8,0.0,0.0,0.2150137524440931,0.36207277452891484,0.14705902208482174,0.18847562874257065,1.0,0.8115243712574294,0.0,0.0,0.0,0.0,0.0,0.26943877899862334,0.47188564219914336,0.0648704481792717,0.0,0.0,0.0,0.16666666666666663,0.0,0.08307398627338687,0.0,0.55,1.0,2.0,algo_low_certainty_sampled,D:\בעלי תשובה\ברק כהן\ברק כהן עם דובי גינז\עונג,D:\בעלי תשובה\ברק כהן\יש תקווה
128.0,128.0,0.0,1.0,0.0,0.0,0.2139713364504999,0.2280134555390086,0.014042119088508692,0.21586764519215973,0.25332720690615423,0.037459561713994505,0.0,0.0,0.0,0.0,0.0,0.5458807091773406,0.4518270336323465,0.13030672679629038,0.0323392022996766,0.04195804195804195,0.0,0.17391304347826086,0.0,0.30192511326404187,0.0,0.0,0.0,2.0,algo_low_certainty_sampled,D:\בעלי תשובה\אנסמבל שם-טוב לוי\תחנות רוח,D:\בעלי תשובה\למען שמו באהבה
128.0,128.0,0.0,1.0,1.0,1.0,1.0,0.25256305214732394,0.7474369478526761,0.0,0.25256305214732394,0.25256305214732394,0.0,0.0,0.0,0.0,0.0,0.6076096469711336,0.1951612671268633,0.0,0.0,0.0,0.0,0.29268292682926833,0.0,0.2874776340363948,0.0,1.0,1.0,2.0,algo_low_certainty_sampled,D:\בעלי תשובה\גיל עקביוב,D:\בעלי תשובה\יערות דבש-יצחק אזולאי\יערות דבש השיר והשבחלחי העולמים
128.0,128.0,0.0,1.0,0.0,0.0,0.2409177614286613,0.6974116257476615,0.4564938643190002,0.2393952727002871,0.6974116257476615,0.45801635304737437,0.0,0.0,0.0,0.0,0.0,0.3957055721811243,0.43693017369611215,0.282870448934155,0.0,0.0,0.0,0.3076923076923077,0.0,0.22647624462611612,0.0,1.0,1.0,2.0,algo_low_certainty_sampled,D:\בעלי תשובה\שולי רנד\שולי רנד קיסריה,D:\בעלי תשובה\חיות  הקודש
32.0,32.0,0.0,1.0,1.0,1.0,0.0,0.0,0.0,0.0,0.0,0.0,0.0,0.0,0.0,0.0,0.0,0.42365358652475643,0.7142857142857143,0.33333333333333337,0.0,0.0,0.0,0.3529411764705882,0.0,0.13751459288205986,0.0,1.0,1.0,2.0,algo_low_certainty_sampled,D:\בעלי תשובה\ארז משה דורון\005 ניקוי הראש,D:\בעלי תשובה\ארז משה דורון\038 לשלוט על המלאכים
160.0,128.0,32.0,0.8,0.0,1.0,0.2360348106993184,0.27179654705633965,0.03576173635702126,0.2360348106993184,0.27179654705633965,0.03576173635702126,0.0,0.0,0.0,0.0,0.0,0.3673072222480323,0.4328547651385402,0.23627030067665516,0.0,0.0,0.0,0.19999999999999996,0.0,0.2603634200612567,0.0,1.0,1.0,2.0,algo_low_certainty_sampled,D:\בעלי תשובה\שירים שאלעזר אהב,D:\בעלי תשובה\יהודה גלאנץ\נעלה
128.0,128.0,0.0,1.0,0.0,0.0,0.4063265208397102,0.21966512044689707,0.18666140039281315,0.25247161105728266,0.29173991200759963,0.03926830095031697,0.0,0.0,0.0,0.0,0.0,0.5800479165208751,0.4433938487053058,0.2653258434293903,0.0,0.0,0.0,0.2222222222222222,0.0,0.4621432939911796,0.0,1.0,1.0,2.0,algo_low_certainty_sampled,D:\בעלי תשובה\ישראל זינגר\ריקוד המלאכים,D:\בעלי תשובה\ישראל דגן\למען שמו באהבה
128.0,128.0,0.0,1.0,0.0,1.0,0.3409729108296054,1.0,0.6590270891703947,0.3409729108296054,0.0,0.3409729108296054,0.0,0.0,0.0,0.0,0.0,0.33025478502578626,0.24485025904904203,0.0,0.0,0.0729219384091948,0.0,0.16666666666666663,0.0,0.11911919312919395,0.0,0.0,0.0,2.0,algo_low_certainty_sampled,D:\בעלי תשובה\ישראל דגן\דגן חתונות\משה אונו,D:\בעלי תשובה\אליך-יריב גולדמן
128.0,128.0,0.0,1.0,0.0,0.0,0.29698772961930864,0.40582510542562483,0.1088373758063162,1.0,0.2226164249693661,0.7773835750306339,0.0,0.0,0.0,0.0,0.0,0.0,0.0,0.0,0.0,0.0,0.0,0.0,0.0,0.0,0.0,0.0,0.0,2.0,algo_no_comparison_result_sampled,D:\בעלי תשובה\אחישנה\לך ה' אלוקי,D:\בעלי תשובה\יוסף (גלעד) קרדונר\סימנים בדרך - 01
128.0,128.0,0.0,1.0,0.0,0.0,0.2963361711896721,0.21966512044689707,0.07667105074277503,0.2792337495532713,0.29173991200759963,0.01250616245432834,0.0,0.0,0.0,0.0,0.0,0.44777083160693015,0.46507803541997533,0.2753900776153098,0.0,0.03571428571428572,0.0,0.2068965517241379,0.0,0.3288040785148778,0.0,0.5416666666666666,1.0,2.0,algo_low_certainty_sampled,D:\בעלי תשובה\נסתרות דרכי האל,D:\בעלי תשובה\ישראל דגן\למען שמו באהבה
128.0,128.0,0.0,1.0,0.0,0.0,0.24951725891354376,0.264503876615915,0.014986617702371252,0.24951725891354376,1.0,0.7504827410864563,0.0,0.0,0.0,0.0,0.0,0.4488914674154902,0.41974773957559036,0.03550008599931201,0.0,0.0,0.0,0.4,0.0,0.0803166583129593,0.0,1.0,1.0,2.0,algo_low_certainty_sampled,D:\בעלי תשובה\דני ממן\זה שיר שבח,D:\בעלי תשובה\אסף נגל\אדיר במרום
32.0,32.0,0.0,1.0,1.0,1.0,0.0,0.0,0.0,0.0,0.0,0.0,0.0,0.0,0.0,0.0,0.0,0.7053180930388943,0.8,0.5714285714285714,0.0,0.0,0.0,0.3125,0.0,0.4638728084708831,0.0,1.0,1.0,2.0,algo_low_certainty_sampled,D:\בעלי תשובה\ארז משה דורון\079 הגיע זמן הגאולה,D:\בעלי תשובה\ארז משה דורון\029 לראות טוב
160.0,128.0,32.0,0.8,0.0,0.0,0.25237744776806564,0.8534650546662002,0.6010876068981346,0.25237744776806564,0.8788867414094268,0.6265092936413612,0.0,0.0,0.0,0.0,0.0,0.0,0.0,0.0,0.0,0.0,0.0,0.0,0.0,0.0,0.0,0.0,0.0,2.0,algo_no_comparison_result_sampled,D:\בעלי תשובה\עדי רן\עדי רן מה יש לכם לדאוג,D:\בעלי תשובה\סיני תור
32.0,32.0,0.0,1.0,1.0,1.0,0.0,0.0,0.0,0.0,0.0,0.0,0.0,0.0,0.0,0.0,0.0,0.8263076321000578,0.6666666666666667,0.2857142857142857,0.0,0.0,0.0,0.3783783783783784,0.0,0.7096008044296415,0.0,1.0,1.0,2.0,algo_low_certainty_sampled,D:\בעלי תשובה\ארז משה דורון\012 אסור להיות זקן,D:\בעלי תשובה\ארז משה דורון\079 הגיע זמן הגאולה
192.0,128.0,64.0,0.6666666666666666,0.0,0.0,0.3693793107610762,0.4249225978542701,0.055543287093193894,0.22502142268352276,0.4249225978542701,0.19990117517074735,1.0,1.0,1.0,0.0,0.0,0.0,0.0,0.0,0.0,0.0,0.0,0.0,0.0,0.0,0.0,0.0,0.0,2.0,algo_no_comparison_result_sampled,D:\בעלי תשובה\שולי רנד\הופעה בקיסריה\שולי רנד - בקיסריה\דיסק 1,D:\בעלי תשובה\ניצן חן רזאל מוצא מקום
32.0,32.0,0.0,1.0,1.0,1.0,0.0,0.0,0.0,0.0,0.0,0.0,0.0,0.0,0.0,0.0,0.0,0.7011836815375477,0.6666666666666667,0.2857142857142857,0.0,0.0,0.0,0.32432432432432434,0.0,0.561747639823481,0.0,1.0,1.0,2.0,algo_low_certainty_sampled,D:\בעלי תשובה\ארז משה דורון\061 אמת לרחק ואמת לקרב,D:\בעלי תשובה\ארז משה דורון\028 חינוך ילדים
128.0,320.0,192.0,0.4,0.0,0.0,0.2000802777784875,0.2184054305612374,0.018325152782749904,0.0,0.2184054305612374,0.2184054305612374,0.0,1.0,0.0,0.0,0.0,0.0,0.0,0.0,0.0,0.0,0.0,0.0,0.0,0.0,0.0,0.0,0.0,2.0,algo_no_comparison_result_sampled,D:\בעלי תשובה\אודי אולמן\דברי שיר,D:\בעלי תשובה\ישי ריבו\שטח אפור
128.0,32.0,96.0,0.25,0.0,0.0,0.6499881692003374,0.0,0.6499881692003374,0.6499881692003374,0.0,0.6499881692003374,0.0,0.0,0.0,0.0,0.0,0.28753986825285954,0.29727575292091424,0.07811479181044398,0.0,0.0,0.0,0.33333333333333337,0.0,0.0,0.0,0.0,0.0,2.0,algo_low_certainty_sampled,D:\בעלי תשובה\ישראל דגן\לכבוד רשב'י,D:\בעלי תשובה\ארז משה דורון\060 לבטל את היסורים
128.0,128.0,0.0,1.0,0.0,0.0,0.37977690175096385,0.6974116257476615,0.3176347239966976,0.23290542901652928,0.6974116257476615,0.4645061967311322,0.0,0.0,0.0,0.0,0.0,0.5048434943271182,0.42952220610223346,0.23679624759085025,0.0,0.0,0.0,0.25,0.0,0.25923297031999804,0.0,0.0,0.0,2.0,algo_low_certainty_sampled,D:\בעלי תשובה\יוסף (גלעד) קרדונר\כל העולם - 02,D:\בעלי תשובה\חיות  הקודש
32.0,32.0,0.0,1.0,1.0,1.0,0.0,0.0,0.0,0.0,0.0,0.0,0.0,0.0,0.0,0.0,0.0,0.5261521993883262,0.8333333333333336,0.5,0.0,0.0,0.0,0.4516129032258065,0.0,0.33384977299066215,0.0,1.0,1.0,2.0,algo_low_certainty_sampled,D:\בעלי תשובה\ארז משה דורון\004 זוגיות רוחנית,D:\בעלי תשובה\ארז משה דורון\005 ניקוי הראש
320.0,128.0,192.0,0.4,0.0,0.0,0.2184054305612374,0.2409177614286613,0.022512330867423908,0.2184054305612374,0.2393952727002871,0.020989842139049697,1.0,0.0,0.0,0.0,0.0,0.0,0.0,0.0,0.0,0.0,0.0,0.0,0.0,0.0,0.0,0.0,0.0,2.0,algo_no_comparison_result_sampled,D:\בעלי תשובה\ישי ריבו\שטח אפור,D:\בעלי תשובה\שולי רנד\שולי רנד קיסריה
128.0,320.0,192.0,0.4,0.0,0.0,0.27114163132912755,0.2184054305612374,0.05273620076789015,0.27114163132912755,0.2184054305612374,0.05273620076789015,0.0,1.0,0.0,0.0,0.0,0.2148813134350326,0.41738905867068593,0.20031858328368318,0.0,0.0,0.0,0.2857142857142857,0.0,0.5221142326475563,0.0,0.0,0.0,2.0,algo_low_certainty_sampled,D:\בעלי תשובה\דב אינדיג\בת קול,D:\בעלי תשובה\ישי ריבו\שטח אפור
32.0,32.0,0.0,1.0,1.0,1.0,0.0,0.0,0.0,0.0,0.0,0.0,0.0,0.0,0.0,0.0,0.0,0.5951289712249612,0.8,0.5714285714285714,0.0,0.0,0.0,0.4,0.0,0.27287704337981417,0.0,1.0,1.0,2.0,algo_low_certainty_sampled,D:\בעלי תשובה\ארז משה דורון\038 לשלוט על המלאכים,D:\בעלי תשובה\ארז משה דורון\013 צא אל השדות
96.0,128.0,32.0,0.75,1.0,1.0,0.29735679447955665,0.30704742811940955,0.009690633639852897,0.29735679447955665,0.30704742811940955,0.009690633639852897,0.0,0.0,0.0,0.0,0.0,0.6693063483829703,0.5171433971433972,0.32252117534966307,0.0,0.0,0.0,0.23529411764705888,0.0,0.549011043764258,0.0,1.0,1.0,2.0,algo_low_certainty_sampled,D:\בעלי תשובה\גד ליאור,D:\בעלי תשובה\דני ממן\נהר המטהר
128.0,32.0,96.0,0.25,0.0,1.0,1.0,0.0,1.0,1.0,0.0,1.0,0.0,0.0,0.0,0.0,0.0,0.21341722207212052,0.24444444444444446,0.039999999999999994,0.0,0.0,0.0,0.14814814814814814,0.0,0.34789599954098527,0.0,0.0,0.0,2.0,algo_low_certainty_sampled,D:\בעלי תשובה\רונן  חזיזה\שמחה של מצווה,D:\בעלי תשובה\ארז משה דורון\009 סיפור אישי
160.0,128.0,32.0,0.8,0.0,0.0,0.2150137524440931,0.40024241465807686,0.18522866221398376,0.18847562874257065,0.29184619831127967,0.10337056956870902,0.0,0.0,0.0,0.0,0.0,0.0,0.0,0.0,0.0,0.0,0.0,0.0,0.0,0.0,0.0,0.0,0.0,2.0,algo_no_comparison_result_sampled,D:\בעלי תשובה\ברק כהן\ברק כהן עם דובי גינז\עונג,D:\בעלי תשובה\אלטרנטיבי\להקת המדרגות-בפתח הדלת
48.0,128.0,80.0,0.375,0.0,0.0,0.3657312505730815,0.21116393582337853,0.15456731474970295,0.1783519691265463,0.21116393582337853,0.03281196669683223,0.0,0.0,0.0,0.0,0.0,0.11205876049332197,0.5721410879992116,0.16252291825821236,0.0,0.0,0.0,0.25806451612903225,0.0,0.5711877505303444,0.0,1.0,1.0,2.0,algo_low_certainty_sampled,D:\בעלי תשובה\עמיר בניון\עמיר בניון - עומד בשער,D:\בעלי תשובה\סנדי שמואלי\בעזרת השם
128.0,160.0,32.0,0.8,1.0,1.0,0.2889764430020933,0.22423017210857654,0.06474627089351676,0.2889764430020933,0.22423017210857654,0.06474627089351676,0.0,0.0,0.0,0.0,0.0,0.31063292459272807,0.45599362369801744,0.2547266112140254,0.0,0.0,0.0,0.16666666666666663,0.0,0.17137525746699916,0.0,1.0,1.0,2.0,algo_low_certainty_sampled,D:\בעלי תשובה\דני גולן\דני גולן והחברים\לב טהור,D:\בעלי תשובה\מים 1
32.0,32.0,0.0,1.0,1.0,1.0,0.0,0.0,0.0,0.0,0.0,0.0,0.0,0.0,0.0,0.0,0.0,0.8504184584020267,0.7142857142857143,0.33333333333333337,0.0,0.0,0.0,0.2962962962962963,0.0,0.8,0.0,1.0,1.0,2.0,algo_low_certainty_sampled,D:\בעלי תשובה\ארז משה דורון\001 תיקון הכללי,D:\בעלי תשובה\ארז משה דורון\000[066] כסף
128.0,160.0,32.0,0.8,0.0,0.0,0.7874080873534178,0.3707724849592341,0.41663560239418373,0.7874080873534178,0.3707724849592341,0.41663560239418373,0.0,0.0,0.0,0.0,0.0,0.5977482895828551,0.25099704514754967,0.19680438461932662,0.0,0.3333333333333334,0.0,0.11111111111111116,0.0,0.21665133008525758,0.0,1.0,1.0,2.0,algo_low_certainty_sampled,D:\בעלי תשובה\המדרגות,D:\בעלי תשובה\תיקון הכללי
32.0,32.0,0.0,1.0,1.0,1.0,0.0,0.0,0.0,0.0,0.0,0.0,0.0,0.0,0.0,0.0,0.0,0.5868353910633906,0.75,0.5,0.0,0.0,0.0,0.33333333333333337,0.0,0.3507951224839988,0.0,1.0,1.0,2.0,algo_low_certainty_sampled,D:\בעלי תשובה\ארז משה דורון\052 אין כל חדש תחת השמש,D:\בעלי תשובה\ארז משה דורון\093 ישוב הדעת
128.0,320.0,192.0,0.4,0.0,0.0,0.4063265208397102,0.20824731826827425,0.19807920257143596,0.25247161105728266,1.0,0.7475283889427173,0.0,0.0,0.0,0.0,0.0,0.15107972300775271,0.575860465546589,0.10407446548119924,0.0,0.0,0.0,0.25806451612903225,0.0,0.5654498337826623,0.0,1.0,2.0,2.0,algo_low_certainty_sampled,D:\בעלי תשובה\ישראל זינגר\ריקוד המלאכים,D:\בעלי תשובה\שולי רנד\שולי רנד בקיסריה 1
32.0,32.0,0.0,1.0,1.0,1.0,0.0,0.0,0.0,1.0,0.0,1.0,0.0,0.0,0.0,0.0,0.0,0.5590740136120758,0.8,0.11363636363636362,0.0,0.0,0.0,0.36363636363636365,0.0,0.2337472948857636,0.0,1.0,1.0,2.0,algo_low_certainty_sampled,D:\בעלי תשובה\ארז משה דורון\000[096] סוד הויתור,D:\בעלי תשובה\ארז משה דורון\064 תמיד תלמיד
128.0,128.0,0.0,1.0,0.0,1.0,0.24951725891354376,0.2727991566036579,0.02328189769011413,0.24951725891354376,0.27455635043139537,0.025039091517851608,0.0,0.0,0.0,0.0,0.0,0.5714607964720428,0.4652117302693191,0.1990142777758877,0.0,0.0,0.0,0.15384615384615385,0.0,0.4021511266115165,0.0,1.0,1.0,2.0,algo_low_certainty_sampled,D:\בעלי תשובה\דני ממן\זה שיר שבח,D:\בעלי תשובה\ישעיה חסיד\אחד
128.0,128.0,0.0,1.0,1.0,1.0,0.25256305214732394,0.4395813988062998,0.18701834665897588,0.25256305214732394,0.4395813988062998,0.18701834665897588,0.0,0.0,0.0,0.0,0.0,0.5255812163181675,0.44503869532002527,0.25468040891570304,0.0,0.0,0.0,0.41860465116279066,0.0,0.17863847930929677,0.0,1.0,1.0,2.0,algo_low_certainty_sampled,D:\בעלי תשובה\יערות דבש-יצחק אזולאי\יערות דבש השיר והשבחלחי העולמים,D:\בעלי תשובה\ישראל דגן\ראש השנה שלי
128.0,128.0,0.0,1.0,0.0,0.0,0.314852760634035,0.27179654705633965,0.043056213577695346,0.19920827968857835,0.27179654705633965,0.0725882673677613,0.0,0.0,0.0,0.0,0.0,0.630218442414574,0.4438690114339115,0.21316077125255964,0.0,0.008547008547008551,0.0,0.17391304347826086,0.0,0.46216103630931743,0.0,0.0,0.0,2.0,algo_low_certainty_sampled,D:\בעלי תשובה\קן ברג'ס\קן ברג'ס-בנה מלכותו,D:\בעלי תשובה\יהודה גלאנץ\נעלה
320.0,320.0,0.0,1.0,0.0,0.0,0.4255032201276181,0.2643842694212485,0.1611189507063696,0.4242520955212302,0.2643842694212485,0.15986782609998174,0.0,0.0,0.0,0.0,0.0,0.0,0.0,0.0,0.0,0.0,0.0,0.0,0.0,0.0,0.0,0.0,0.0,2.0,algo_no_comparison_result_sampled,D:\בעלי תשובה\יאיר כלב\עצם הנשמה 2,D:\בעלי תשובה\אהרון רזאל\להיות מחובר
32.0,32.0,0.0,1.0,1.0,1.0,0.0,0.0,0.0,0.0,0.0,0.0,0.0,0.0,0.0,0.0,0.0,0.8876003192460389,0.75,0.5,0.0,0.0,0.0,0.303030303030303,0.0,0.75,0.0,1.0,1.0,2.0,algo_low_certainty_sampled,D:\בעלי תשובה\ארז משה דורון\061 אמת לרחק ואמת לקרב,D:\בעלי תשובה\ארז משה דורון\053 להשתנות
128.0,128.0,0.0,1.0,0.0,0.0,1.0,0.6847330038265858,0.31526699617341425,1.0,0.22257521613042763,0.7774247838695724,0.0,0.0,0.0,0.0,0.0,0.6306103743906009,0.16455609277203706,0.04717086834733893,0.0,0.0,0.0,0.25,0.0,0.46033568805430336,0.0,0.55,1.0,2.0,algo_low_certainty_sampled,D:\בעלי תשובה\יצחק שדהו,D:\בעלי תשובה\אורן ארנון\עלי באר
320.0,192.0,128.0,0.6,0.0,0.0,0.22554713804713802,0.7029066585588325,0.4773595205116945,0.22554713804713802,0.28324915824915825,0.05770202020202023,1.0,0.0,0.0,0.0,0.0,0.0,0.0,0.0,0.0,0.0,0.0,0.0,0.0,0.0,0.0,0.0,0.0,2.0,algo_no_comparison_result_sampled,D:\בעלי תשובה\יצחק מאיר\סיום השס מפעלות הציונות הדתית עם יצחק מאיר UP FOR DOSSINET.ME\סיום השס מפעלות הציונות הדתית עם יצחק מאיר UP FOR DOSSINET.ME,D:\בעלי תשובה\אהוד בנאי\טיפ טיפה
128.0,192.0,64.0,0.6666666666666666,0.0,0.0,0.4601311768377076,0.3693793107610762,0.09075186607663138,0.4601311768377076,0.22502142268352276,0.23510975415418484,0.0,1.0,0.0,0.0,0.0,0.2631184172265824,0.3876435191090532,0.21974433320889297,0.0,0.0,0.0,0.18181818181818177,0.0,0.24292734448091471,0.0,0.0,0.0,2.0,algo_low_certainty_sampled,D:\בעלי תשובה\יונתן,D:\בעלי תשובה\שולי רנד\הופעה בקיסריה\שולי רנד - בקיסריה\דיסק 1
192.0,160.0,32.0,0.8333333333333334,0.0,0.0,0.260760428742324,0.21497468337814524,0.04578574536417879,0.260760428742324,0.21497468337814524,0.04578574536417879,1.0,0.0,0.0,0.0,0.0,0.5304777037158467,0.5469358188545678,0.28942570693142783,0.0,0.0,0.0,0.36363636363636365,0.0,0.5297349294383996,0.0,1.0,1.0,2.0,algo_low_certainty_sampled,D:\בעלי תשובה\יצחק פוקס\ממעמקים יצחק פוקס,D:\בעלי תשובה\מים 2
128.0,153.6,25.599999999999994,0.8333333333333334,1.0,1.0,0.4407025534851622,0.7400588508887702,0.29935629740360803,0.4407025534851622,0.7400588508887702,0.29935629740360803,0.0,0.0,0.0,0.0,0.0,0.4461848750442886,0.21084829603953392,0.11723576850084028,0.0,0.0,0.0,0.23529411764705888,0.0,0.16414806895182918,0.0,1.0,1.0,2.0,algo_low_certainty_sampled,D:\בעלי תשובה\ישראל דגן\מחול צדיקים,D:\בעלי תשובה\אבולוף
128.0,128.0,0.0,1.0,0.0,0.0,0.264503876615915,1.0,0.735496123384085,1.0,0.0,1.0,0.0,0.0,0.0,0.0,0.0,0.8494863296096888,0.21005062810116168,0.0,0.0,0.0,0.0,0.4,0.0,0.7752130369849101,0.0,0.55,1.0,2.0,algo_low_certainty_sampled,D:\בעלי תשובה\אסף נגל\אדיר במרום,D:\בעלי תשובה\גיל עקביוב
128.0,128.0,0.0,1.0,1.0,1.0,0.27622047176536346,1.0,0.7237795282346365,0.27622047176536346,0.0,0.27622047176536346,0.0,0.0,0.0,0.0,0.0,0.48029099307046097,0.20118316027406935,0.0,0.0,0.0,0.0,0.3529411764705882,0.0,0.12894389825761898,0.0,1.0,1.0,2.0,algo_low_certainty_sampled,D:\בעלי תשובה\עקיבא מרגליות\לאורו נלך,D:\בעלי תשובה\חיים דוד סרצ'יק\מצור דבש
128.0,32.0,96.0,0.25,0.0,0.0,0.2981899040147123,0.0,0.2981899040147123,0.28165144247625074,0.0,0.28165144247625074,0.0,0.0,0.0,0.0,0.0,0.3066758299963702,0.3786792727969199,0.0,0.0,0.0,0.0,0.12121212121212122,0.0,0.3163786543025671,0.0,0.0,0.0,2.0,algo_low_certainty_sampled,D:\בעלי תשובה\הזמיר\נ נח,D:\בעלי תשובה\ארז משה דורון\000[022] איך זוכים לחיות באמת
128.0,160.0,32.0,0.8,0.0,0.0,0.2016140369955885,0.2360348106993184,0.034420773703729896,0.2016140369955885,0.2360348106993184,0.034420773703729896,0.0,0.0,0.0,0.0,0.0,0.5875832791254824,0.3563699737403327,0.15223381110940812,0.0,0.0,0.0,0.15384615384615385,0.0,0.49103298310628435,0.0,1.0,1.0,2.0,algo_low_certainty_sampled,D:\בעלי תשובה\ק'ן ברג'ס\בנה מלכותו,D:\בעלי תשובה\שירים שאלעזר אהב
128.0,96.0,32.0,0.75,0.0,0.0,0.39919417184261435,0.29735679447955665,0.1018373773630577,0.25183269050770285,0.29735679447955665,0.0455241039718538,0.0,0.0,0.0,0.0,0.0,0.700973664373447,0.45922740901226483,0.27674637756337106,0.0,0.0,0.0,0.1333333333333333,0.0,0.15786039492330228,0.0,1.0,1.0,2.0,algo_low_certainty_sampled,D:\בעלי תשובה\מיקי רוזנבאום\פסיפס-2,D:\בעלי תשובה\גד ליאור
128.0,128.0,0.0,1.0,0.0,0.0,0.2000802777784875,0.27622047176536346,0.07614019398687596,0.0,0.27622047176536346,0.27622047176536346,0.0,0.0,0.0,0.0,0.0,0.7299896854746166,0.53707764453186,0.0,0.0,0.0,0.0,0.23529411764705888,0.0,0.5599502020315305,0.0,0.0,0.0,2.0,algo_low_certainty_sampled,D:\בעלי תשובה\אודי אולמן\דברי שיר,D:\בעלי תשובה\עקיבא מרגליות\לאורו נלך
128.0,128.0,0.0,1.0,0.0,0.0,0.2409177614286613,1.0,0.7590822385713387,0.2393952727002871,1.0,0.760604727299713,0.0,1.0,0.0,0.0,0.0,0.0,0.0,0.0,0.0,0.0,0.0,0.0,0.0,0.0,0.0,0.0,0.0,2.0,algo_no_comparison_result_sampled,D:\בעלי תשובה\שולי רנד\שולי רנד קיסריה,D:\בעלי תשובה\יצחק מאיר\נשמות חדשות\חלק 2
192.0,128.0,64.0,0.6666666666666666,0.0,0.0,0.3693793107610762,1.0,0.6306206892389238,0.22502142268352276,1.0,0.7749785773164772,1.0,0.0,0.0,0.0,0.0,0.46721284417707154,0.27189255757026737,0.08952371612070253,0.0,0.0,0.0,0.18181818181818177,0.0,0.33031733684151315,0.0,0.0,0.0,2.0,algo_low_certainty_sampled,D:\בעלי תשובה\שולי רנד\הופעה בקיסריה\שולי רנד - בקיסריה\דיסק 1,D:\בעלי תשובה\יצחק פוקס\(באנו ביחד (כדאי לבדוק אם חסר איזה שיר
128.0,128.0,0.0,1.0,0.0,0.0,0.314852760634035,0.2918023180740775,0.023050442559957474,0.19920827968857835,0.28317402612751363,0.08396574643893528,0.0,0.0,0.0,0.0,0.0,0.0,0.0,0.0,0.0,0.0,0.0,0.0,0.0,0.0,0.0,0.0,0.0,2.0,algo_no_comparison_result_sampled,D:\בעלי תשובה\קן ברג'ס\קן ברג'ס-בנה מלכותו,D:\בעלי תשובה\ק'ן ברג'ס\לא לבד במדבר
128.0,128.0,0.0,1.0,1.0,1.0,0.24951725891354376,0.4395813988062998,0.19006413989275606,0.24951725891354376,0.4395813988062998,0.19006413989275606,0.0,0.0,0.0,0.0,0.0,0.47600185157301256,0.4565623505278677,0.26192511230530335,0.0,0.0,0.0,0.36363636363636365,0.0,0.2326259462516455,0.0,1.0,1.0,2.0,algo_low_certainty_sampled,D:\בעלי תשובה\דני ממן\זה שיר שבח,D:\בעלי תשובה\ישראל דגן\ראש השנה שלי
153.6,32.0,121.6,0.20833333333333334,1.0,1.0,0.7400588508887702,0.0,0.7400588508887702,0.7400588508887702,0.0,0.7400588508887702,0.0,0.0,0.0,0.0,0.0,0.5753672839712841,0.16257850233901275,0.01977138418605313,0.0,0.0,0.0,0.30000000000000004,0.0,0.0,0.0,0.0,0.0,2.0,algo_low_certainty_sampled,D:\בעלי תשובה\אבולוף,D:\בעלי תשובה\ארז משה דורון\025 שלוש אהבות
160.0,128.0,32.0,0.8,0.0,0.0,0.3707724849592341,0.26316833264670075,0.10760415231253334,0.3707724849592341,0.26316833264670075,0.10760415231253334,0.0,0.0,0.0,0.0,0.0,0.0,0.0,0.0,0.0,0.0,0.0,0.0,0.0,0.0,0.0,0.0,0.0,2.0,algo_no_comparison_result_sampled,D:\בעלי תשובה\תיקון הכללי,D:\בעלי תשובה\ירמיהו\כנגן המנגן
32.0,32.0,0.0,1.0,1.0,1.0,0.0,0.0,0.0,0.0,0.0,0.0,0.0,0.0,0.0,0.0,0.0,0.6895471311081325,0.8,0.5714285714285714,0.0,0.0,0.0,0.33333333333333337,0.0,0.49266381954463717,0.0,1.0,1.0,2.0,algo_low_certainty_sampled,D:\בעלי תשובה\ארז משה דורון\013 צא אל השדות,D:\בעלי תשובה\ארז משה דורון\036 חנוכה
128.0,128.0,0.0,1.0,0.0,0.0,1.0,0.2876621417797888,0.7123378582202111,1.0,0.2876621417797888,0.7123378582202111,0.0,0.0,0.0,0.0,0.0,0.30560877232138833,0.13624008192877174,0.053774509803921566,0.0,0.0,0.0,0.5263157894736843,0.0,0.2783596192063265,0.0,1.0,1.0,2.0,algo_low_certainty_sampled,D:\בעלי תשובה\ישראל דגן\שמחת פורים,D:\בעלי תשובה\שלמה זוהר
128.0,128.0,0.0,1.0,0.0,0.0,0.2499528889962427,0.6202184291388099,0.3702655401425672,0.2499528889962427,0.27770914861101964,0.02775625961477693,0.0,0.0,0.0,0.0,0.0,0.7135466474799821,0.41494279861151817,0.25190947614477033,0.0,0.0,0.0,0.25,0.0,0.6425538370668866,0.0,1.0,1.0,2.0,algo_low_certainty_sampled,D:\בעלי תשובה\דני,D:\בעלי תשובה\אחיה רובין\ונזכה
128.0,128.0,0.0,1.0,0.0,1.0,0.4395813988062998,0.2727991566036579,0.16678224220264193,0.4395813988062998,0.27455635043139537,0.16502504837490445,0.0,0.0,0.0,0.0,0.0,0.5222354391320848,0.43680231567662664,0.2565814555814556,0.0,0.0,0.0,0.1333333333333333,0.0,0.18126671556149887,0.0,1.0,1.0,2.0,algo_low_certainty_sampled,D:\בעלי תשובה\ישראל דגן\ראש השנה שלי,D:\בעלי תשובה\ישעיה חסיד\אחד
128.0,128.0,0.0,1.0,0.0,0.0,0.25729658680382567,1.0,0.7427034131961743,0.25645829152593796,1.0,0.7435417084740621,0.0,1.0,0.0,0.0,0.0,0.3962533512301405,0.21538647364526825,0.11380832606129046,0.0,0.0,0.0,0.09999999999999998,0.0,0.1459978284445925,0.0,1.0,1.0,2.0,algo_low_certainty_sampled,D:\בעלי תשובה\צבי זלבסקי\פה ושם אני רוקד,D:\בעלי תשובה\יצחק מאיר\נשמות חדשות\חלק 2
128.0,128.0,0.0,1.0,0.0,1.0,1.0,0.24716295043511743,0.7528370495648826,0.2991702741702742,0.24716295043511743,0.05200732373515676,0.0,0.0,0.0,0.0,0.0,0.6026719365270023,0.20015391037692387,0.34804610085140775,0.0,0.0,0.0,0.26086956521739135,0.0,0.44805933790386465,0.0,1.0,1.0,2.0,algo_low_certainty_sampled,D:\בעלי תשובה\ישראל אזרחי\כל הליל מאבק,D:\בעלי תשובה\ישראל אזרחי\יכירו וידעו
128.0,128.0,0.0,1.0,0.0,0.0,0.6606431894230039,0.2859762415131112,0.37466694790989274,0.8222222222222222,1.0,0.1777777777777778,0.0,1.0,0.0,0.0,0.0,0.6303705667701197,0.39398888172202373,0.1757142857142857,0.0,0.17305544129073538,0.0,0.3157894736842105,0.0,0.35390691564905047,0.0,1.0,1.0,2.0,algo_low_certainty_sampled,D:\בעלי תשובה\המדרגות\המדרגות חדש,D:\בעלי תשובה\עדי רן\התבוננות
128.0,128.0,0.0,1.0,1.0,1.0,1.0,0.30704742811940955,0.6929525718805905,1.0,0.30704742811940955,0.6929525718805905,0.0,0.0,0.0,0.0,0.0,0.5415680278622298,0.17585948031868337,0.07074518432006355,0.0,0.0,0.0,0.10526315789473684,0.0,0.1111111111111111,0.0,1.0,1.0,2.0,algo_low_certainty_sampled,D:\בעלי תשובה\ברק כהן\כי לא ינום,D:\בעלי תשובה\דני ממן\נהר המטהר
128.0,96.0,32.0,0.75,0.0,0.0,0.22718027545586006,0.7141580422083057,0.48697776675244564,0.22718027545586006,0.26794241943258684,0.04076214397672678,1.0,0.0,0.0,0.0,0.0,0.0,0.0,0.0,0.0,0.0,0.0,0.0,0.0,0.0,0.0,0.0,0.0,2.0,algo_no_comparison_result_sampled,D:\בעלי תשובה\יונתן רזאל\יונתן רזאל - בין הצלילים,D:\בעלי תשובה\אודי אולמן\אגודה אחת
128.0,56.0,72.0,0.4375,0.0,1.0,0.4395813988062998,0.7537098401213115,0.31412844131501166,0.4395813988062998,0.2459984041872587,0.1935829946190411,0.0,0.0,0.0,0.0,0.0,0.2706664181922958,0.26115062950169804,0.23128787845212523,0.0,0.0,0.0,0.2222222222222222,0.0,0.29214489799564014,0.0,1.0,1.0,2.0,algo_low_certainty_sampled,D:\בעלי תשובה\ישראל דגן\ראש השנה שלי,D:\בעלי תשובה\סנדי שמואלי\עד מתי
128.0,129.77777777777777,1.7777777777777715,0.9863013698630138,0.0,0.0,0.27209795202223724,0.2639767313285904,0.008121220693646847,0.27209795202223724,0.16590077661212185,0.10619717541011539,0.0,0.0,0.0,0.0,0.0,0.0,0.0,0.0,0.0,0.0,0.0,0.0,0.0,0.0,0.0,0.0,0.0,2.0,algo_no_comparison_result_sampled,D:\בעלי תשובה\יהודה גלאנץ\מוכרחים לרקוד,D:\בעלי תשובה\עדי רן\האחרון שבעם
128.0,128.0,0.0,1.0,0.0,0.0,1.0,0.3022111170984259,0.6977888829015741,0.2601616418210846,0.3022111170984259,0.04204947527734132,0.0,0.0,0.0,0.0,0.0,0.12366001066764638,0.2666627728272574,0.06500227842333105,0.0,0.0075757575757575794,0.0,0.3157894736842105,0.0,0.06023194154014171,0.0,0.0,0.0,2.0,algo_low_certainty_sampled,D:\בעלי תשובה\נקודה טובה,D:\בעלי תשובה\ישראל דגן\דגן חתונות\משה אטיאס
32.0,32.0,0.0,1.0,1.0,1.0,0.0,0.0,0.0,0.0,0.0,0.0,0.0,0.0,0.0,0.0,0.0,0.5098697364089753,0.6666666666666667,0.2857142857142857,0.0,0.0,0.0,0.2777777777777778,0.0,0.0,0.0,1.0,1.0,2.0,algo_low_certainty_sampled,D:\בעלי תשובה\ארז משה דורון\000[068] להאמין בעצמו,D:\בעלי תשובה\ארז משה דורון\013 צא אל השדות
128.0,128.0,0.0,1.0,0.0,0.0,0.39700289550146606,0.21375031402530595,0.1832525814761601,0.39700289550146606,0.20957560723347943,0.18742728826798663,0.0,0.0,0.0,0.0,0.0,0.6131615141063155,0.36635774438847674,0.2168253022585863,0.0,0.03361344537815126,0.0,0.34782608695652173,0.0,0.45154002382051933,0.0,1.0,1.0,2.0,algo_low_certainty_sampled,D:\בעלי תשובה\אלי מנדלבוים\חסינגלים,D:\בעלי תשובה\חיים דוד סרצ'יק\בית כנסת קרליבך
192.0,128.0,64.0,0.6666666666666666,0.0,0.0,0.6993872645079584,0.27179654705633965,0.42759071745161875,0.27946841589077837,0.27179654705633965,0.007671868834438711,0.0,0.0,0.0,0.0,0.0,0.3355410478230035,0.45134583244268206,0.4618082657301104,0.0,0.0,0.0,0.15384615384615385,0.0,0.32282482384600136,0.0,1.0,1.0,2.0,algo_low_certainty_sampled,D:\בעלי תשובה\אהרון רזאל\אהבת חינם,D:\בעלי תשובה\יהודה גלאנץ\נעלה
128.0,96.0,32.0,0.75,0.0,0.0,0.2755814301892734,0.22190442340597138,0.053677006783302006,0.2755814301892734,0.22190442340597138,0.053677006783302006,0.0,0.0,0.0,0.0,0.0,0.5370761901412144,0.5957952614418132,0.43679931431746316,0.0,0.0,0.0,0.0,0.0,0.6032116947574921,0.0,1.0,1.0,2.0,algo_low_certainty_sampled,D:\בעלי תשובה\יהודה גלאנץ\Phinar,D:\בעלי תשובה\קול אחי\הללו
128.0,128.0,0.0,1.0,0.0,0.0,0.39700289550146606,1.0,0.6029971044985339,0.39700289550146606,0.260144522835359,0.13685837266610706,0.0,0.0,0.0,0.0,0.0,0.0,0.0,0.0,0.0,0.0,0.0,0.0,0.0,0.0,0.0,0.0,0.0,2.0,algo_no_comparison_result_sampled,D:\בעלי תשובה\אלי מנדלבוים\חסינגלים,D:\בעלי תשובה\חיים דוד סרצ'יק\הפורש
32.0,32.0,0.0,1.0,1.0,1.0,0.0,0.0,0.0,0.0,0.0,0.0,0.0,0.0,0.0,0.0,0.0,0.7763807019791389,0.8,0.33333333333333337,0.0,0.0,0.0,0.2941176470588235,0.0,0.7763792214435572,0.0,1.0,1.0,2.0,algo_low_certainty_sampled,D:\בעלי תשובה\ארז משה דורון\002 בעל תפילה,D:\בעלי תשובה\ארז משה דורון\000[068] להאמין בעצמו
320.0,128.0,192.0,0.4,0.0,0.0,0.2643842694212485,0.6981405755041324,0.43375630608288396,0.2643842694212485,0.28284348986098745,0.018459220439738966,0.0,0.0,0.0,0.0,0.0,0.1404330191858491,0.4273359870463365,0.295362971545836,0.0,0.29999999999999993,0.0,0.25,0.0,0.3967019034869776,0.0,1.0,1.0,2.0,algo_low_certainty_sampled,D:\בעלי תשובה\אהרון רזאל\להיות מחובר,D:\בעלי תשובה\עמיר בניון\עמיר בניון - עץ על מים האלבום
128.0,192.0,64.0,0.6666666666666666,0.0,0.0,0.2330104184381377,0.3067488807297329,0.0737384622915952,0.18359844124657437,0.3067488807297329,0.12315043948315851,0.0,1.0,0.0,0.0,0.0,0.2353685931247444,0.4735772620683345,0.23394572966202573,0.0,0.0404040404040404,0.0,0.16216216216216217,0.0,0.15050452668182787,0.0,1.0,1.0,2.0,algo_low_certainty_sampled,D:\בעלי תשובה\יוסף קרדונר\סימנים בדרך,D:\בעלי תשובה\אהרון רזאל\אהרן רזאל - קבעתי את מושבי\אהרן רזאל - קבעתי את מושבי
128.0,32.0,96.0,0.25,1.0,1.0,0.4407025534851622,0.0,0.4407025534851622,0.4407025534851622,0.0,0.4407025534851622,0.0,0.0,0.0,0.0,0.0,0.27319577732239053,0.43362318840579717,0.1609653092006033,0.0,0.0,0.0,0.27586206896551724,0.0,0.17276615071933044,0.0,0.0,0.0,2.0,algo_low_certainty_sampled,D:\בעלי תשובה\ישראל דגן\מחול צדיקים,D:\בעלי תשובה\ארז משה דורון\032 להמתיק את הדין
32.0,32.0,0.0,1.0,1.0,1.0,0.0,0.0,0.0,0.0,0.0,0.0,0.0,0.0,0.0,0.0,0.0,0.6881731048916919,0.7142857142857143,0.33333333333333337,0.0,0.0,0.0,0.30000000000000004,0.0,0.6174335660870724,0.0,1.0,1.0,2.0,algo_low_certainty_sampled,D:\בעלי תשובה\ארז משה דורון\004 זוגיות רוחנית,D:\בעלי תשובה\ארז משה דורון\052 אין כל חדש תחת השמש
32.0,32.0,0.0,1.0,1.0,1.0,0.0,0.0,0.0,0.0,0.0,0.0,0.0,0.0,0.0,0.0,0.0,0.7517850878101924,0.75,0.5,0.0,0.0,0.0,0.41860465116279066,0.0,0.44192623741401516,0.0,1.0,1.0,2.0,algo_low_certainty_sampled,D:\בעלי תשובה\ארז משה דורון\034 אש רוח מים עפר,D:\בעלי תשובה\ארז משה דורון\062 להוציא מהכוח אל הפועל
128.0,128.0,0.0,1.0,0.0,1.0,0.30704742811940955,0.6474081690747675,0.34036074095535795,0.30704742811940955,0.6474081690747675,0.34036074095535795,0.0,0.0,0.0,0.0,0.0,0.5711172161551992,0.5014348806273471,0.34790654841364776,0.0,0.0,0.0,0.2727272727272727,0.0,0.28715188631693533,0.0,1.0,1.0,2.0,algo_low_certainty_sampled,D:\בעלי תשובה\דני ממן\נהר המטהר,D:\בעלי תשובה\ברלינגר\משה לוי - טוב
32.0,32.0,0.0,1.0,1.0,1.0,0.0,0.0,0.0,1.0,0.0,1.0,0.0,0.0,0.0,0.0,0.0,0.5378247862578781,0.6666666666666667,0.11363636363636362,0.0,0.0,0.0,0.33333333333333337,0.0,0.25,0.0,1.0,1.0,2.0,algo_low_certainty_sampled,D:\בעלי תשובה\ארז משה דורון\000[096] סוד הויתור,D:\בעלי תשובה\ארז משה דורון\053 להשתנות
128.0,128.0,0.0,1.0,0.0,0.0,0.2844109435360347,0.2963361711896721,0.011925227653637405,0.2844109435360347,0.2792337495532713,0.005177193982763395,1.0,0.0,0.0,0.0,0.0,0.4533934189317848,0.4750161113759557,0.29487038055950193,0.0,0.19299933782692402,0.0,0.34285714285714286,0.0,0.14515169107452355,0.0,0.5416666666666666,1.0,2.0,algo_low_certainty_sampled,D:\בעלי תשובה\אודי דוידי\אודי דוידי - בן אהוב,D:\בעלי תשובה\נסתרות דרכי האל
128.0,128.0,0.0,1.0,0.0,0.0,0.4261133624252772,0.8181818181818182,0.39206845575654103,0.4261133624252772,0.0,0.4261133624252772,0.0,0.0,0.0,0.0,0.0,0.6020241143972269,0.24041431443650427,0.012121212121212118,0.0,0.03409090909090909,0.0,0.2222222222222222,0.0,0.31116689408438536,0.0,0.0,0.0,2.0,algo_low_certainty_sampled,D:\בעלי תשובה\יוסף (גלעד) קרדונר\בחירה - 03,D:\בעלי תשובה\חיים דוד סרצ'יק\היום\1-זה כפול נא לסדר
128.0,32.0,96.0,0.25,0.0,1.0,1.0,0.0,1.0,1.0,0.0,1.0,0.0,0.0,0.0,0.0,0.0,0.3543548934067018,0.125,0.009615384615384609,0.0,0.0,0.0,0.18181818181818177,0.0,0.0,0.0,0.0,0.0,2.0,algo_low_certainty_sampled,D:\בעלי תשובה\יחיא אזולאי,D:\בעלי תשובה\ארז משה דורון\053 להשתנות
98.9090909090909,128.0,29.090909090909093,0.7727272727272727,0.0,1.0,0.2270135150184752,0.25729658680382567,0.030283071785350474,0.2270135150184752,0.25645829152593796,0.029444776507462772,0.0,0.0,0.0,0.0,0.0,0.6577056424055879,0.4946874546561066,0.26526533638833105,0.0,0.0,0.0,0.3157894736842105,0.0,0.33522502323403375,0.0,1.0,1.0,2.0,algo_low_certainty_sampled,D:\בעלי תשובה\יצחק פוקס\פוקס,D:\בעלי תשובה\צבי זלבסקי\פה ושם אני רוקד
128.0,128.0,0.0,1.0,0.0,0.0,0.21966512044689707,0.5556271404987482,0.3359620200518511,0.29173991200759963,0.309324224284178,0.017584312276578362,0.0,0.0,0.0,0.0,0.0,0.4496829605739447,0.3312312850265154,0.24777414757640473,0.0,0.0,0.0,0.25,0.0,0.2164054544965379,0.0,1.0,1.0,2.0,algo_low_certainty_sampled,D:\בעלי תשובה\ישראל דגן\למען שמו באהבה,D:\בעלי תשובה\הזמיר\נוסע לאומן
32.0,32.0,0.0,1.0,1.0,1.0,0.0,0.0,0.0,0.0,0.0,0.0,0.0,0.0,0.0,0.0,0.0,0.8875366688696649,0.5666666666666667,0.5714285714285714,0.0,0.0,0.0,0.32432432432432434,0.0,0.75,0.0,1.0,1.0,2.0,algo_low_certainty_sampled,D:\בעלי תשובה\ארז משה דורון\061 אמת לרחק ואמת לקרב,D:\בעלי תשובה\ארז משה דורון\032 תשובה מאהבה
320.0,128.0,192.0,0.4,0.0,0.0,0.2184054305612374,1.0,0.7815945694387626,0.2184054305612374,0.0,0.2184054305612374,1.0,0.0,0.0,0.0,0.0,0.325823181170446,0.19991879686363456,0.0,0.0,0.0,0.0,0.25,0.0,0.14721213407170633,0.0,0.09090909090909091,0.0,2.0,algo_low_certainty_sampled,D:\בעלי תשובה\ישי ריבו\שטח אפור,D:\בעלי תשובה\חיים דוד סרצ'יק\מצור דבש
128.0,128.0,0.0,1.0,0.0,0.0,1.0,1.0,0.0,1.0,1.0,0.0,0.0,1.0,0.0,0.0,0.0,0.4960179499956821,0.5,0.41345341964536997,0.0,0.0,0.0,0.08333333333333337,0.0,0.2629083262997426,0.0,1.0,1.0,2.0,algo_low_certainty_sampled,D:\בעלי תשובה\אודי דוידי\אודי דוידי דבר אליו,D:\בעלי תשובה\יצחק מאיר\נשמות חדשות\חלק 2
160.0,128.0,32.0,0.8,0.0,0.0,0.27238638174643265,0.2873753124937582,0.014988930747325546,0.0,0.2873753124937582,0.2873753124937582,0.0,0.0,0.0,0.0,0.0,0.0,0.0,0.0,0.0,0.0,0.0,0.0,0.0,0.0,0.0,0.0,0.0,2.0,algo_no_comparison_result_sampled,D:\בעלי תשובה\אהרון רזאל\אהרן רזאל - זמן הגאולה,D:\בעלי תשובה\אברהם אבוטבול\בית הקדושה
320.0,160.0,160.0,0.5,0.0,0.0,0.20824731826827425,0.21497468337814524,0.006727365109870986,1.0,0.21497468337814524,0.7850253166218548,0.0,0.0,0.0,0.0,0.0,0.22710098371514367,0.4345568027175753,0.13416098972407023,0.0,0.0,0.0,0.17391304347826086,0.0,0.3308688253587271,0.0,1.0,1.0,2.0,algo_low_certainty_sampled,D:\בעלי תשובה\שולי רנד\שולי רנד בקיסריה 1,D:\בעלי תשובה\מים 2
128.0,32.0,96.0,0.25,1.0,1.0,0.306539294039294,0.0,0.306539294039294,0.306539294039294,0.0,0.306539294039294,0.0,0.0,0.0,0.0,0.0,0.7571023478475002,0.4537581699346405,0.0,0.0,0.0,0.0,0.31999999999999995,0.0,0.0,0.0,0.0,0.0,2.0,algo_low_certainty_sampled,D:\בעלי תשובה\בהרוז אהרוני\שירת השבים,D:\בעלי תשובה\ארז משה דורון\032 תשובה מאהבה
160.0,128.0,32.0,0.8,1.0,1.0,0.22423017210857654,1.0,0.7757698278914235,0.22423017210857654,0.0,0.22423017210857654,0.0,0.0,0.0,0.0,0.0,0.4265400653037048,0.20853188856652852,0.0,0.0,0.0,0.0,0.3076923076923077,0.0,0.31632831863853705,0.0,1.0,1.0,2.0,algo_low_certainty_sampled,D:\בעלי תשובה\מים 1,D:\בעלי תשובה\חיים דוד סרצ'יק\למעו שמו
192.0,128.0,64.0,0.6666666666666666,0.0,0.0,0.3067488807297329,0.27114163132912755,0.035607249400605334,0.3067488807297329,0.27114163132912755,0.035607249400605334,1.0,0.0,0.0,0.0,0.0,0.4465863196958363,0.4654412922730407,0.2564412114718653,0.0,0.0,0.0,0.25,0.0,0.713904754608314,0.0,1.0,1.0,2.0,algo_low_certainty_sampled,D:\בעלי תשובה\אהרון רזאל\אהרן רזאל - קבעתי את מושבי\אהרן רזאל - קבעתי את מושבי,D:\בעלי תשובה\דב אינדיג\בת קול
32.0,128.0,96.0,0.25,1.0,1.0,0.0,0.6364938904274454,0.6364938904274454,0.0,0.0,0.0,0.0,0.0,0.0,0.0,0.0,0.45736313934022094,0.21494055934692408,0.0,0.0,0.0,0.0,0.3783783783783784,0.0,0.25632513732233025,0.0,0.0,0.0,2.0,algo_low_certainty_sampled,D:\בעלי תשובה\ארז משה דורון\101 מעשה מברגר ועני ב,D:\בעלי תשובה\עדי רן\עדי רן הופעה חיה
128.0,128.0,0.0,1.0,0.0,0.0,0.2280134555390086,1.0,0.7719865444609915,0.25332720690615423,0.2601616418210846,0.006834434914930354,0.0,0.0,0.0,0.0,0.0,0.5804505215284202,0.22070410432479398,0.11641402972672323,0.0,0.0,0.0,0.33333333333333337,0.0,0.3479107848526462,0.0,0.0,0.0,2.0,algo_low_certainty_sampled,D:\בעלי תשובה\למען שמו באהבה,D:\בעלי תשובה\נקודה טובה
96.0,166.4,70.4,0.5769230769230769,0.0,0.0,0.24974139732911663,0.2594066150567698,0.009665217727653191,0.24974139732911663,0.2594066150567698,0.009665217727653191,0.0,1.0,0.0,0.0,0.0,0.0,0.0,0.0,0.0,0.0,0.0,0.0,0.0,0.0,0.0,0.0,0.0,2.0,algo_no_comparison_result_sampled,D:\בעלי תשובה\קול אחי\השקיפה,D:\בעלי תשובה\עדי רן\עדי רן - גלגל של הצלה
128.0,128.0,0.0,1.0,0.0,0.0,0.7648210459606535,0.2844109435360347,0.4804101024246188,0.635970973660645,0.2844109435360347,0.35156003012461035,0.0,1.0,0.0,0.0,0.0,0.6290197334548173,0.2631225952553834,0.2967136969974948,0.0,0.24444444444444444,0.0,0.16000000000000003,0.0,0.3178760152837303,0.0,1.0,1.0,2.0,algo_low_certainty_sampled,D:\בעלי תשובה\הלוים,D:\בעלי תשובה\אודי דוידי\אודי דוידי - בן אהוב
320.0,32.0,288.0,0.1,1.0,1.0,0.21379310344827585,0.0,0.21379310344827585,0.21379310344827585,0.0,0.21379310344827585,0.0,0.0,0.0,0.0,0.0,0.27196024549446945,0.36766381766381767,0.0,0.0,0.0,0.0,0.10526315789473684,0.0,0.0,0.0,0.0,0.0,2.0,algo_low_certainty_sampled,D:\בעלי תשובה\בנגי רפאל\משיח,D:\בעלי תשובה\ארז משה דורון\032 תשובה מאהבה
128.0,160.0,32.0,0.8,0.0,1.0,0.4063265208397102,0.2726881529823451,0.1336383678573651,0.25247161105728266,0.27311707713779837,0.020645466080515706,0.0,0.0,0.0,0.0,0.0,0.5194634109310828,0.40695596303310505,0.23190778324477926,0.0,0.0,0.0,0.21052631578947367,0.0,0.6198779581908417,0.0,1.0,1.0,2.0,algo_low_certainty_sampled,D:\בעלי תשובה\ישראל זינגר\ריקוד המלאכים,D:\בעלי תשובה\שמעונה
128.0,128.0,0.0,1.0,0.0,0.0,0.2280134555390086,0.6974116257476615,0.4693981702086529,0.25332720690615423,0.6974116257476615,0.44408441884150723,0.0,0.0,0.0,0.0,0.0,0.5605848155902119,0.4380764924807669,0.1765841605413798,0.0,0.0,0.0,0.24,0.0,0.21805070458748838,0.0,0.0,0.0,2.0,algo_low_certainty_sampled,D:\בעלי תשובה\למען שמו באהבה,D:\בעלי תשובה\חיות  הקודש
320.0,128.0,192.0,0.4,0.0,0.0,0.416959409862627,0.2844109435360347,0.13254846632659228,0.31644553061421565,0.2844109435360347,0.032034587078180965,1.0,1.0,1.0,0.0,0.0,0.0,0.0,0.0,0.0,0.0,0.0,0.0,0.0,0.0,0.0,0.0,0.0,2.0,algo_no_comparison_result_sampled,D:\בעלי תשובה\עמיר בניון\עמיר בניון שירי ארץ אהבה\עמיר בניון - שירי ארץ-אהבה,D:\בעלי תשובה\אודי דוידי\אודי דוידי - בן אהוב
160.0,128.0,32.0,0.8,0.0,0.0,0.21497468337814524,0.4249225978542701,0.20994791447612488,0.21497468337814524,0.4249225978542701,0.20994791447612488,0.0,1.0,0.0,0.0,0.0,0.6286646095448146,0.42158622711279264,0.22235018338778953,0.0,0.0,0.0,0.14814814814814814,0.0,0.47233020970501505,0.0,1.0,1.0,2.0,algo_low_certainty_sampled,D:\בעלי תשובה\מים 2,D:\בעלי תשובה\ניצן חן רזאל מוצא מקום
128.0,128.0,0.0,1.0,0.0,0.0,0.2409177614286613,1.0,0.7590822385713387,0.2393952727002871,0.0,0.2393952727002871,0.0,0.0,0.0,0.0,0.0,0.46119410502548475,0.18152344615432722,0.0,0.0,0.0,0.0,0.26086956521739135,0.0,0.20439225188767615,0.0,1.0,1.0,2.0,algo_low_certainty_sampled,D:\בעלי תשובה\שולי רנד\שולי רנד קיסריה,D:\בעלי תשובה\חיים דוד סרצ'יק\מצור דבש
192.0,128.0,64.0,0.6666666666666666,0.0,0.0,0.3602569865901291,1.0,0.6397430134098709,0.20396713382961987,0.0,0.20396713382961987,1.0,0.0,0.0,0.0,0.0,0.45895542926720123,0.19866779611663246,0.0,0.0,0.0,0.0,0.1428571428571429,0.0,0.3085398855885591,0.0,0.09090909090909091,0.0,2.0,algo_low_certainty_sampled,D:\בעלי תשובה\שולי רנד\הופעה בקיסריה\שולי רנד - בקיסריה\דיסק 2,D:\בעלי תשובה\חיים דוד סרצ'יק\מצור דבש
320.0,128.0,192.0,0.4,0.0,0.0,0.2184054305612374,1.0,0.7815945694387626,0.2184054305612374,1.0,0.7815945694387626,1.0,0.0,0.0,0.0,0.0,0.23250160932783,0.27002585589383954,0.09502426600286341,0.0,0.0,0.0,0.2222222222222222,0.0,0.5089245526054004,0.0,0.0,0.0,2.0,algo_low_certainty_sampled,D:\בעלי תשובה\ישי ריבו\שטח אפור,D:\בעלי תשובה\אודי דוידי\אודי דוידי דבר אליו
56.0,128.0,72.0,0.4375,0.0,0.0,0.7537098401213115,1.0,0.24629015987868852,0.2459984041872587,1.0,0.7540015958127413,0.0,0.0,0.0,0.0,0.0,0.34095753679885665,0.1351872691693729,0.04375405425328026,0.0,0.47619047619047616,0.0,0.25,0.0,0.5173478389628052,0.0,1.0,1.0,2.0,algo_low_certainty_sampled,D:\בעלי תשובה\סנדי שמואלי\עד מתי,D:\בעלי תשובה\נפתלי גולד
128.0,128.0,0.0,1.0,1.0,1.0,0.24951725891354376,0.2889764430020933,0.03945918408854954,0.24951725891354376,0.2889764430020933,0.03945918408854954,0.0,0.0,0.0,0.0,0.0,0.48579129751102734,0.48737045165596593,0.21902958978473847,0.0,0.0,0.0,0.23529411764705888,0.0,0.3271501138525346,0.0,1.0,1.0,2.0,algo_low_certainty_sampled,D:\בעלי תשובה\דני ממן\זה שיר שבח,D:\בעלי תשובה\דני גולן\דני גולן והחברים\לב טהור
128.0,96.0,32.0,0.75,0.0,0.0,0.8333333333333334,0.7141580422083057,0.11917529112502767,0.23579977126416757,0.26794241943258684,0.032142648168419274,0.0,0.0,0.0,0.0,0.0,0.0,0.0,0.0,0.0,0.0,0.0,0.0,0.0,0.0,0.0,0.0,0.0,2.0,algo_no_comparison_result_sampled,D:\בעלי תשובה\אודי דוידי\אודי דודי 2\no title,D:\בעלי תשובה\אודי אולמן\אגודה אחת
160.0,320.0,160.0,0.5,0.0,0.0,0.21497468337814524,0.416959409862627,0.20198472648448174,0.21497468337814524,0.31644553061421565,0.10147084723607042,0.0,1.0,0.0,0.0,0.0,0.36927848385322454,0.44274169683854564,0.30919360702117354,0.0,0.0,0.0,0.19354838709677424,0.0,0.4717853931019819,0.0,1.0,1.0,2.0,algo_low_certainty_sampled,D:\בעלי תשובה\מים 2,D:\בעלי תשובה\עמיר בניון\עמיר בניון שירי ארץ אהבה\עמיר בניון - שירי ארץ-אהבה
32.0,32.0,0.0,1.0,1.0,1.0,0.0,0.0,0.0,0.0,0.0,0.0,0.0,0.0,0.0,0.0,0.0,0.5562916787403904,0.7692307692307692,0.5,0.0,0.0,0.0,0.3703703703703704,0.0,0.45516339053853017,0.0,1.0,1.0,2.0,algo_low_certainty_sampled,D:\בעלי תשובה\ארז משה דורון\005 ניקוי הראש,D:\בעלי תשובה\ארז משה דורון\002 בעל תפילה
128.0,128.0,0.0,1.0,0.0,0.0,1.0,0.2859762415131112,0.7140237584868888,1.0,1.0,0.0,0.0,1.0,0.0,0.0,0.0,0.613246748562836,0.1826368576735578,0.06405228758169937,0.0,0.19047619047619047,0.0,0.26086956521739135,0.0,0.3381438393338052,0.0,1.0,1.0,2.0,algo_low_certainty_sampled,D:\בעלי תשובה\ברלינגר\משה לוי והלויים,D:\בעלי תשובה\עדי רן\התבוננות
160.0,128.0,32.0,0.8,1.0,1.0,0.22423017210857654,0.2755814301892734,0.05135125808069685,0.22423017210857654,0.2755814301892734,0.05135125808069685,0.0,0.0,0.0,0.0,0.0,0.32085752907804366,0.42341370629329483,0.22671765019254586,0.0,0.0,0.0,0.0,0.0,0.16378958022821563,0.0,1.0,1.0,2.0,algo_low_certainty_sampled,D:\בעלי תשובה\מים 1,D:\בעלי תשובה\יהודה גלאנץ\Phinar
128.0,128.0,0.0,1.0,0.0,0.0,1.0,1.0,0.0,1.0,0.27844605035436915,0.7215539496456309,0.0,0.0,0.0,0.0,0.0,0.0,0.0,0.0,0.0,0.0,0.0,0.0,0.0,0.0,0.0,0.0,0.0,2.0,algo_no_comparison_result_sampled,D:\בעלי תשובה\נפתלי גולד,D:\בעלי תשובה\סנדי שמואלי\מחכים
128.0,128.0,0.0,1.0,0.0,0.0,0.3022111170984259,0.23306579697939106,0.06914532011903485,0.3022111170984259,0.23306579697939106,0.06914532011903485,0.0,0.0,0.0,0.0,0.0,0.20007175351580161,0.5154857437542195,0.04560606857257574,0.0,0.06747672539813902,0.0,0.23529411764705888,0.0,0.09090909090909091,0.0,0.0,0.0,2.0,algo_low_certainty_sampled,D:\בעלי תשובה\ישראל דגן\דגן חתונות\משה אטיאס,D:\בעלי תשובה\אודי אולמן\אודי - 3
128.0,128.0,0.0,1.0,0.0,0.0,0.40582510542562483,1.0,0.5941748945743752,0.2226164249693661,1.0,0.7773835750306339,0.0,0.0,0.0,0.0,0.0,0.5713353177558648,0.21001331466864426,0.031850459482038435,0.0,0.0,0.0,0.24,0.0,0.31382322788621375,0.0,0.1,0.0,2.0,algo_low_certainty_sampled,D:\בעלי תשובה\יוסף (גלעד) קרדונר\סימנים בדרך - 01,D:\בעלי תשובה\יצחק שדהו
128.0,128.0,0.0,1.0,0.0,0.0,0.2016140369955885,0.41342995655720544,0.21181591956161694,0.2016140369955885,0.351482127623708,0.1498680906281195,0.0,0.0,0.0,0.0,0.0,0.0,0.0,0.0,0.0,0.0,0.0,0.0,0.0,0.0,0.0,0.0,0.0,2.0,algo_no_comparison_result_sampled,D:\בעלי תשובה\ק'ן ברג'ס\בנה מלכותו,D:\בעלי תשובה\ישראל דגן\גדולתינו ותיפארתינו
320.0,128.0,192.0,0.4,0.0,0.0,0.2643842694212485,0.41342995655720544,0.14904568713595695,0.2643842694212485,0.351482127623708,0.08709785820245952,0.0,0.0,0.0,0.0,0.0,0.0,0.0,0.0,0.0,0.0,0.0,0.0,0.0,0.0,0.0,0.0,0.0,2.0,algo_no_comparison_result_sampled,D:\בעלי תשובה\אהרון רזאל\להיות מחובר,D:\בעלי תשובה\ישראל דגן\גדולתינו ותיפארתינו
96.0,128.0,32.0,0.75,0.0,0.0,0.22190442340597138,1.0,0.7780955765940286,0.22190442340597138,1.0,0.7780955765940286,0.0,0.0,0.0,0.0,0.0,0.3965514979537063,0.2716210919118014,0.17754127821297022,0.0,0.4137931034482759,0.0,0.42105263157894735,0.0,0.302799667486196,0.0,1.0,1.0,2.0,algo_low_certainty_sampled,D:\בעלי תשובה\קול אחי\הללו,D:\בעלי תשובה\ברלינגר\משה לוי והלויים
128.0,192.0,64.0,0.6666666666666666,0.0,0.0,0.306539294039294,0.7029066585588325,0.3963673645195385,0.306539294039294,0.28324915824915825,0.023290135790135724,0.0,0.0,0.0,0.0,0.0,0.4535698266901131,0.2254762787824342,0.17603844169246646,0.0,0.0,0.0,0.33333333333333337,0.0,0.7323019952933096,0.0,0.0,0.0,2.0,algo_low_certainty_sampled,D:\בעלי תשובה\בהרוז אהרוני\שירת השבים,D:\בעלי תשובה\אהוד בנאי\טיפ טיפה
32.0,32.0,0.0,1.0,1.0,1.0,0.0,0.0,0.0,0.0,1.0,1.0,0.0,0.0,0.0,0.0,0.0,0.5856706022559185,0.8,0.11363636363636362,0.0,0.0,0.0,0.3414634146341463,0.0,0.2301657997566049,0.0,1.0,1.0,2.0,algo_low_certainty_sampled,D:\בעלי תשובה\ארז משה דורון\061 אמת לרחק ואמת לקרב,D:\בעלי תשובה\ארז משה דורון\000[096] סוד הויתור
32.0,153.6,121.6,0.20833333333333334,1.0,1.0,0.0,0.7400588508887702,0.7400588508887702,0.0,0.7400588508887702,0.7400588508887702,0.0,0.0,0.0,0.0,0.0,0.25407807089925066,0.16749605339262202,0.020579038768816754,0.0,0.0,0.0,0.09999999999999998,0.0,0.0,0.0,0.0,0.0,2.0,algo_low_certainty_sampled,D:\בעלי תשובה\ארז משה דורון\005 ניקוי הראש,D:\בעלי תשובה\אבולוף
160.0,128.0,32.0,0.8,0.0,1.0,0.2726881529823451,0.2963361711896721,0.023648018207326982,0.27311707713779837,0.2792337495532713,0.0061166724154729235,0.0,0.0,0.0,0.0,0.0,0.5354941227334112,0.4747292810155412,0.2893161896536454,0.0,0.05512820512820512,0.0,0.19047619047619047,0.0,0.4177886387752255,0.0,1.0,1.0,2.0,algo_low_certainty_sampled,D:\בעלי תשובה\שמעונה,D:\בעלי תשובה\נסתרות דרכי האל
128.0,128.0,0.0,1.0,0.0,0.0,0.23094965439521678,1.0,0.7690503456047832,0.23094965439521678,1.0,0.7690503456047832,0.0,0.0,0.0,0.0,0.0,0.7089148098879535,0.1756634955638751,0.03365468669816495,0.0,0.0,0.0,0.3571428571428571,0.0,0.5851299061876131,0.0,0.1111111111111111,0.0,2.0,algo_low_certainty_sampled,D:\בעלי תשובה\סיני\אספרה כבודך - סיני,D:\בעלי תשובה\ברק כהן\כי לא ינום
64.0,128.0,64.0,0.5,0.0,1.0,0.24337572331410295,0.2727991566036579,0.029423433289554934,0.4669122431312358,0.27455635043139537,0.19235589269984044,0.0,0.0,0.0,0.0,0.0,0.26582401262383004,0.4165587173721816,0.12459797207623295,0.0,0.0,0.0,0.0,0.0,0.5588074039974169,0.0,1.0,1.0,2.0,algo_low_certainty_sampled,D:\בעלי תשובה\אודי טופלברג\מים,D:\בעלי תשובה\ישעיה חסיד\אחד
128.0,128.0,0.0,1.0,0.0,0.0,1.0,0.2873753124937582,0.7126246875062419,1.0,0.2873753124937582,0.7126246875062419,0.0,0.0,0.0,0.0,0.0,0.5292837514138581,0.27790907632442874,0.11857289675330768,0.0,0.0,0.0,0.27586206896551724,0.0,0.23640236561884417,0.0,1.0,1.0,2.0,algo_low_certainty_sampled,D:\בעלי תשובה\אודי דוידי\אודי דוידי דבר אליו,D:\בעלי תשובה\אברהם אבוטבול\בית הקדושה
32.0,153.6,121.6,0.20833333333333334,1.0,1.0,0.0,0.7400588508887702,0.7400588508887702,0.0,0.7400588508887702,0.7400588508887702,0.0,0.0,0.0,0.0,0.0,0.5918472299660003,0.15074208454854737,0.0096918549931633,0.0,0.0,0.0,0.11111111111111116,0.0,0.0,0.0,0.0,0.0,2.0,algo_low_certainty_sampled,D:\בעלי תשובה\ארז משה דורון\000[066] כסף,D:\בעלי תשובה\אבולוף
128.0,128.0,0.0,1.0,0.0,0.0,0.22711722683296007,0.2000802777784875,0.02703694905447257,0.22711722683296007,0.0,0.22711722683296007,0.0,0.0,0.0,0.0,0.0,0.0,0.0,0.0,0.0,0.0,0.0,0.0,0.0,0.0,0.0,0.0,0.0,2.0,algo_no_comparison_result_sampled,D:\בעלי תשובה\יניב\קומי אורי,D:\בעלי תשובה\אודי אולמן\דברי שיר
48.0,96.0,48.0,0.5,0.0,0.0,0.3657312505730815,0.24974139732911663,0.11598985324396485,0.1783519691265463,0.24974139732911663,0.07138942820257033,0.0,0.0,0.0,0.0,0.0,0.1915069508157393,0.584326467527239,0.20016095016095017,0.0,0.0,0.0,0.0714285714285714,0.0,0.6135313881697563,0.0,1.0,2.0,2.0,algo_low_certainty_sampled,D:\בעלי תשובה\עמיר בניון\עמיר בניון - עומד בשער,D:\בעלי תשובה\קול אחי\השקיפה
160.0,128.0,32.0,0.8,0.0,0.0,0.25237744776806564,0.2844109435360347,0.032033495767969045,0.25237744776806564,0.2844109435360347,0.032033495767969045,0.0,1.0,0.0,0.0,0.0,0.0,0.0,0.0,0.0,0.0,0.0,0.0,0.0,0.0,0.0,0.0,0.0,2.0,algo_no_comparison_result_sampled,D:\בעלי תשובה\עדי רן\עדי רן מה יש לכם לדאוג,D:\בעלי תשובה\אודי דוידי\אודי דוידי - בן אהוב
320.0,128.0,192.0,0.4,0.0,0.0,0.31856504208855146,0.6387530961627489,0.3201880540741974,0.31856504208855146,0.2787580723284634,0.03980696976008807,0.0,0.0,0.0,0.0,0.0,0.3376017133992234,0.35752848359314016,0.3391872782498968,0.0,0.0,0.0,0.31999999999999995,0.0,0.30821562350666093,0.0,1.0,1.0,2.0,algo_low_certainty_sampled,D:\בעלי תשובה\אהוד בר לוי,D:\בעלי תשובה\ישראל דגן\עדיין יש תקווה
128.0,32.0,96.0,0.25,1.0,1.0,0.16483886483886487,0.0,0.16483886483886487,0.0,0.0,0.0,1.0,0.0,0.0,0.0,0.0,0.6304818935782385,0.5266381766381766,0.0,0.0,0.0,0.0,0.2857142857142857,0.0,0.0,0.0,0.0,0.0,2.0,algo_low_certainty_sampled,D:\בעלי תשובה\עמיר בניון\עמיר בניון - כוונה תחילה,D:\בעלי תשובה\ארז משה דורון\020 להדבק באין סוף
128.0,320.0,192.0,0.4,0.0,0.0,1.0,0.4637226853878569,0.5362773146121431,1.0,0.4626829626472544,0.5373170373527456,0.0,0.0,0.0,0.0,0.0,0.16006787150649815,0.21773391213706417,0.10264448595058455,0.0,0.0,0.0,0.16326530612244894,0.0,0.2863622200634865,0.0,0.0,0.0,2.0,algo_low_certainty_sampled,D:\בעלי תשובה\יצחק פוקס\(באנו ביחד (כדאי לבדוק אם חסר איזה שיר,D:\בעלי תשובה\יאיר כלב\עצם הנשמה 3
128.0,120.0,8.0,0.9375,0.0,1.0,0.7599515654402101,0.22741860360456187,0.5325329618356482,0.9852941176470589,0.2902449004652799,0.695049217181779,0.0,0.0,0.0,0.0,0.0,0.09464785985356969,0.19214642732263781,0.08906934111358553,0.0,0.02631578947368421,0.0,0.30000000000000004,0.0,0.0,0.0,1.0,1.0,2.0,algo_low_certainty_sampled,D:\בעלי תשובה\ישראל דגן\מחרוזות,D:\בעלי תשובה\ישראל גריזולט
48.0,320.0,272.0,0.15,1.0,1.0,0.3657312505730815,0.31856504208855146,0.047166208484530014,0.1783519691265463,0.31856504208855146,0.14021307296200516,0.0,0.0,0.0,0.0,0.0,0.029877689439565768,0.4376060164344369,0.26853166699141934,0.0,0.0,0.0,0.303030303030303,0.0,0.31320047174962373,0.0,1.0,1.0,2.0,algo_low_certainty_sampled,D:\בעלי תשובה\עמיר בניון\עמיר בניון - עומד בשער,D:\בעלי תשובה\אהוד בר לוי
96.0,128.0,32.0,0.75,0.0,0.0,0.22190442340597138,0.3462975584756755,0.12439313506970412,0.22190442340597138,0.3462975584756755,0.12439313506970412,0.0,0.0,0.0,0.0,0.0,0.3974007805741634,0.5866643042544748,0.45330110053198513,0.0,0.0,0.0,0.1428571428571429,0.0,0.336405244168017,0.0,1.0,1.0,2.0,algo_low_certainty_sampled,D:\בעלי תשובה\קול אחי\הללו,D:\בעלי תשובה\ישראל דגן\נפשי החזקה
128.0,56.0,72.0,0.4375,0.0,1.0,0.2727991566036579,0.7537098401213115,0.4809106835176536,0.27455635043139537,0.2459984041872587,0.028557946244136656,0.0,0.0,0.0,0.0,0.0,0.2835155739375903,0.2545013065134881,0.25097828126465893,0.0,0.015384615384615385,0.0,0.2222222222222222,0.0,0.48569040993414136,0.0,1.0,1.0,2.0,algo_low_certainty_sampled,D:\בעלי תשובה\ישעיה חסיד\אחד,D:\בעלי תשובה\סנדי שמואלי\עד מתי
160.0,128.0,32.0,0.8,0.0,0.0,0.3707724849592341,1.0,0.6292275150407659,0.3707724849592341,0.0,0.3707724849592341,0.0,0.0,0.0,0.0,0.0,0.5990221064489699,0.17343849058747235,0.0,0.0,0.0,0.0,0.21052631578947367,0.0,0.22477454062231822,0.0,0.5454545454545454,1.0,2.0,algo_low_certainty_sampled,D:\בעלי תשובה\תיקון הכללי,D:\בעלי תשובה\חיים דוד סרצ'יק\מצור דבש
192.0,320.0,128.0,0.6,0.09090909090909091,0.0,0.3067488807297329,0.2328732027030505,0.07387567802668238,0.3067488807297329,0.23477009369085064,0.07197878703888225,1.0,0.0,0.0,0.0,0.0,0.0,0.0,0.0,0.0,0.0,0.0,0.0,0.0,0.0,0.0,0.0,0.0,2.0,algo_no_comparison_result_sampled,D:\בעלי תשובה\אהרון רזאל\אהרן רזאל - קבעתי את מושבי\אהרן רזאל - קבעתי את מושבי,D:\בעלי תשובה\צמאה - אומנים שרים את ניגוני הרבי מילובביץ
128.0,128.0,0.0,1.0,0.0,0.0,0.2026569618223385,0.39919417184261435,0.19653721002027585,0.2026569618223385,0.25183269050770285,0.04917572868536435,0.0,0.0,0.0,0.0,0.0,0.6314178514455676,0.4325397286125255,0.23010176957545378,0.0,0.0,0.0,0.0,0.0,0.39276603940545585,0.0,1.0,1.0,2.0,algo_low_certainty_sampled,D:\בעלי תשובה\להבה,D:\בעלי תשובה\מיקי רוזנבאום\פסיפס-2
192.0,129.77777777777777,62.22222222222223,0.6759259259259259,0.0,0.0,1.0,0.2639767313285904,0.7360232686714097,1.0,0.16590077661212185,0.8340992233878781,0.0,0.0,0.0,0.0,0.0,0.0,0.0,0.0,0.0,0.0,0.0,0.0,0.0,0.0,0.0,0.0,0.0,2.0,algo_no_comparison_result_sampled,D:\בעלי תשובה\עובדיה חממה\אנא בכח,D:\בעלי תשובה\עדי רן\האחרון שבעם
32.0,32.0,0.0,1.0,1.0,1.0,0.0,0.0,0.0,0.0,0.0,0.0,0.0,0.0,0.0,0.0,0.0,0.8923968018019154,0.75,0.5,0.0,0.0,0.0,0.2941176470588235,0.0,0.75,0.0,1.0,1.0,2.0,algo_low_certainty_sampled,D:\בעלי תשובה\ארז משה דורון\037 ליל הסדר,D:\בעלי תשובה\ארז משה דורון\061 אמת לרחק ואמת לקרב
128.0,128.0,0.0,1.0,0.0,0.0,1.0,0.6847330038265858,0.31526699617341425,0.27844605035436915,0.22257521613042763,0.05587083422394151,0.0,0.0,0.0,0.0,0.0,0.0,0.0,0.0,0.0,0.0,0.0,0.0,0.0,0.0,0.0,0.0,0.0,2.0,algo_no_comparison_result_sampled,D:\בעלי תשובה\סנדי שמואלי\מחכים,D:\בעלי תשובה\אורן ארנון\עלי באר
128.0,128.0,0.0,1.0,1.0,1.0,0.24951725891354376,1.0,0.7504827410864563,0.24951725891354376,1.0,0.7504827410864563,0.0,0.0,0.0,0.0,0.0,0.545117882528548,0.20042200214397007,0.03550008599931201,0.0,0.0,0.0,0.3157894736842105,0.0,0.28877691428093827,0.0,1.0,1.0,2.0,algo_low_certainty_sampled,D:\בעלי תשובה\דני ממן\זה שיר שבח,D:\בעלי תשובה\יצחק שדהו
128.0,128.0,0.0,1.0,0.0,0.0,0.22711722683296007,0.37977690175096385,0.15265967491800378,0.22711722683296007,0.23290542901652928,0.005788202183569208,0.0,0.0,0.0,0.0,0.0,0.0,0.0,0.0,0.0,0.0,0.0,0.0,0.0,0.0,0.0,0.0,0.0,2.0,algo_no_comparison_result_sampled,D:\בעלי תשובה\יניב\קומי אורי,D:\בעלי תשובה\יוסף (גלעד) קרדונר\כל העולם - 02
128.0,320.0,192.0,0.4,0.0,0.0,0.37977690175096385,0.269820031736722,0.10995687001424187,0.23290542901652928,0.269820031736722,0.0369146027201927,0.0,0.0,0.0,0.0,0.0,0.09085552037447103,0.42839685294046354,0.26171888639919333,0.0,0.0,0.0,0.3529411764705882,0.0,0.31234392104174113,0.0,0.0,0.0,2.0,algo_low_certainty_sampled,D:\בעלי תשובה\יוסף (גלעד) קרדונר\כל העולם - 02,D:\בעלי תשובה\חיים דוד סרצ'יק\היום
128.0,320.0,192.0,0.4,0.0,0.0,0.7874080873534178,0.2184054305612374,0.5690026567921804,0.7874080873534178,0.2184054305612374,0.5690026567921804,0.0,1.0,0.0,0.0,0.0,0.21615061251312936,0.22790752955295465,0.14515482312843572,0.0,0.26666666666666666,0.0,0.1333333333333333,0.0,0.4635904107885441,0.0,0.0,0.0,2.0,algo_low_certainty_sampled,D:\בעלי תשובה\המדרגות,D:\בעלי תשובה\ישי ריבו\שטח אפור
32.0,128.0,96.0,0.25,0.0,1.0,0.0,0.6596002478820621,0.6596002478820621,0.0,0.8333333333333334,0.8333333333333334,0.0,0.0,0.0,0.0,0.0,0.7130929545428918,0.24352274475614136,0.018229166666666664,0.0,0.0,0.0,0.16666666666666663,0.0,0.0,0.0,0.0,0.0,2.0,algo_low_certainty_sampled,D:\בעלי תשובה\ארז משה דורון\060 לבטל את היסורים,D:\בעלי תשובה\המושב
128.0,157.0909090909091,29.090909090909093,0.8148148148148148,0.0,0.0,0.26316833264670075,0.3433230563582517,0.08015472371155097,0.26316833264670075,0.2387152837785005,0.024453048868200267,0.0,0.0,0.0,0.0,0.0,0.0,0.0,0.0,0.0,0.0,0.0,0.0,0.0,0.0,0.0,0.0,0.0,2.0,algo_no_comparison_result_sampled,D:\בעלי תשובה\ירמיהו\כנגן המנגן,D:\בעלי תשובה\מאיר בנאי\לך אלי
32.0,128.0,96.0,0.25,1.0,1.0,0.0,0.30459474003409925,0.30459474003409925,0.0,0.30459474003409925,0.30459474003409925,0.0,0.0,0.0,0.0,0.0,0.5572552599766787,0.3478309516570386,0.0,0.0,0.0,0.0,0.25,0.0,0.0,0.0,0.0,0.0,2.0,algo_low_certainty_sampled,D:\בעלי תשובה\ארז משה דורון\036 חנוכה,D:\בעלי תשובה\אשר אלפסי\אתה הכל
32.0,32.0,0.0,1.0,1.0,1.0,0.0,0.0,0.0,1.0,0.0,1.0,0.0,0.0,0.0,0.0,0.0,0.5414025149287744,0.6666666666666667,0.11363636363636362,0.0,0.0,0.0,0.5,0.0,0.23362283654145966,0.0,1.0,1.0,2.0,algo_low_certainty_sampled,D:\בעלי תשובה\ארז משה דורון\000[096] סוד הויתור,D:\בעלי תשובה\ארז משה דורון\000[074] שלום
128.0,32.0,96.0,0.25,1.0,1.0,0.306539294039294,0.0,0.306539294039294,0.306539294039294,0.0,0.306539294039294,0.0,0.0,0.0,0.0,0.0,0.654531386118774,0.42925942306747256,0.0,0.0,0.0,0.0,0.3571428571428571,0.0,0.0,0.0,0.0,0.0,2.0,algo_low_certainty_sampled,D:\בעלי תשובה\בהרוז אהרוני\שירת השבים,D:\בעלי תשובה\ארז משה דורון\063 מנהיגות יהודית
128.0,128.0,0.0,1.0,0.0,0.0,0.4601311768377076,0.24746292294408634,0.21266825389362126,0.4601311768377076,0.24746292294408634,0.21266825389362126,0.0,0.0,0.0,0.0,0.0,0.5426335926814474,0.40827706148664594,0.25531696073279364,0.0,0.0,0.0,0.17391304347826086,0.0,0.2703282870256809,0.0,0.0,0.0,2.0,algo_low_certainty_sampled,D:\בעלי תשובה\יונתן,D:\בעלי תשובה\עדי רן\עדי רן והגיטרה - 2
32.0,32.0,0.0,1.0,1.0,1.0,0.0,0.0,0.0,0.0,0.0,0.0,0.0,0.0,0.0,0.0,0.0,0.9636872915955108,0.7142857142857143,0.33333333333333337,0.0,0.0,0.0,0.33333333333333337,0.0,0.9636871357069225,0.0,1.0,1.0,2.0,algo_low_certainty_sampled,D:\בעלי תשובה\ארז משה דורון\000[074] שלום,D:\בעלי תשובה\ארז משה דורון\003 שמחה מתוך צער
128.0,128.0,0.0,1.0,0.0,0.0,0.27700884219937516,0.23306579697939106,0.0439430452199841,0.27700884219937516,0.23306579697939106,0.0439430452199841,0.0,0.0,0.0,0.0,0.0,0.0,0.0,0.0,0.0,0.0,0.0,0.0,0.0,0.0,0.0,0.0,0.0,2.0,algo_no_comparison_result_sampled,D:\בעלי תשובה\עדי רן\עדי רן והגיטרה - 1,D:\בעלי תשובה\אודי אולמן\אודי - 3
32.0,153.6,121.6,0.20833333333333334,1.0,1.0,0.0,0.7400588508887702,0.7400588508887702,0.0,0.7400588508887702,0.7400588508887702,0.0,0.0,0.0,0.0,0.0,0.5925359240389796,0.15516708381482905,0.010079529192889833,0.0,0.0,0.0,0.25,0.0,0.0,0.0,0.0,0.0,2.0,algo_low_certainty_sampled,D:\בעלי תשובה\ארז משה דורון\014 אין שום יאוש בעולם כלל,D:\בעלי תשובה\אבולוף
96.0,128.0,32.0,0.75,0.0,0.0,0.22190442340597138,0.25256305214732394,0.030658628741352556,0.22190442340597138,0.25256305214732394,0.030658628741352556,0.0,0.0,0.0,0.0,0.0,0.5123117281204203,0.46202435187533364,0.21994042189694363,0.0,0.0,0.0,0.17142857142857137,0.0,0.24321672650518403,0.0,1.0,1.0,2.0,algo_low_certainty_sampled,D:\בעלי תשובה\קול אחי\הללו,D:\בעלי תשובה\יערות דבש-יצחק אזולאי\יערות דבש השיר והשבחלחי העולמים
32.0,32.0,0.0,1.0,1.0,1.0,0.0,0.0,0.0,0.0,0.0,0.0,0.0,0.0,0.0,0.0,0.0,0.514389147472439,0.6666666666666667,0.2857142857142857,0.0,0.0,0.0,0.42105263157894735,0.0,0.13008541751991076,0.0,1.0,1.0,2.0,algo_low_certainty_sampled,D:\בעלי תשובה\ארז משה דורון\013 צא אל השדות,D:\בעלי תשובה\ארז משה דורון\052 אין כל חדש תחת השמש
128.0,160.0,32.0,0.8,0.0,0.0,0.6387530961627489,0.2150137524440931,0.4237393437186558,0.2787580723284634,0.18847562874257065,0.09028244358589274,0.0,0.0,0.0,0.0,0.0,0.0,0.0,0.0,0.0,0.0,0.0,0.0,0.0,0.0,0.0,0.0,0.0,2.0,algo_no_comparison_result_sampled,D:\בעלי תשובה\ישראל דגן\עדיין יש תקווה,D:\בעלי תשובה\ברק כהן\ברק כהן עם דובי גינז\עונג
128.0,128.0,0.0,1.0,0.0,0.0,0.4028413437474495,0.40582510542562483,0.002983761678175323,0.2725157489002033,0.2226164249693661,0.04989932393083721,0.0,0.0,0.0,0.0,0.0,0.0,0.0,0.0,0.0,0.0,0.0,0.0,0.0,0.0,0.0,0.0,0.0,2.0,algo_no_comparison_result_sampled,D:\בעלי תשובה\מאיר בנאי\שמע קולי,D:\בעלי תשובה\יוסף (גלעד) קרדונר\סימנים בדרך - 01
128.0,128.0,0.0,1.0,0.0,0.0,0.2727991566036579,0.264503876615915,0.008295279987742876,0.27455635043139537,1.0,0.7254436495686046,0.0,0.0,0.0,0.0,0.0,0.7079765697864921,0.4570443623486987,0.0479576883384933,0.0,0.0,0.0,0.3076923076923077,0.0,0.4935447690566653,0.0,1.0,1.0,2.0,algo_low_certainty_sampled,D:\בעלי תשובה\ישעיה חסיד\אחד,D:\בעלי תשובה\אסף נגל\אדיר במרום
128.0,320.0,192.0,0.4,0.0,0.0,0.5556271404987482,0.20824731826827425,0.3473798222304739,0.309324224284178,1.0,0.690675775715822,0.0,0.0,0.0,0.0,0.0,0.0,0.0,0.0,0.0,0.0,0.0,0.0,0.0,0.0,0.0,0.0,0.0,2.0,algo_no_comparison_result_sampled,D:\בעלי תשובה\הזמיר\נוסע לאומן,D:\בעלי תשובה\שולי רנד\שולי רנד בקיסריה 1
32.0,32.0,0.0,1.0,1.0,1.0,0.0,0.0,0.0,0.0,0.0,0.0,0.0,0.0,0.0,0.0,0.0,0.655506608410447,0.7142857142857143,0.3333333333333334,0.0,0.0,0.0,0.30434782608695654,0.0,0.4036656860534171,0.0,1.0,1.0,2.0,algo_low_certainty_sampled,D:\בעלי תשובה\ארז משה דורון\000[022] איך זוכים לחיות באמת,D:\בעלי תשובה\ארז משה דורון\017 מדטציה יהודית
128.0,128.0,0.0,1.0,0.0,0.0,0.2859762415131112,0.6847330038265858,0.39875676231347457,1.0,0.22257521613042763,0.7774247838695724,1.0,0.0,0.0,0.0,0.0,0.0,0.0,0.0,0.0,0.0,0.0,0.0,0.0,0.0,0.0,0.0,0.0,2.0,algo_no_comparison_result_sampled,D:\בעלי תשובה\עדי רן\התבוננות,D:\בעלי תשובה\אורן ארנון\עלי באר
128.0,160.0,32.0,0.8,1.0,1.0,0.3462975584756755,0.22423017210857654,0.12206738636709896,0.3462975584756755,0.22423017210857654,0.12206738636709896,0.0,0.0,0.0,0.0,0.0,0.4102865316961693,0.408438446975958,0.2337876394941612,0.0,0.0,0.0,0.2666666666666667,0.0,0.3230494028189049,0.0,1.0,1.0,2.0,algo_low_certainty_sampled,D:\בעלי תשובה\ישראל דגן\נפשי החזקה,D:\בעלי תשובה\מים 1
128.0,128.0,0.0,1.0,0.0,0.0,0.40024241465807686,0.25256305214732394,0.14767936251075292,0.29184619831127967,0.25256305214732394,0.03928314616395573,0.0,0.0,0.0,0.0,0.0,0.6418082407708027,0.3985062916150467,0.2471499659869779,0.0,0.0,0.0,0.37735849056603776,0.0,0.39565276806093413,0.0,0.0,0.0,2.0,algo_low_certainty_sampled,D:\בעלי תשובה\אלטרנטיבי\להקת המדרגות-בפתח הדלת,D:\בעלי תשובה\יערות דבש-יצחק אזולאי\יערות דבש השיר והשבחלחי העולמים
128.0,128.0,0.0,1.0,0.0,0.0,0.2873753124937582,0.7874080873534178,0.5000327748596596,0.2873753124937582,0.7874080873534178,0.5000327748596596,0.0,0.0,0.0,0.0,0.0,0.5178005511355342,0.24067167732832948,0.1657318187593205,0.0,0.19999999999999993,0.0,0.3529411764705882,0.0,0.2727281392276911,0.0,1.0,1.0,2.0,algo_low_certainty_sampled,D:\בעלי תשובה\אברהם אבוטבול\בית הקדושה,D:\בעלי תשובה\המדרגות
128.0,128.0,0.0,1.0,0.0,1.0,0.3569665526970235,1.0,0.6430334473029765,0.2755814301892734,1.0,0.7244185698107266,0.0,0.0,0.0,0.0,0.0,0.6232229781172717,0.18026504529952808,0.048946959473275264,0.0,0.0,0.0,0.2857142857142857,0.0,0.32553394734822344,0.0,0.9,2.0,2.0,algo_low_certainty_sampled,D:\בעלי תשובה\יהודה גלאנץ\פיונרו,D:\בעלי תשובה\ברלינגר\משה לוי והלויים
32.0,128.0,96.0,0.25,1.0,1.0,0.0,0.3101754385964912,0.3101754385964912,0.0,0.3101754385964912,0.3101754385964912,0.0,0.0,0.0,0.0,0.0,0.6954806049392052,0.37520128824476656,0.0,0.0,0.0,0.0,0.19999999999999996,0.0,0.0,0.0,0.0,0.0,2.0,algo_low_certainty_sampled,D:\בעלי תשובה\ארז משה דורון\030 הגשמה עצמית,D:\בעלי תשובה\יהודה גלאנץ\הופעה
192.0,128.0,64.0,0.6666666666666666,1.0,0.0,0.3602569865901291,1.0,0.6397430134098709,0.20396713382961987,0.2601616418210846,0.05619450799146472,1.0,0.0,0.0,0.0,0.0,0.0,0.0,0.0,0.0,0.0,0.0,0.0,0.0,0.0,0.0,0.0,0.0,2.0,algo_no_comparison_result_sampled,D:\בעלי תשובה\שולי רנד\הופעה בקיסריה\שולי רנד - בקיסריה\דיסק 2,D:\בעלי תשובה\נקודה טובה
128.0,192.0,64.0,0.6666666666666666,0.0,0.0,0.22711722683296007,0.3602569865901291,0.13313975975716905,0.22711722683296007,0.20396713382961987,0.0231500930033402,0.0,1.0,0.0,0.0,0.0,0.0,0.0,0.0,0.0,0.0,0.0,0.0,0.0,0.0,0.0,0.0,0.0,2.0,algo_no_comparison_result_sampled,D:\בעלי תשובה\יניב\קומי אורי,D:\בעלי תשובה\שולי רנד\הופעה בקיסריה\שולי רנד - בקיסריה\דיסק 2
128.0,128.0,0.0,1.0,0.0,0.0,0.2941560623287137,0.6202184291388099,0.32606236681009615,0.0,0.27770914861101964,0.27770914861101964,0.0,0.0,0.0,0.0,0.0,0.6889069928292171,0.40761692696909807,0.0,0.0,0.0,0.0,0.25,0.0,0.5452037079301408,0.0,0.0,0.0,2.0,algo_low_certainty_sampled,D:\בעלי תשובה\עדי רן\אל תכה בסלע,D:\בעלי תשובה\אחיה רובין\ונזכה
48.0,128.0,80.0,0.375,0.0,0.0,0.3657312505730815,0.6387530961627489,0.2730218455896674,0.1783519691265463,0.2787580723284634,0.10040610320191709,0.0,0.0,0.0,0.0,0.0,0.11333782895512881,0.4836891177105381,0.19826823819233688,0.0,0.0,0.0,0.38888888888888884,0.0,0.32198413171940327,0.0,1.0,2.0,2.0,algo_low_certainty_sampled,D:\בעלי תשובה\עמיר בניון\עמיר בניון - עומד בשער,D:\בעלי תשובה\ישראל דגן\עדיין יש תקווה
128.0,128.0,0.0,1.0,0.0,0.0,0.21116393582337853,0.3462975584756755,0.13513362265229698,0.21116393582337853,0.3462975584756755,0.13513362265229698,0.0,0.0,0.0,0.0,0.0,0.6115114474662098,0.5587131583905778,0.1991670059691632,0.0,0.0,0.0,0.21052631578947367,0.0,0.42162442269408357,0.0,1.0,1.0,2.0,algo_low_certainty_sampled,D:\בעלי תשובה\סנדי שמואלי\בעזרת השם,D:\בעלי תשובה\ישראל דגן\נפשי החזקה
32.0,32.0,0.0,1.0,1.0,1.0,0.0,0.0,0.0,0.0,0.0,0.0,0.0,0.0,0.0,0.0,0.0,0.6402774576988787,0.6666666666666667,0.2857142857142857,0.0,0.0,0.0,0.3076923076923077,0.0,0.5635312379653046,0.0,1.0,1.0,2.0,algo_low_certainty_sampled,D:\בעלי תשובה\ארז משה דורון\053 להשתנות,D:\בעלי תשובה\ארז משה דורון\028 חינוך ילדים
128.0,128.0,0.0,1.0,0.0,0.0,1.0,0.2873753124937582,0.7126246875062419,1.0,0.2873753124937582,0.7126246875062419,1.0,0.0,0.0,0.0,0.0,0.0,0.0,0.0,0.0,0.0,0.0,0.0,0.0,0.0,0.0,0.0,0.0,2.0,algo_no_comparison_result_sampled,D:\בעלי תשובה\יצחק מאיר\נשמות חדשות\חלק 2,D:\בעלי תשובה\אברהם אבוטבול\בית הקדושה
320.0,32.0,288.0,0.1,1.0,1.0,0.21379310344827585,0.0,0.21379310344827585,0.21379310344827585,0.0,0.21379310344827585,0.0,0.0,0.0,0.0,0.0,0.2503980030442823,0.3505026455026455,0.0,0.0,0.0,0.0,0.15384615384615385,0.0,0.0,0.0,0.0,0.0,2.0,algo_low_certainty_sampled,D:\בעלי תשובה\בנגי רפאל\משיח,D:\בעלי תשובה\ארז משה דורון\061 אמת לרחק ואמת לקרב
32.0,320.0,288.0,0.1,1.0,1.0,0.0,0.21379310344827585,0.21379310344827585,0.0,0.21379310344827585,0.21379310344827585,0.0,0.0,0.0,0.0,0.0,0.27000889034702447,0.3505026455026455,0.0,0.0,0.0,0.0,0.125,0.0,0.0,0.0,0.0,0.0,2.0,algo_low_certainty_sampled,D:\בעלי תשובה\ארז משה דורון\037 ליל הסדר,D:\בעלי תשובה\בנגי רפאל\משיח
128.0,128.0,0.0,1.0,0.0,0.0,1.0,0.6499881692003374,0.3500118307996626,1.0,0.6499881692003374,0.3500118307996626,0.0,0.0,0.0,0.0,0.0,0.2781963889291641,0.18919515669515669,0.13344851648505673,0.0,0.3076923076923077,0.0,0.18181818181818177,0.0,0.0,0.0,1.0,1.0,2.0,algo_low_certainty_sampled,D:\בעלי תשובה\יחיא אזולאי,D:\בעלי תשובה\ישראל דגן\לכבוד רשב'י
128.0,96.0,32.0,0.75,0.0,0.0,0.21116393582337853,0.24974139732911663,0.0385774615057381,0.21116393582337853,0.24974139732911663,0.0385774615057381,0.0,0.0,0.0,0.0,0.0,0.0,0.0,0.0,0.0,0.0,0.0,0.0,0.0,0.0,0.0,0.0,0.0,2.0,algo_no_comparison_result_sampled,D:\בעלי תשובה\סנדי שמואלי\בעזרת השם,D:\בעלי תשובה\קול אחי\השקיפה
320.0,128.0,192.0,0.4,0.0,0.0,0.269820031736722,0.2000802777784875,0.06973975395823448,0.269820031736722,0.0,0.269820031736722,0.0,0.0,0.0,0.0,0.0,0.20878720063377382,0.5420062590023065,0.0,0.0,0.0,0.0,0.16666666666666663,0.0,0.47589819903504743,0.0,0.0,0.0,2.0,algo_low_certainty_sampled,D:\בעלי תשובה\חיים דוד סרצ'יק\היום,D:\בעלי תשובה\אודי אולמן\דברי שיר
128.0,128.0,0.0,1.0,0.0,0.0,0.2859762415131112,0.2727991566036579,0.013177084909453296,1.0,0.27455635043139537,0.7254436495686046,1.0,0.0,0.0,0.0,0.0,0.6588629069008672,0.43027498222985044,0.12225017199862402,0.0,0.0,0.0,0.0,0.0,0.4048218291607776,0.0,1.0,1.0,2.0,algo_low_certainty_sampled,D:\בעלי תשובה\עדי רן\התבוננות,D:\בעלי תשובה\ישעיה חסיד\אחד
32.0,32.0,0.0,1.0,1.0,1.0,0.0,0.0,0.0,0.0,0.0,0.0,0.0,0.0,0.0,0.0,0.0,0.6370843412722489,0.6666666666666667,0.2857142857142857,0.0,0.0,0.0,0.40816326530612246,0.0,0.4785085638608061,0.0,1.0,1.0,2.0,algo_low_certainty_sampled,D:\בעלי תשובה\ארז משה דורון\052 אין כל חדש תחת השמש,D:\בעלי תשובה\ארז משה דורון\014 אין שום יאוש בעולם כלל
128.0,160.0,32.0,0.8,0.0,0.0,0.5556271404987482,0.2726881529823451,0.28293898751640306,0.309324224284178,0.27311707713779837,0.036207147146379626,0.0,0.0,0.0,0.0,0.0,0.3506598684614421,0.3701358794317102,0.30226504290496964,0.0,0.0,0.0,0.25,0.0,0.25042514988403203,0.0,1.0,1.0,2.0,algo_low_certainty_sampled,D:\בעלי תשובה\הזמיר\נוסע לאומן,D:\בעלי תשובה\שמעונה
32.0,128.0,96.0,0.25,0.0,1.0,0.0,1.0,1.0,0.0,1.0,1.0,0.0,0.0,0.0,0.0,0.0,0.37432983327697744,0.1328125,0.010416666666666671,0.0,0.0,0.0,0.2142857142857143,0.0,0.0,0.0,0.0,0.0,2.0,algo_low_certainty_sampled,D:\בעלי תשובה\ארז משה דורון\003 שמחה מתוך צער,D:\בעלי תשובה\יחיא אזולאי
128.0,128.0,0.0,1.0,1.0,1.0,1.0,0.2499528889962427,0.7500471110037573,0.0,0.2499528889962427,0.2499528889962427,0.0,0.0,0.0,0.0,0.0,0.5400758851418643,0.18466964645095577,0.0,0.0,0.0,0.0,0.0,0.0,0.2105468671337103,0.0,1.0,1.0,2.0,algo_low_certainty_sampled,D:\בעלי תשובה\חיים דוד סרצ'יק\למעו שמו,D:\בעלי תשובה\דני
128.0,128.0,0.0,1.0,0.0,0.0,0.264503876615915,0.21116393582337853,0.05333994079253648,1.0,0.21116393582337853,0.7888360641766214,0.0,0.0,0.0,0.0,0.0,0.0,0.0,0.0,0.0,0.0,0.0,0.0,0.0,0.0,0.0,0.0,0.0,2.0,algo_no_comparison_result_sampled,D:\בעלי תשובה\אסף נגל\אדיר במרום,D:\בעלי תשובה\סנדי שמואלי\בעזרת השם
128.0,128.0,0.0,1.0,0.0,0.0,0.6202184291388099,1.0,0.37978157086119013,0.27770914861101964,0.0,0.27770914861101964,0.0,0.0,0.0,0.0,0.0,0.6823464209056569,0.16449315857210595,0.0,0.0,0.0,0.0,0.15384615384615385,0.0,0.40908011079778916,0.0,0.55,1.0,2.0,algo_low_certainty_sampled,D:\בעלי תשובה\אחיה רובין\ונזכה,D:\בעלי תשובה\חיים דוד סרצ'יק\למעו שמו
128.0,128.0,0.0,1.0,0.0,0.0,0.2330104184381377,0.2873753124937582,0.054364894055620505,0.18359844124657437,0.2873753124937582,0.10377687124718382,0.0,0.0,0.0,0.0,0.0,0.34121241993565926,0.4441288154451128,0.22779674078093895,0.0,0.03305785123966942,0.0,0.2857142857142857,0.0,0.15833590998018912,0.0,1.0,1.0,2.0,algo_low_certainty_sampled,D:\בעלי תשובה\יוסף קרדונר\סימנים בדרך,D:\בעלי תשובה\אברהם אבוטבול\בית הקדושה
128.0,128.0,0.0,1.0,0.0,0.0,1.0,0.2330104184381377,0.7669895815618624,1.0,0.18359844124657437,0.8164015587534257,1.0,0.0,0.0,0.0,0.0,0.47862439835857823,0.2131340657656911,0.08576090576090577,0.0,0.0,0.0,0.125,0.0,0.2819172739837055,0.0,1.0,1.0,2.0,algo_low_certainty_sampled,D:\בעלי תשובה\יצחק מאיר\נשמות חדשות\חלק 2,D:\בעלי תשובה\יוסף קרדונר\סימנים בדרך
128.0,128.0,0.0,1.0,1.0,1.0,0.27114163132912755,1.0,0.7288583686708725,0.27114163132912755,0.0,0.27114163132912755,0.0,0.0,0.0,0.0,0.0,0.5576976907353007,0.20739253422526893,0.0,0.0,0.0,0.0,0.1428571428571429,0.0,0.3360598820996969,0.0,1.0,1.0,2.0,algo_low_certainty_sampled,D:\בעלי תשובה\דב אינדיג\בת קול,D:\בעלי תשובה\חיים דוד סרצ'יק\מצור דבש
128.0,128.0,0.0,1.0,0.0,0.0,1.0,0.6202184291388099,0.37978157086119013,1.0,0.27770914861101964,0.7222908513889803,0.0,0.0,0.0,0.0,0.0,0.6855189046976624,0.21057242065378,0.0550949838364026,0.0,0.3199999999999999,0.0,0.19999999999999996,0.0,0.347977883814836,0.0,1.0,1.0,2.0,algo_low_certainty_sampled,D:\בעלי תשובה\ברלינגר\משה לוי והלויים,D:\בעלי תשובה\אחיה רובין\ונזכה
48.0,128.0,80.0,0.375,0.0,0.0,0.3657312505730815,0.2859762415131112,0.0797550090599703,0.1783519691265463,1.0,0.8216480308734537,0.0,1.0,0.0,0.0,0.0,0.10394207454615456,0.3869259866450373,0.09972582972582972,0.0,0.0,0.0,0.19999999999999996,0.0,0.4045294605473878,0.0,0.55,1.0,2.0,algo_low_certainty_sampled,D:\בעלי תשובה\עמיר בניון\עמיר בניון - עומד בשער,D:\בעלי תשובה\עדי רן\התבוננות
160.0,128.0,32.0,0.8,0.0,0.0,0.27238638174643265,1.0,0.7276136182535673,0.0,0.0,0.0,0.0,0.0,0.0,0.0,0.0,0.7119871076218613,0.20183313267295472,0.0,0.0,0.0,0.0,0.1333333333333333,0.0,0.22741271541996227,0.0,0.0,0.0,2.0,algo_low_certainty_sampled,D:\בעלי תשובה\אהרון רזאל\אהרן רזאל - זמן הגאולה,D:\בעלי תשובה\חיים דוד סרצ'יק\מצור דבש
96.0,320.0,224.0,0.3,0.0,0.0,0.7141580422083057,0.416959409862627,0.2971986323456787,0.26794241943258684,0.31644553061421565,0.04850311118162881,0.0,1.0,0.0,0.0,0.0,0.0,0.0,0.0,0.0,0.0,0.0,0.0,0.0,0.0,0.0,0.0,0.0,2.0,algo_no_comparison_result_sampled,D:\בעלי תשובה\אודי אולמן\אגודה אחת,D:\בעלי תשובה\עמיר בניון\עמיר בניון שירי ארץ אהבה\עמיר בניון - שירי ארץ-אהבה
128.0,128.0,0.0,1.0,1.0,1.0,0.2026569618223385,1.0,0.7973430381776615,0.2026569618223385,1.0,0.7973430381776615,0.0,0.0,0.0,0.0,0.0,0.4955430965422782,0.15394628353857745,0.027295580604759357,0.0,0.0,0.0,0.1428571428571429,0.0,0.24122175502214965,0.0,1.0,1.0,2.0,algo_low_certainty_sampled,D:\בעלי תשובה\להבה,D:\בעלי תשובה\ברק כהן\כי לא ינום
128.0,128.0,0.0,1.0,0.0,0.0,0.314852760634035,0.41342995655720544,0.09857719592317044,0.19920827968857835,0.351482127623708,0.15227384793512966,0.0,0.0,0.0,0.0,0.0,0.0,0.0,0.0,0.0,0.0,0.0,0.0,0.0,0.0,0.0,0.0,0.0,2.0,algo_no_comparison_result_sampled,D:\בעלי תשובה\קן ברג'ס\קן ברג'ס-בנה מלכותו,D:\בעלי תשובה\ישראל דגן\גדולתינו ותיפארתינו
160.0,128.0,32.0,0.8,0.0,1.0,0.27238638174643265,0.2330104184381377,0.03937596330829496,0.27238638174643265,0.18359844124657437,0.08878794049985828,0.0,0.0,0.0,0.0,0.0,0.40295782830540183,0.47796936380008487,0.22775796975461846,0.0,0.0,0.0,0.19047619047619047,0.0,0.15025088638897266,0.0,1.0,1.0,2.0,algo_low_certainty_sampled,D:\בעלי תשובה\אהרון רזאל\זמן הגאולה,D:\בעלי תשובה\יוסף קרדונר\סימנים בדרך
128.0,192.0,64.0,0.6666666666666666,0.0,0.0,0.4063265208397102,0.260760428742324,0.1455660920973862,0.25247161105728266,0.260760428742324,0.00828881768504136,0.0,1.0,0.0,0.0,0.0,0.41480816866922504,0.43624570752785113,0.31524426009720125,0.0,0.0,0.0,0.19999999999999996,0.0,0.7262771718530785,0.0,1.0,1.0,2.0,algo_low_certainty_sampled,D:\בעלי תשובה\ישראל זינגר\ריקוד המלאכים,D:\בעלי תשובה\יצחק פוקס\ממעמקים יצחק פוקס
128.0,128.0,0.0,1.0,0.0,0.0,0.22718027545586006,0.8333333333333334,0.6061530578774733,0.22718027545586006,0.23579977126416757,0.008619495808307509,1.0,0.0,0.0,0.0,0.0,0.0,0.0,0.0,0.0,0.0,0.0,0.0,0.0,0.0,0.0,0.0,0.0,2.0,algo_no_comparison_result_sampled,D:\בעלי תשובה\יונתן רזאל\יונתן רזאל - בין הצלילים,D:\בעלי תשובה\אודי דוידי\אודי דודי 2\no title
128.0,160.0,32.0,0.8,0.0,0.0,0.2809753868055855,0.3707724849592341,0.08979709815364861,0.2555969699945765,0.3707724849592341,0.11517551496465761,0.0,0.0,0.0,0.0,0.0,0.5281215991364547,0.41122355706297137,0.23002570933006822,0.0,0.022727272727272728,0.0,0.25,0.0,0.34134766661883975,0.0,1.0,1.0,2.0,algo_low_certainty_sampled,D:\בעלי תשובה\יוסף קרדונר\בחירה,D:\בעלי תשובה\תיקון הכללי
128.0,160.0,32.0,0.8,0.0,1.0,1.0,0.2360348106993184,0.7639651893006816,0.0,0.2360348106993184,0.2360348106993184,0.0,0.0,0.0,0.0,0.0,0.6127074344922968,0.23686100213737132,0.0,0.0,0.0,0.0,0.3125,0.0,0.5755156172895531,0.0,0.0,0.0,2.0,algo_low_certainty_sampled,D:\בעלי תשובה\אליך-יריב גולדמן,D:\בעלי תשובה\שירים שאלעזר אהב
32.0,32.0,0.0,1.0,1.0,1.0,0.0,0.0,0.0,0.0,0.0,0.0,0.0,0.0,0.0,0.0,0.0,0.8915425129450159,0.75,0.5,0.0,0.0,0.0,0.1875,0.0,0.8,0.0,1.0,1.0,2.0,algo_low_certainty_sampled,D:\בעלי תשובה\ארז משה דורון\038 לשלוט על המלאכים,D:\בעלי תשובה\ארז משה דורון\000[066] כסף
128.0,128.0,0.0,1.0,0.0,0.0,0.7874080873534178,0.4261133624252772,0.36129472492814063,0.7874080873534178,0.4261133624252772,0.36129472492814063,0.0,0.0,0.0,0.0,0.0,0.6228860666307575,0.258488888600101,0.17887660092886282,0.0,0.24000000000000005,0.0,0.11764705882352944,0.0,0.41481227073719507,0.0,0.0,0.0,2.0,algo_low_certainty_sampled,D:\בעלי תשובה\המדרגות,D:\בעלי תשובה\יוסף (גלעד) קרדונר\בחירה - 03
128.0,320.0,192.0,0.4,0.0,0.0,0.6596002478820621,0.22554713804713802,0.43405310983492407,0.8333333333333334,0.22554713804713802,0.6077861952861954,0.0,1.0,0.0,0.0,0.0,0.2430967689331764,0.4374028749028749,0.10965277777777777,0.0,0.29367895545314904,0.0,0.09090909090909094,0.0,0.42430241577843125,0.0,1.0,1.0,2.0,algo_low_certainty_sampled,D:\בעלי תשובה\המושב,D:\בעלי תשובה\יצחק מאיר\סיום השס מפעלות הציונות הדתית עם יצחק מאיר UP FOR DOSSINET.ME\סיום השס מפעלות הציונות הדתית עם יצחק מאיר UP FOR DOSSINET.ME
32.0,32.0,0.0,1.0,1.0,1.0,0.0,0.0,0.0,0.0,0.0,0.0,0.0,0.0,0.0,0.0,0.0,0.6433193294986498,0.6666666666666667,0.2857142857142857,0.0,0.0,0.0,0.3703703703703704,0.0,0.5638979195924416,0.0,1.0,1.0,2.0,algo_low_certainty_sampled,D:\בעלי תשובה\ארז משה דורון\037 ליל הסדר,D:\בעלי תשובה\ארז משה דורון\028 חינוך ילדים
320.0,32.0,288.0,0.1,0.0,0.0,0.4266569804539248,0.0,0.4266569804539248,0.4266569804539248,0.0,0.4266569804539248,0.0,0.0,0.0,0.0,0.0,0.15108299241142897,0.3365713615141533,0.0,0.0,0.0,0.0,0.34285714285714286,0.0,0.1236650682410914,0.0,0.0,0.0,2.0,algo_low_certainty_sampled,D:\בעלי תשובה\עמיר בניון\עמיר בניון - המקלט,D:\בעלי תשובה\ארז משה דורון\007 המסיבה הגדולה
128.0,128.0,0.0,1.0,0.0,0.0,0.4601311768377076,0.5556271404987482,0.09549596366104057,0.4601311768377076,0.309324224284178,0.1508069525535296,0.0,0.0,0.0,0.0,0.0,0.4588126091572687,0.38667237274471417,0.32541039529920446,0.0,0.0,0.0,0.2666666666666667,0.0,0.2030270701365354,0.0,1.0,1.0,2.0,algo_low_certainty_sampled,D:\בעלי תשובה\יונתן,D:\בעלי תשובה\הזמיר\נוסע לאומן
128.0,192.0,64.0,0.6666666666666666,0.0,0.0,0.5556271404987482,0.260760428742324,0.29486671175642415,0.309324224284178,0.260760428742324,0.04856379554185397,0.0,1.0,0.0,0.0,0.0,0.0,0.0,0.0,0.0,0.0,0.0,0.0,0.0,0.0,0.0,0.0,0.0,2.0,algo_no_comparison_result_sampled,D:\בעלי תשובה\הזמיר\נוסע לאומן,D:\בעלי תשובה\יצחק פוקס\ממעמקים יצחק פוקס
160.0,128.0,32.0,0.8,0.0,0.0,0.27238638174643265,0.4261133624252772,0.15372698067884455,0.0,0.4261133624252772,0.4261133624252772,0.0,0.0,0.0,0.0,0.0,0.0,0.0,0.0,0.0,0.0,0.0,0.0,0.0,0.0,0.0,0.0,0.0,2.0,algo_no_comparison_result_sampled,D:\בעלי תשובה\אהרון רזאל\אהרן רזאל - זמן הגאולה,D:\בעלי תשובה\יוסף (גלעד) קרדונר\בחירה - 03
128.0,96.0,32.0,0.75,1.0,1.0,0.41880170358742175,0.29735679447955665,0.1214449091078651,0.41880170358742175,0.29735679447955665,0.1214449091078651,0.0,0.0,0.0,0.0,0.0,0.47762591055016645,0.4357330536640881,0.23229776962013945,0.0,0.0,0.0,0.30000000000000004,0.0,0.389232186333305,0.0,1.0,1.0,2.0,algo_low_certainty_sampled,D:\בעלי תשובה\ישראל דגן\סמכו על כוחי,D:\בעלי תשובה\גד ליאור
160.0,320.0,160.0,0.5,0.0,0.0,0.21497468337814524,0.4637226853878569,0.24874800200971164,0.21497468337814524,0.4626829626472544,0.24770827926910916,0.0,0.0,0.0,0.0,0.0,0.1863103493185744,0.3735112631561252,0.24959958370635837,0.0,0.0,0.0,0.25,0.0,0.3129663928762967,0.0,0.0,0.0,2.0,algo_low_certainty_sampled,D:\בעלי תשובה\מים 2,D:\בעלי תשובה\יאיר כלב\עצם הנשמה 3
128.0,32.0,96.0,0.25,0.0,1.0,1.0,0.0,1.0,1.0,0.0,1.0,0.0,0.0,0.0,0.0,0.0,0.2629413925182693,0.22999999999999998,0.04999999999999999,0.0,0.0,0.0,0.2727272727272727,0.0,0.2,0.0,0.0,0.0,2.0,algo_low_certainty_sampled,D:\בעלי תשובה\רונן  חזיזה\שמחה של מצווה,D:\בעלי תשובה\ארז משה דורון\036 חנוכה
128.0,128.0,0.0,1.0,0.0,0.0,0.2859762415131112,1.0,0.7140237584868888,1.0,1.0,0.0,1.0,0.0,0.0,0.0,0.0,0.7148267534775796,0.17607217845250447,0.06624999999999999,0.0,0.0,0.0,0.23529411764705888,0.0,0.5648917232975508,0.0,1.0,1.0,2.0,algo_low_certainty_sampled,D:\בעלי תשובה\עדי רן\התבוננות,D:\בעלי תשובה\יצחק שדהו
128.0,128.0,0.0,1.0,0.0,0.0,0.29365193145651797,0.24716295043511743,0.04648898102140053,1.0,0.24716295043511743,0.7528370495648826,0.0,0.0,0.0,0.0,0.0,0.4539005451006264,0.45890373716460675,0.039040352763178854,0.0,0.0,0.0,0.34782608695652173,0.0,0.0,0.0,1.0,1.0,2.0,algo_low_certainty_sampled,D:\בעלי תשובה\ברלינגר\משה לוי - טוב\מים עמוקים-1,D:\בעלי תשובה\ישראל אזרחי\יכירו וידעו
320.0,128.0,192.0,0.4,0.0,0.0,0.416959409862627,1.0,0.583040590137373,0.31644553061421565,1.0,0.6835544693857843,1.0,0.0,0.0,0.0,0.0,0.27426337112057037,0.26755601368385995,0.10886731678779733,0.0,0.0,0.0,0.34375,0.0,0.4940597011193002,0.0,1.0,1.0,2.0,algo_low_certainty_sampled,D:\בעלי תשובה\עמיר בניון\עמיר בניון שירי ארץ אהבה\עמיר בניון - שירי ארץ-אהבה,D:\בעלי תשובה\יצחק פוקס\(באנו ביחד (כדאי לבדוק אם חסר איזה שיר
192.0,128.0,64.0,0.6666666666666666,0.0,0.0,0.3067488807297329,0.3022111170984259,0.004537763631306979,0.3067488807297329,0.3022111170984259,0.004537763631306979,1.0,0.0,0.0,0.0,0.0,0.15340436845325717,0.4807053512281543,0.22708973140348362,0.0,0.07086186540731995,0.0,0.2857142857142857,0.0,0.08550382085498531,0.0,1.0,1.0,2.0,algo_low_certainty_sampled,D:\בעלי תשובה\אהרון רזאל\אהרן רזאל - קבעתי את מושבי\אהרן רזאל - קבעתי את מושבי,D:\בעלי תשובה\ישראל דגן\דגן חתונות\משה אטיאס
128.0,128.0,0.0,1.0,0.0,1.0,0.7599515654402101,0.675501164221651,0.08445040121855918,0.9852941176470589,0.675501164221651,0.3097929534254079,0.0,0.0,0.0,0.0,0.0,0.09124007727944082,0.230439199457627,0.11493096697744909,0.0,0.0,0.0,0.11764705882352944,0.0,0.0,0.0,1.0,1.0,2.0,algo_low_certainty_sampled,D:\בעלי תשובה\ישראל דגן\מחרוזות,D:\בעלי תשובה\ניסים גרמה
128.0,166.4,38.400000000000006,0.7692307692307692,0.0,0.0,0.2889764430020933,0.2594066150567698,0.02956982794532348,0.2889764430020933,0.2594066150567698,0.02956982794532348,0.0,1.0,0.0,0.0,0.0,0.5144901889640174,0.45127692568869043,0.2157155941753465,0.0,0.0,0.0,0.2142857142857143,0.0,0.4673640075397308,0.0,1.0,1.0,2.0,algo_low_certainty_sampled,D:\בעלי תשובה\דני גולן\דני גולן והחברים\לב טהור,D:\בעלי תשובה\עדי רן\עדי רן - גלגל של הצלה
128.0,98.9090909090909,29.090909090909093,0.7727272727272727,0.0,0.0,1.0,0.2270135150184752,0.7729864849815248,0.2601616418210846,0.2270135150184752,0.033148126802609396,0.0,0.0,0.0,0.0,0.0,0.4482491993708976,0.21632051519896542,0.23900862295599135,0.0,0.0,0.0,0.1428571428571429,0.0,0.2900962887011701,0.0,0.0,0.0,2.0,algo_low_certainty_sampled,D:\בעלי תשובה\נקודה טובה,D:\בעלי תשובה\יצחק פוקס\פוקס
128.0,128.0,0.0,1.0,0.0,0.0,0.26316833264670075,0.2000802777784875,0.06308805486821326,0.26316833264670075,0.0,0.26316833264670075,0.0,0.0,0.0,0.0,0.0,0.0,0.0,0.0,0.0,0.0,0.0,0.0,0.0,0.0,0.0,0.0,0.0,2.0,algo_no_comparison_result_sampled,D:\בעלי תשובה\ירמיהו\כנגן המנגן,D:\בעלי תשובה\אודי אולמן\דברי שיר
128.0,96.0,32.0,0.75,0.0,0.0,0.264503876615915,0.22190442340597138,0.04259945320994363,1.0,0.22190442340597138,0.7780955765940286,0.0,0.0,0.0,0.0,0.0,0.0,0.0,0.0,0.0,0.0,0.0,0.0,0.0,0.0,0.0,0.0,0.0,2.0,algo_no_comparison_result_sampled,D:\בעלי תשובה\אסף נגל\אדיר במרום,D:\בעלי תשובה\קול אחי\הללו
160.0,128.0,32.0,0.8,0.0,1.0,0.21497468337814524,0.7648210459606535,0.5498463625825083,0.21497468337814524,0.635970973660645,0.4209962902824998,0.0,0.0,0.0,0.0,0.0,0.5018056407217761,0.26642498682968246,0.3116637305824949,0.0,0.0,0.0,0.4,0.0,0.3038806452093751,0.0,1.0,1.0,2.0,algo_low_certainty_sampled,D:\בעלי תשובה\מים 2,D:\בעלי תשובה\הלוים
48.0,128.0,80.0,0.375,1.0,1.0,0.3657312505730815,0.2755814301892734,0.09014982038380809,0.1783519691265463,0.2755814301892734,0.09722946106272709,0.0,0.0,0.0,0.0,0.0,0.1750112294604131,0.5902959348120638,0.2172247394255508,0.0,0.0,0.0,0.0,0.0,0.47380948283556423,0.0,1.0,1.0,2.0,algo_low_certainty_sampled,D:\בעלי תשובה\עמיר בניון\עמיר בניון - עומד בשער,D:\בעלי תשובה\יהודה גלאנץ\Phinar
128.0,128.0,0.0,1.0,0.0,0.0,0.21966512044689707,0.7648210459606535,0.5451559255137564,0.29173991200759963,0.635970973660645,0.3442310616530454,0.0,0.0,0.0,0.0,0.0,0.5994970590236417,0.26413613851603607,0.3200156637681877,0.0,0.02380952380952382,0.0,0.21052631578947367,0.0,0.4421540353743769,0.0,1.0,1.0,2.0,algo_low_certainty_sampled,D:\בעלי תשובה\ישראל דגן\למען שמו באהבה,D:\בעלי תשובה\הלוים
320.0,128.0,192.0,0.4,0.0,0.0,0.2328732027030505,0.26316833264670075,0.030295129943650245,0.23477009369085064,0.26316833264670075,0.028398238955850114,0.0,0.0,0.0,0.0,0.0,0.0,0.0,0.0,0.0,0.0,0.0,0.0,0.0,0.0,0.0,0.0,0.0,2.0,algo_no_comparison_result_sampled,D:\בעלי תשובה\צמאה - אומנים שרים את ניגוני הרבי מילובביץ,D:\בעלי תשובה\ירמיהו\כנגן המנגן
123.42857142857143,128.0,4.571428571428569,0.9642857142857143,0.0,1.0,0.660156550265895,0.6364938904274454,0.023662659838449618,0.8433164511595885,0.0,0.8433164511595885,0.0,0.0,0.0,0.0,0.0,0.2094550169200151,0.4819145570646812,0.0,0.0,0.0,0.0,0.8,0.0,0.0,0.0,0.0,0.0,2.0,algo_low_certainty_sampled,D:\בעלי תשובה\ישראל דגן\דגן- הופעה חיה,D:\בעלי תשובה\עדי רן\עדי רן הופעה חיה
32.0,32.0,0.0,1.0,1.0,1.0,0.0,0.0,0.0,0.0,0.0,0.0,0.0,0.0,0.0,0.0,0.0,0.6481207897565652,0.6666666666666667,0.2857142857142857,0.0,0.0,0.0,0.2727272727272727,0.0,0.4489042724681531,0.0,1.0,1.0,2.0,algo_low_certainty_sampled,D:\בעלי תשובה\ארז משה דורון\014 אין שום יאוש בעולם כלל,D:\בעלי תשובה\ארז משה דורון\032 להמתיק את הדין
128.0,96.0,32.0,0.75,0.0,0.0,0.40024241465807686,0.24974139732911663,0.15050101732896023,0.29184619831127967,0.24974139732911663,0.04210480098216304,0.0,0.0,0.0,0.0,0.0,0.0,0.0,0.0,0.0,0.0,0.0,0.0,0.0,0.0,0.0,0.0,0.0,2.0,algo_no_comparison_result_sampled,D:\בעלי תשובה\אלטרנטיבי\להקת המדרגות-בפתח הדלת,D:\בעלי תשובה\קול אחי\השקיפה
128.0,128.0,0.0,1.0,0.0,0.0,0.6202184291388099,0.21116393582337853,0.4090544933154313,0.27770914861101964,0.21116393582337853,0.06654521278764111,0.0,0.0,0.0,0.0,0.0,0.0,0.0,0.0,0.0,0.0,0.0,0.0,0.0,0.0,0.0,0.0,0.0,2.0,algo_no_comparison_result_sampled,D:\בעלי תשובה\אחיה רובין\ונזכה,D:\בעלי תשובה\סנדי שמואלי\בעזרת השם
128.0,128.0,0.0,1.0,0.0,0.0,0.21394797205483929,1.0,0.7860520279451607,0.32470163567732774,1.0,0.6752983643226722,0.0,0.0,0.0,0.0,0.0,0.4986924166778455,0.19840686774010852,0.0557993716231264,0.0,0.0,0.0,0.41666666666666663,0.0,0.24867044848212194,0.0,1.0,1.0,2.0,algo_low_certainty_sampled,D:\בעלי תשובה\ישראל דגן\תנו לי את לבכם,D:\בעלי תשובה\ברק כהן\כי לא ינום
128.0,128.0,0.0,1.0,0.0,0.0,0.2139713364504999,0.4261133624252772,0.2121420259747773,0.21586764519215973,0.4261133624252772,0.21024571723311747,0.0,0.0,0.0,0.0,0.0,0.0,0.0,0.0,0.0,0.0,0.0,0.0,0.0,0.0,0.0,0.0,0.0,2.0,algo_no_comparison_result_sampled,D:\בעלי תשובה\אנסמבל שם-טוב לוי\תחנות רוח,D:\בעלי תשובה\יוסף (גלעד) קרדונר\בחירה - 03
32.0,128.0,96.0,0.25,1.0,1.0,0.0,0.306539294039294,0.306539294039294,0.0,0.306539294039294,0.306539294039294,0.0,0.0,0.0,0.0,0.0,0.5252602578027316,0.4537581699346405,0.0,0.0,0.0,0.0,0.31999999999999995,0.0,0.0,0.0,0.0,0.0,2.0,algo_low_certainty_sampled,D:\בעלי תשובה\ארז משה דורון\028 חינוך ילדים,D:\בעלי תשובה\בהרוז אהרוני\שירת השבים
192.0,128.0,64.0,0.6666666666666666,0.0,0.0,0.6993872645079584,0.6981405755041324,0.0012466890038259626,0.27946841589077837,0.28284348986098745,0.003375073970209086,0.0,0.0,0.0,0.0,0.0,0.29515060633728474,0.4690331572936147,0.2879598017425865,0.0,0.23529411764705888,0.0,0.21052631578947367,0.0,0.4806459389821043,0.0,1.0,1.0,2.0,algo_low_certainty_sampled,D:\בעלי תשובה\אהרון רזאל\אהבת חינם,D:\בעלי תשובה\עמיר בניון\עמיר בניון - עץ על מים האלבום
128.0,192.0,64.0,0.6666666666666666,0.0,0.0,0.6974116257476615,0.3067488807297329,0.3906627450179286,0.6974116257476615,0.3067488807297329,0.3906627450179286,0.0,1.0,0.0,0.0,0.0,0.4147705458486227,0.44620538216729455,0.29968607457231183,0.0,0.0,0.0,0.2702702702702703,0.0,0.31774974572955883,0.0,1.0,1.0,2.0,algo_low_certainty_sampled,D:\בעלי תשובה\חיות  הקודש,D:\בעלי תשובה\אהרון רזאל\אהרן רזאל - קבעתי את מושבי\אהרן רזאל - קבעתי את מושבי
128.0,128.0,0.0,1.0,0.0,0.0,0.22711722683296007,0.27622047176536346,0.049103244932403395,0.22711722683296007,0.27622047176536346,0.049103244932403395,0.0,0.0,0.0,0.0,0.0,0.7580675954423629,0.5037686787849508,0.3110163803490936,0.0,0.0,0.0,0.33333333333333337,0.0,0.6783289202244824,0.0,1.0,1.0,2.0,algo_low_certainty_sampled,D:\בעלי תשובה\יניב\קומי אורי,D:\בעלי תשובה\עקיבא מרגליות\לאורו נלך
128.0,128.0,0.0,1.0,0.0,0.0,1.0,0.27622047176536346,0.7237795282346365,0.2601616418210846,0.27622047176536346,0.016058829944278874,0.0,0.0,0.0,0.0,0.0,0.5735764319798226,0.22898780178322226,0.26194549616179713,0.0,0.0,0.0,0.21052631578947367,0.0,0.279628581890711,0.0,0.0,0.0,2.0,algo_low_certainty_sampled,D:\בעלי תשובה\נקודה טובה,D:\בעלי תשובה\עקיבא מרגליות\לאורו נלך
128.0,128.0,0.0,1.0,0.0,0.0,0.8534650546662002,0.2844109435360347,0.5690541111301655,0.8788867414094268,0.2844109435360347,0.5944757978733921,0.0,1.0,0.0,0.0,0.0,0.0,0.0,0.0,0.0,0.0,0.0,0.0,0.0,0.0,0.0,0.0,0.0,2.0,algo_no_comparison_result_sampled,D:\בעלי תשובה\סיני תור,D:\בעלי תשובה\אודי דוידי\אודי דוידי - בן אהוב
128.0,128.0,0.0,1.0,1.0,1.0,0.25256305214732394,0.2755814301892734,0.02301837804194945,0.25256305214732394,0.2755814301892734,0.02301837804194945,0.0,0.0,0.0,0.0,0.0,0.5780741758935641,0.5025153368488284,0.3047570494595666,0.0,0.0,0.0,0.0,0.0,0.25125826412953145,0.0,1.0,1.0,2.0,algo_low_certainty_sampled,D:\בעלי תשובה\יערות דבש-יצחק אזולאי\יערות דבש השיר והשבחלחי העולמים,D:\בעלי תשובה\יהודה גלאנץ\Phinar
192.0,98.9090909090909,93.0909090909091,0.5151515151515151,0.0,0.0,0.3067488807297329,0.2270135150184752,0.0797353657112577,0.3067488807297329,0.2270135150184752,0.0797353657112577,1.0,0.0,0.0,0.0,0.0,0.249840104979837,0.4670948955108013,0.2595453516660493,0.0,0.0,0.0,0.06666666666666665,0.0,0.44236993143292513,0.0,1.0,1.0,2.0,algo_low_certainty_sampled,D:\בעלי תשובה\אהרון רזאל\אהרן רזאל - קבעתי את מושבי\אהרן רזאל - קבעתי את מושבי,D:\בעלי תשובה\יצחק פוקס\פוקס
128.0,128.0,0.0,1.0,0.0,0.0,0.27114163132912755,0.22711722683296007,0.044024404496167485,0.27114163132912755,0.22711722683296007,0.044024404496167485,0.0,0.0,0.0,0.0,0.0,0.7934618275316595,0.4745807187972202,0.2234673268037602,0.0,0.0,0.0,0.2666666666666667,0.0,0.7178204995294144,0.0,1.0,1.0,2.0,algo_low_certainty_sampled,D:\בעלי תשובה\דב אינדיג\בת קול,D:\בעלי תשובה\יניב\קומי אורי
